[0.014s] Invoking command in '/home/jenter/package/work/build/yhs_can_interfaces': CMAKE_PREFIX_PATH=/opt/ros/humble /usr/bin/cmake --build /home/jenter/package/work/build/yhs_can_interfaces -- -j4 -l4
[0.053s] -- Found ament_cmake: 1.3.12 (/opt/ros/humble/share/ament_cmake/cmake)
[0.222s] -- Found rosidl_default_generators: 1.2.0 (/opt/ros/humble/share/rosidl_default_generators/cmake)
[0.224s] -- Using all available rosidl_typesupport_c: rosidl_typesupport_fastrtps_c;rosidl_typesupport_introspection_c
[0.228s] -- Found rosidl_adapter: 3.1.7 (/opt/ros/humble/share/rosidl_adapter/cmake)
[0.268s] -- Using all available rosidl_typesupport_cpp: rosidl_typesupport_fastrtps_cpp;rosidl_typesupport_introspection_cpp
[0.302s] -- Found std_msgs: 4.9.0 (/opt/ros/humble/share/std_msgs/cmake)
[0.836s] -- Found ament_cmake_ros: 0.10.0 (/opt/ros/humble/share/ament_cmake_ros/cmake)
[1.134s] -- Using all available rosidl_typesupport_c: rosidl_typesupport_fastrtps_c;rosidl_typesupport_introspection_c
[1.528s] -- Using all available rosidl_typesupport_cpp: rosidl_typesupport_fastrtps_cpp;rosidl_typesupport_introspection_cpp
[1.558s] -- Found python_cmake_module: 0.10.0 (/opt/ros/humble/share/python_cmake_module/cmake)
[1.588s] -- Using PYTHON_EXECUTABLE: /usr/bin/python3
[1.588s] -- Using PYTHON_INCLUDE_DIRS: /usr/include/python3.10
[1.589s] -- Using PYTHON_LIBRARIES: /usr/lib/x86_64-linux-gnu/libpython3.10.so
[1.628s] -- Found ament_lint_auto: 0.12.14 (/opt/ros/humble/share/ament_lint_auto/cmake)
[1.639s] -- Added test 'copyright' to check source files copyright and LICENSE
[1.642s] -- Added test 'lint_cmake' to check CMake code style
[1.644s] -- Added test 'xmllint' to check XML markup files
[1.646s] -- Configuring done
[1.734s] -- Generating done
[1.753s] -- Build files have been written to: /home/jenter/package/work/build/yhs_can_interfaces
[1.788s] [  0%] [34m[1mGenerating C code for ROS interfaces[0m
[1.809s] [  0%] [34m[1mGenerating C++ code for ROS interfaces[0m
[1.828s] [  0%] Built target ament_cmake_python_copy_yhs_can_interfaces
[2.319s] running egg_info
[2.321s] writing yhs_can_interfaces.egg-info/PKG-INFO
[2.322s] writing dependency_links to yhs_can_interfaces.egg-info/dependency_links.txt
[2.322s] writing top-level names to yhs_can_interfaces.egg-info/top_level.txt
[2.327s] reading manifest file 'yhs_can_interfaces.egg-info/SOURCES.txt'
[2.329s] writing manifest file 'yhs_can_interfaces.egg-info/SOURCES.txt'
[2.384s] [  0%] Built target ament_cmake_python_build_yhs_can_interfaces_egg
[4.932s] [  0%] Built target yhs_can_interfaces__cpp
[4.950s] [  3%] [34m[1mGenerating C++ type support for eProsima Fast-RTPS[0m
[4.950s] [  3%] [34m[1mGenerating C++ introspection for ROS interfaces[0m
[4.950s] [  3%] [34m[1mGenerating C++ type support dispatch for ROS interfaces[0m
[4.952s] [35m[1mConsolidate compiler generated dependencies of target yhs_can_interfaces__rosidl_generator_c[0m
[4.990s] [  4%] [32mBuilding C object CMakeFiles/yhs_can_interfaces__rosidl_generator_c.dir/rosidl_generator_c/yhs_can_interfaces/msg/detail/bms_flag_fb__functions.c.o[0m
[5.112s] [  4%] [32mBuilding C object CMakeFiles/yhs_can_interfaces__rosidl_generator_c.dir/rosidl_generator_c/yhs_can_interfaces/msg/detail/bms_fb__functions.c.o[0m
[5.209s] [  5%] [32mBuilding C object CMakeFiles/yhs_can_interfaces__rosidl_generator_c.dir/rosidl_generator_c/yhs_can_interfaces/msg/detail/chassis_info_fb__functions.c.o[0m
[5.333s] [  5%] [32mBuilding C object CMakeFiles/yhs_can_interfaces__rosidl_generator_c.dir/rosidl_generator_c/yhs_can_interfaces/msg/detail/ctrl_cmd__functions.c.o[0m
[5.428s] [  6%] [32mBuilding C object CMakeFiles/yhs_can_interfaces__rosidl_generator_c.dir/rosidl_generator_c/yhs_can_interfaces/msg/detail/ctrl_fb__functions.c.o[0m
[5.523s] [  6%] [32mBuilding C object CMakeFiles/yhs_can_interfaces__rosidl_generator_c.dir/rosidl_generator_c/yhs_can_interfaces/msg/detail/steering_ctrl_cmd__functions.c.o[0m
[5.617s] [  7%] [32mBuilding C object CMakeFiles/yhs_can_interfaces__rosidl_generator_c.dir/rosidl_generator_c/yhs_can_interfaces/msg/detail/steering_ctrl_fb__functions.c.o[0m
[5.712s] [  7%] [32mBuilding C object CMakeFiles/yhs_can_interfaces__rosidl_generator_c.dir/rosidl_generator_c/yhs_can_interfaces/msg/detail/front_angle_fb__functions.c.o[0m
[5.805s] [  8%] [32mBuilding C object CMakeFiles/yhs_can_interfaces__rosidl_generator_c.dir/rosidl_generator_c/yhs_can_interfaces/msg/detail/io_cmd__functions.c.o[0m
[5.901s] [  8%] [32mBuilding C object CMakeFiles/yhs_can_interfaces__rosidl_generator_c.dir/rosidl_generator_c/yhs_can_interfaces/msg/detail/io_fb__functions.c.o[0m
[6.002s] [  9%] [32mBuilding C object CMakeFiles/yhs_can_interfaces__rosidl_generator_c.dir/rosidl_generator_c/yhs_can_interfaces/msg/detail/lr_wheel_fb__functions.c.o[0m
[6.095s] [  9%] [32mBuilding C object CMakeFiles/yhs_can_interfaces__rosidl_generator_c.dir/rosidl_generator_c/yhs_can_interfaces/msg/detail/rr_wheel_fb__functions.c.o[0m
[6.190s] [ 10%] [32mBuilding C object CMakeFiles/yhs_can_interfaces__rosidl_generator_c.dir/rosidl_generator_c/yhs_can_interfaces/msg/detail/lf_wheel_fb__functions.c.o[0m
[6.283s] [ 10%] [32mBuilding C object CMakeFiles/yhs_can_interfaces__rosidl_generator_c.dir/rosidl_generator_c/yhs_can_interfaces/msg/detail/rf_wheel_fb__functions.c.o[0m
[6.376s] [ 11%] [32mBuilding C object CMakeFiles/yhs_can_interfaces__rosidl_generator_c.dir/rosidl_generator_c/yhs_can_interfaces/msg/detail/rear_angle_fb__functions.c.o[0m
[6.470s] [ 11%] [32mBuilding C object CMakeFiles/yhs_can_interfaces__rosidl_generator_c.dir/rosidl_generator_c/yhs_can_interfaces/msg/detail/ultrasonic__functions.c.o[0m
[6.564s] [ 12%] [32mBuilding C object CMakeFiles/yhs_can_interfaces__rosidl_generator_c.dir/rosidl_generator_c/yhs_can_interfaces/msg/detail/error_fb__functions.c.o[0m
[6.667s] [ 12%] [32mBuilding C object CMakeFiles/yhs_can_interfaces__rosidl_generator_c.dir/rosidl_generator_c/yhs_can_interfaces/msg/detail/motor_cmd__functions.c.o[0m
[6.765s] [ 13%] [32mBuilding C object CMakeFiles/yhs_can_interfaces__rosidl_generator_c.dir/rosidl_generator_c/yhs_can_interfaces/msg/detail/motor_fb__functions.c.o[0m
[6.862s] [ 14%] [32mBuilding C object CMakeFiles/yhs_can_interfaces__rosidl_generator_c.dir/rosidl_generator_c/yhs_can_interfaces/msg/detail/drive_motor_current_fb__functions.c.o[0m
[6.906s] [35m[1mConsolidate compiler generated dependencies of target yhs_can_interfaces__rosidl_typesupport_cpp[0m
[6.958s] [ 14%] [32mBuilding CXX object CMakeFiles/yhs_can_interfaces__rosidl_typesupport_cpp.dir/rosidl_typesupport_cpp/yhs_can_interfaces/msg/bms_flag_fb__type_support.cpp.o[0m
[6.966s] [ 14%] [32mBuilding C object CMakeFiles/yhs_can_interfaces__rosidl_generator_c.dir/rosidl_generator_c/yhs_can_interfaces/msg/detail/steering_motor_current_fb__functions.c.o[0m
[7.074s] [ 15%] [32m[1mLinking C shared library libyhs_can_interfaces__rosidl_generator_c.so[0m
[7.163s] [ 15%] Built target yhs_can_interfaces__rosidl_generator_c
[7.183s] [ 16%] [34m[1mGenerating C type support for eProsima Fast-RTPS[0m
[7.609s] [ 17%] [32mBuilding CXX object CMakeFiles/yhs_can_interfaces__rosidl_typesupport_cpp.dir/rosidl_typesupport_cpp/yhs_can_interfaces/msg/bms_fb__type_support.cpp.o[0m
[7.614s] [35m[1mConsolidate compiler generated dependencies of target yhs_can_interfaces__rosidl_typesupport_introspection_cpp[0m
[7.668s] [ 18%] [32mBuilding CXX object CMakeFiles/yhs_can_interfaces__rosidl_typesupport_introspection_cpp.dir/rosidl_typesupport_introspection_cpp/yhs_can_interfaces/msg/detail/bms_flag_fb__type_support.cpp.o[0m
[8.164s] [35m[1mConsolidate compiler generated dependencies of target yhs_can_interfaces__rosidl_typesupport_fastrtps_cpp[0m
[8.227s] [ 18%] [32mBuilding CXX object CMakeFiles/yhs_can_interfaces__rosidl_typesupport_fastrtps_cpp.dir/rosidl_typesupport_fastrtps_cpp/yhs_can_interfaces/msg/detail/dds_fastrtps/bms_flag_fb__type_support.cpp.o[0m
[8.233s] [ 18%] [32mBuilding CXX object CMakeFiles/yhs_can_interfaces__rosidl_typesupport_cpp.dir/rosidl_typesupport_cpp/yhs_can_interfaces/msg/chassis_info_fb__type_support.cpp.o[0m
[8.558s] [ 18%] [32mBuilding CXX object CMakeFiles/yhs_can_interfaces__rosidl_typesupport_introspection_cpp.dir/rosidl_typesupport_introspection_cpp/yhs_can_interfaces/msg/detail/bms_fb__type_support.cpp.o[0m
[8.879s] [ 19%] [32mBuilding CXX object CMakeFiles/yhs_can_interfaces__rosidl_typesupport_cpp.dir/rosidl_typesupport_cpp/yhs_can_interfaces/msg/ctrl_cmd__type_support.cpp.o[0m
[9.177s] [ 20%] [32mBuilding CXX object CMakeFiles/yhs_can_interfaces__rosidl_typesupport_fastrtps_cpp.dir/rosidl_typesupport_fastrtps_cpp/yhs_can_interfaces/msg/detail/dds_fastrtps/bms_fb__type_support.cpp.o[0m
[9.438s] [ 21%] [32mBuilding CXX object CMakeFiles/yhs_can_interfaces__rosidl_typesupport_introspection_cpp.dir/rosidl_typesupport_introspection_cpp/yhs_can_interfaces/msg/detail/chassis_info_fb__type_support.cpp.o[0m
[9.498s] [ 21%] [32mBuilding CXX object CMakeFiles/yhs_can_interfaces__rosidl_typesupport_cpp.dir/rosidl_typesupport_cpp/yhs_can_interfaces/msg/ctrl_fb__type_support.cpp.o[0m
[10.125s] [ 21%] [32mBuilding CXX object CMakeFiles/yhs_can_interfaces__rosidl_typesupport_fastrtps_cpp.dir/rosidl_typesupport_fastrtps_cpp/yhs_can_interfaces/msg/detail/dds_fastrtps/chassis_info_fb__type_support.cpp.o[0m
[10.131s] [ 22%] [32mBuilding CXX object CMakeFiles/yhs_can_interfaces__rosidl_typesupport_cpp.dir/rosidl_typesupport_cpp/yhs_can_interfaces/msg/steering_ctrl_cmd__type_support.cpp.o[0m
[10.426s] [ 22%] [32mBuilding CXX object CMakeFiles/yhs_can_interfaces__rosidl_typesupport_introspection_cpp.dir/rosidl_typesupport_introspection_cpp/yhs_can_interfaces/msg/detail/ctrl_cmd__type_support.cpp.o[0m
[10.486s] [35m[1mConsolidate compiler generated dependencies of target yhs_can_interfaces__rosidl_typesupport_fastrtps_c[0m
[10.545s] [ 22%] [32mBuilding CXX object CMakeFiles/yhs_can_interfaces__rosidl_typesupport_fastrtps_c.dir/rosidl_typesupport_fastrtps_c/yhs_can_interfaces/msg/detail/bms_flag_fb__type_support_c.cpp.o[0m
[10.752s] [ 22%] [32mBuilding CXX object CMakeFiles/yhs_can_interfaces__rosidl_typesupport_cpp.dir/rosidl_typesupport_cpp/yhs_can_interfaces/msg/steering_ctrl_fb__type_support.cpp.o[0m
[11.129s] [ 23%] [32mBuilding CXX object CMakeFiles/yhs_can_interfaces__rosidl_typesupport_fastrtps_cpp.dir/rosidl_typesupport_fastrtps_cpp/yhs_can_interfaces/msg/detail/dds_fastrtps/ctrl_cmd__type_support.cpp.o[0m
[11.329s] [ 24%] [32mBuilding CXX object CMakeFiles/yhs_can_interfaces__rosidl_typesupport_introspection_cpp.dir/rosidl_typesupport_introspection_cpp/yhs_can_interfaces/msg/detail/ctrl_fb__type_support.cpp.o[0m
[11.358s] [ 25%] [32mBuilding CXX object CMakeFiles/yhs_can_interfaces__rosidl_typesupport_fastrtps_c.dir/rosidl_typesupport_fastrtps_c/yhs_can_interfaces/msg/detail/bms_fb__type_support_c.cpp.o[0m
[11.382s] [ 26%] [32mBuilding CXX object CMakeFiles/yhs_can_interfaces__rosidl_typesupport_cpp.dir/rosidl_typesupport_cpp/yhs_can_interfaces/msg/front_angle_fb__type_support.cpp.o[0m
[12.008s] [ 26%] [32mBuilding CXX object CMakeFiles/yhs_can_interfaces__rosidl_typesupport_cpp.dir/rosidl_typesupport_cpp/yhs_can_interfaces/msg/io_cmd__type_support.cpp.o[0m
[12.066s] [ 26%] [32mBuilding CXX object CMakeFiles/yhs_can_interfaces__rosidl_typesupport_fastrtps_cpp.dir/rosidl_typesupport_fastrtps_cpp/yhs_can_interfaces/msg/detail/dds_fastrtps/ctrl_fb__type_support.cpp.o[0m
[12.154s] [ 26%] [32mBuilding CXX object CMakeFiles/yhs_can_interfaces__rosidl_typesupport_fastrtps_c.dir/rosidl_typesupport_fastrtps_c/yhs_can_interfaces/msg/detail/chassis_info_fb__type_support_c.cpp.o[0m
[12.231s] [ 26%] [32mBuilding CXX object CMakeFiles/yhs_can_interfaces__rosidl_typesupport_introspection_cpp.dir/rosidl_typesupport_introspection_cpp/yhs_can_interfaces/msg/detail/steering_ctrl_cmd__type_support.cpp.o[0m
[12.626s] [ 27%] [32mBuilding CXX object CMakeFiles/yhs_can_interfaces__rosidl_typesupport_cpp.dir/rosidl_typesupport_cpp/yhs_can_interfaces/msg/io_fb__type_support.cpp.o[0m
[12.998s] [ 28%] [32mBuilding CXX object CMakeFiles/yhs_can_interfaces__rosidl_typesupport_fastrtps_cpp.dir/rosidl_typesupport_fastrtps_cpp/yhs_can_interfaces/msg/detail/dds_fastrtps/steering_ctrl_cmd__type_support.cpp.o[0m
[12.998s] [ 29%] [32mBuilding CXX object CMakeFiles/yhs_can_interfaces__rosidl_typesupport_fastrtps_c.dir/rosidl_typesupport_fastrtps_c/yhs_can_interfaces/msg/detail/ctrl_cmd__type_support_c.cpp.o[0m
[13.122s] [ 30%] [32mBuilding CXX object CMakeFiles/yhs_can_interfaces__rosidl_typesupport_introspection_cpp.dir/rosidl_typesupport_introspection_cpp/yhs_can_interfaces/msg/detail/steering_ctrl_fb__type_support.cpp.o[0m
[13.256s] [ 30%] [32mBuilding CXX object CMakeFiles/yhs_can_interfaces__rosidl_typesupport_cpp.dir/rosidl_typesupport_cpp/yhs_can_interfaces/msg/lr_wheel_fb__type_support.cpp.o[0m
[13.793s] [ 30%] [32mBuilding CXX object CMakeFiles/yhs_can_interfaces__rosidl_typesupport_fastrtps_c.dir/rosidl_typesupport_fastrtps_c/yhs_can_interfaces/msg/detail/ctrl_fb__type_support_c.cpp.o[0m
[13.889s] [ 31%] [32mBuilding CXX object CMakeFiles/yhs_can_interfaces__rosidl_typesupport_cpp.dir/rosidl_typesupport_cpp/yhs_can_interfaces/msg/rr_wheel_fb__type_support.cpp.o[0m
[13.932s] [ 32%] [32mBuilding CXX object CMakeFiles/yhs_can_interfaces__rosidl_typesupport_fastrtps_cpp.dir/rosidl_typesupport_fastrtps_cpp/yhs_can_interfaces/msg/detail/dds_fastrtps/steering_ctrl_fb__type_support.cpp.o[0m
[14.019s] [ 32%] [32mBuilding CXX object CMakeFiles/yhs_can_interfaces__rosidl_typesupport_introspection_cpp.dir/rosidl_typesupport_introspection_cpp/yhs_can_interfaces/msg/detail/front_angle_fb__type_support.cpp.o[0m
[14.510s] [ 33%] [32mBuilding CXX object CMakeFiles/yhs_can_interfaces__rosidl_typesupport_cpp.dir/rosidl_typesupport_cpp/yhs_can_interfaces/msg/lf_wheel_fb__type_support.cpp.o[0m
[14.588s] [ 34%] [32mBuilding CXX object CMakeFiles/yhs_can_interfaces__rosidl_typesupport_fastrtps_c.dir/rosidl_typesupport_fastrtps_c/yhs_can_interfaces/msg/detail/steering_ctrl_cmd__type_support_c.cpp.o[0m
[14.887s] [ 34%] [32mBuilding CXX object CMakeFiles/yhs_can_interfaces__rosidl_typesupport_fastrtps_cpp.dir/rosidl_typesupport_fastrtps_cpp/yhs_can_interfaces/msg/detail/dds_fastrtps/front_angle_fb__type_support.cpp.o[0m
[14.910s] [ 35%] [32mBuilding CXX object CMakeFiles/yhs_can_interfaces__rosidl_typesupport_introspection_cpp.dir/rosidl_typesupport_introspection_cpp/yhs_can_interfaces/msg/detail/io_cmd__type_support.cpp.o[0m
[15.131s] [ 35%] [32mBuilding CXX object CMakeFiles/yhs_can_interfaces__rosidl_typesupport_cpp.dir/rosidl_typesupport_cpp/yhs_can_interfaces/msg/rf_wheel_fb__type_support.cpp.o[0m
[15.374s] [ 35%] [32mBuilding CXX object CMakeFiles/yhs_can_interfaces__rosidl_typesupport_fastrtps_c.dir/rosidl_typesupport_fastrtps_c/yhs_can_interfaces/msg/detail/steering_ctrl_fb__type_support_c.cpp.o[0m
[15.763s] [ 36%] [32mBuilding CXX object CMakeFiles/yhs_can_interfaces__rosidl_typesupport_cpp.dir/rosidl_typesupport_cpp/yhs_can_interfaces/msg/rear_angle_fb__type_support.cpp.o[0m
[15.811s] [ 36%] [32mBuilding CXX object CMakeFiles/yhs_can_interfaces__rosidl_typesupport_introspection_cpp.dir/rosidl_typesupport_introspection_cpp/yhs_can_interfaces/msg/detail/io_fb__type_support.cpp.o[0m
[15.821s] [ 37%] [32mBuilding CXX object CMakeFiles/yhs_can_interfaces__rosidl_typesupport_fastrtps_cpp.dir/rosidl_typesupport_fastrtps_cpp/yhs_can_interfaces/msg/detail/dds_fastrtps/io_cmd__type_support.cpp.o[0m
[16.168s] [ 38%] [32mBuilding CXX object CMakeFiles/yhs_can_interfaces__rosidl_typesupport_fastrtps_c.dir/rosidl_typesupport_fastrtps_c/yhs_can_interfaces/msg/detail/front_angle_fb__type_support_c.cpp.o[0m
[16.381s] [ 38%] [32mBuilding CXX object CMakeFiles/yhs_can_interfaces__rosidl_typesupport_cpp.dir/rosidl_typesupport_cpp/yhs_can_interfaces/msg/ultrasonic__type_support.cpp.o[0m
[16.722s] [ 39%] [32mBuilding CXX object CMakeFiles/yhs_can_interfaces__rosidl_typesupport_introspection_cpp.dir/rosidl_typesupport_introspection_cpp/yhs_can_interfaces/msg/detail/lr_wheel_fb__type_support.cpp.o[0m
[16.763s] [ 39%] [32mBuilding CXX object CMakeFiles/yhs_can_interfaces__rosidl_typesupport_fastrtps_cpp.dir/rosidl_typesupport_fastrtps_cpp/yhs_can_interfaces/msg/detail/dds_fastrtps/io_fb__type_support.cpp.o[0m
[16.957s] [ 39%] [32mBuilding CXX object CMakeFiles/yhs_can_interfaces__rosidl_typesupport_fastrtps_c.dir/rosidl_typesupport_fastrtps_c/yhs_can_interfaces/msg/detail/io_cmd__type_support_c.cpp.o[0m
[17.007s] [ 40%] [32mBuilding CXX object CMakeFiles/yhs_can_interfaces__rosidl_typesupport_cpp.dir/rosidl_typesupport_cpp/yhs_can_interfaces/msg/error_fb__type_support.cpp.o[0m
[17.615s] [ 40%] [32mBuilding CXX object CMakeFiles/yhs_can_interfaces__rosidl_typesupport_introspection_cpp.dir/rosidl_typesupport_introspection_cpp/yhs_can_interfaces/msg/detail/rr_wheel_fb__type_support.cpp.o[0m
[17.636s] [ 40%] [32mBuilding CXX object CMakeFiles/yhs_can_interfaces__rosidl_typesupport_cpp.dir/rosidl_typesupport_cpp/yhs_can_interfaces/msg/motor_cmd__type_support.cpp.o[0m
[17.745s] [ 41%] [32mBuilding CXX object CMakeFiles/yhs_can_interfaces__rosidl_typesupport_fastrtps_cpp.dir/rosidl_typesupport_fastrtps_cpp/yhs_can_interfaces/msg/detail/dds_fastrtps/lr_wheel_fb__type_support.cpp.o[0m
[17.754s] [ 42%] [32mBuilding CXX object CMakeFiles/yhs_can_interfaces__rosidl_typesupport_fastrtps_c.dir/rosidl_typesupport_fastrtps_c/yhs_can_interfaces/msg/detail/io_fb__type_support_c.cpp.o[0m
[18.257s] [ 43%] [32mBuilding CXX object CMakeFiles/yhs_can_interfaces__rosidl_typesupport_cpp.dir/rosidl_typesupport_cpp/yhs_can_interfaces/msg/motor_fb__type_support.cpp.o[0m
[18.504s] [ 44%] [32mBuilding CXX object CMakeFiles/yhs_can_interfaces__rosidl_typesupport_introspection_cpp.dir/rosidl_typesupport_introspection_cpp/yhs_can_interfaces/msg/detail/lf_wheel_fb__type_support.cpp.o[0m
[18.587s] [ 45%] [32mBuilding CXX object CMakeFiles/yhs_can_interfaces__rosidl_typesupport_fastrtps_c.dir/rosidl_typesupport_fastrtps_c/yhs_can_interfaces/msg/detail/lr_wheel_fb__type_support_c.cpp.o[0m
[18.677s] [ 45%] [32mBuilding CXX object CMakeFiles/yhs_can_interfaces__rosidl_typesupport_fastrtps_cpp.dir/rosidl_typesupport_fastrtps_cpp/yhs_can_interfaces/msg/detail/dds_fastrtps/rr_wheel_fb__type_support.cpp.o[0m
[18.880s] [ 45%] [32mBuilding CXX object CMakeFiles/yhs_can_interfaces__rosidl_typesupport_cpp.dir/rosidl_typesupport_cpp/yhs_can_interfaces/msg/drive_motor_current_fb__type_support.cpp.o[0m
[19.376s] [ 45%] [32mBuilding CXX object CMakeFiles/yhs_can_interfaces__rosidl_typesupport_fastrtps_c.dir/rosidl_typesupport_fastrtps_c/yhs_can_interfaces/msg/detail/rr_wheel_fb__type_support_c.cpp.o[0m
[19.408s] [ 45%] [32mBuilding CXX object CMakeFiles/yhs_can_interfaces__rosidl_typesupport_introspection_cpp.dir/rosidl_typesupport_introspection_cpp/yhs_can_interfaces/msg/detail/rf_wheel_fb__type_support.cpp.o[0m
[19.514s] [ 46%] [32mBuilding CXX object CMakeFiles/yhs_can_interfaces__rosidl_typesupport_cpp.dir/rosidl_typesupport_cpp/yhs_can_interfaces/msg/steering_motor_current_fb__type_support.cpp.o[0m
[19.604s] [ 47%] [32mBuilding CXX object CMakeFiles/yhs_can_interfaces__rosidl_typesupport_fastrtps_cpp.dir/rosidl_typesupport_fastrtps_cpp/yhs_can_interfaces/msg/detail/dds_fastrtps/lf_wheel_fb__type_support.cpp.o[0m
[20.141s] [ 47%] [32m[1mLinking CXX shared library libyhs_can_interfaces__rosidl_typesupport_cpp.so[0m
[20.162s] [ 48%] [32mBuilding CXX object CMakeFiles/yhs_can_interfaces__rosidl_typesupport_fastrtps_c.dir/rosidl_typesupport_fastrtps_c/yhs_can_interfaces/msg/detail/lf_wheel_fb__type_support_c.cpp.o[0m
[20.236s] [ 48%] Built target yhs_can_interfaces__rosidl_typesupport_cpp
[20.258s] [ 49%] [34m[1mGenerating C introspection for ROS interfaces[0m
[20.318s] [ 50%] [32mBuilding CXX object CMakeFiles/yhs_can_interfaces__rosidl_typesupport_introspection_cpp.dir/rosidl_typesupport_introspection_cpp/yhs_can_interfaces/msg/detail/rear_angle_fb__type_support.cpp.o[0m
[20.543s] [ 50%] [32mBuilding CXX object CMakeFiles/yhs_can_interfaces__rosidl_typesupport_fastrtps_cpp.dir/rosidl_typesupport_fastrtps_cpp/yhs_can_interfaces/msg/detail/dds_fastrtps/rf_wheel_fb__type_support.cpp.o[0m
[20.940s] [ 50%] [32mBuilding CXX object CMakeFiles/yhs_can_interfaces__rosidl_typesupport_fastrtps_c.dir/rosidl_typesupport_fastrtps_c/yhs_can_interfaces/msg/detail/rf_wheel_fb__type_support_c.cpp.o[0m
[21.209s] [ 50%] [32mBuilding CXX object CMakeFiles/yhs_can_interfaces__rosidl_typesupport_introspection_cpp.dir/rosidl_typesupport_introspection_cpp/yhs_can_interfaces/msg/detail/ultrasonic__type_support.cpp.o[0m
[21.463s] [ 51%] [32mBuilding CXX object CMakeFiles/yhs_can_interfaces__rosidl_typesupport_fastrtps_cpp.dir/rosidl_typesupport_fastrtps_cpp/yhs_can_interfaces/msg/detail/dds_fastrtps/rear_angle_fb__type_support.cpp.o[0m
[21.721s] [ 52%] [32mBuilding CXX object CMakeFiles/yhs_can_interfaces__rosidl_typesupport_fastrtps_c.dir/rosidl_typesupport_fastrtps_c/yhs_can_interfaces/msg/detail/rear_angle_fb__type_support_c.cpp.o[0m
[22.098s] [ 53%] [32mBuilding CXX object CMakeFiles/yhs_can_interfaces__rosidl_typesupport_introspection_cpp.dir/rosidl_typesupport_introspection_cpp/yhs_can_interfaces/msg/detail/error_fb__type_support.cpp.o[0m
[22.383s] [ 53%] [32mBuilding CXX object CMakeFiles/yhs_can_interfaces__rosidl_typesupport_fastrtps_cpp.dir/rosidl_typesupport_fastrtps_cpp/yhs_can_interfaces/msg/detail/dds_fastrtps/ultrasonic__type_support.cpp.o[0m
[22.500s] [ 53%] [32mBuilding CXX object CMakeFiles/yhs_can_interfaces__rosidl_typesupport_fastrtps_c.dir/rosidl_typesupport_fastrtps_c/yhs_can_interfaces/msg/detail/ultrasonic__type_support_c.cpp.o[0m
[23.016s] [ 53%] [32mBuilding CXX object CMakeFiles/yhs_can_interfaces__rosidl_typesupport_introspection_cpp.dir/rosidl_typesupport_introspection_cpp/yhs_can_interfaces/msg/detail/motor_cmd__type_support.cpp.o[0m
[23.238s] [35m[1mConsolidate compiler generated dependencies of target yhs_can_interfaces__rosidl_typesupport_introspection_c[0m
[23.277s] [ 53%] [32mBuilding C object CMakeFiles/yhs_can_interfaces__rosidl_typesupport_introspection_c.dir/rosidl_typesupport_introspection_c/yhs_can_interfaces/msg/detail/bms_flag_fb__type_support.c.o[0m
[23.303s] [ 54%] [32mBuilding CXX object CMakeFiles/yhs_can_interfaces__rosidl_typesupport_fastrtps_c.dir/rosidl_typesupport_fastrtps_c/yhs_can_interfaces/msg/detail/error_fb__type_support_c.cpp.o[0m
[23.326s] [ 55%] [32mBuilding CXX object CMakeFiles/yhs_can_interfaces__rosidl_typesupport_fastrtps_cpp.dir/rosidl_typesupport_fastrtps_cpp/yhs_can_interfaces/msg/detail/dds_fastrtps/error_fb__type_support.cpp.o[0m
[23.348s] [ 56%] [32mBuilding C object CMakeFiles/yhs_can_interfaces__rosidl_typesupport_introspection_c.dir/rosidl_typesupport_introspection_c/yhs_can_interfaces/msg/detail/bms_fb__type_support.c.o[0m
[23.426s] [ 56%] [32mBuilding C object CMakeFiles/yhs_can_interfaces__rosidl_typesupport_introspection_c.dir/rosidl_typesupport_introspection_c/yhs_can_interfaces/msg/detail/chassis_info_fb__type_support.c.o[0m
[23.514s] [ 57%] [32mBuilding C object CMakeFiles/yhs_can_interfaces__rosidl_typesupport_introspection_c.dir/rosidl_typesupport_introspection_c/yhs_can_interfaces/msg/detail/ctrl_cmd__type_support.c.o[0m
[23.583s] [ 58%] [32mBuilding C object CMakeFiles/yhs_can_interfaces__rosidl_typesupport_introspection_c.dir/rosidl_typesupport_introspection_c/yhs_can_interfaces/msg/detail/ctrl_fb__type_support.c.o[0m
[23.668s] [ 58%] [32mBuilding C object CMakeFiles/yhs_can_interfaces__rosidl_typesupport_introspection_c.dir/rosidl_typesupport_introspection_c/yhs_can_interfaces/msg/detail/steering_ctrl_cmd__type_support.c.o[0m
[23.754s] [ 59%] [32mBuilding C object CMakeFiles/yhs_can_interfaces__rosidl_typesupport_introspection_c.dir/rosidl_typesupport_introspection_c/yhs_can_interfaces/msg/detail/steering_ctrl_fb__type_support.c.o[0m
[23.824s] [ 59%] [32mBuilding C object CMakeFiles/yhs_can_interfaces__rosidl_typesupport_introspection_c.dir/rosidl_typesupport_introspection_c/yhs_can_interfaces/msg/detail/front_angle_fb__type_support.c.o[0m
[23.911s] [ 61%] [32mBuilding C object CMakeFiles/yhs_can_interfaces__rosidl_typesupport_introspection_c.dir/rosidl_typesupport_introspection_c/yhs_can_interfaces/msg/detail/io_cmd__type_support.c.o[0m
[23.911s] [ 61%] [32mBuilding CXX object CMakeFiles/yhs_can_interfaces__rosidl_typesupport_introspection_cpp.dir/rosidl_typesupport_introspection_cpp/yhs_can_interfaces/msg/detail/motor_fb__type_support.cpp.o[0m
[23.978s] [ 61%] [32mBuilding C object CMakeFiles/yhs_can_interfaces__rosidl_typesupport_introspection_c.dir/rosidl_typesupport_introspection_c/yhs_can_interfaces/msg/detail/io_fb__type_support.c.o[0m
[24.063s] [ 62%] [32mBuilding C object CMakeFiles/yhs_can_interfaces__rosidl_typesupport_introspection_c.dir/rosidl_typesupport_introspection_c/yhs_can_interfaces/msg/detail/lr_wheel_fb__type_support.c.o[0m
[24.105s] [ 62%] [32mBuilding CXX object CMakeFiles/yhs_can_interfaces__rosidl_typesupport_fastrtps_c.dir/rosidl_typesupport_fastrtps_c/yhs_can_interfaces/msg/detail/motor_cmd__type_support_c.cpp.o[0m
[24.130s] [ 62%] [32mBuilding C object CMakeFiles/yhs_can_interfaces__rosidl_typesupport_introspection_c.dir/rosidl_typesupport_introspection_c/yhs_can_interfaces/msg/detail/rr_wheel_fb__type_support.c.o[0m
[24.210s] [ 63%] [32mBuilding C object CMakeFiles/yhs_can_interfaces__rosidl_typesupport_introspection_c.dir/rosidl_typesupport_introspection_c/yhs_can_interfaces/msg/detail/lf_wheel_fb__type_support.c.o[0m
[24.264s] [ 63%] [32mBuilding CXX object CMakeFiles/yhs_can_interfaces__rosidl_typesupport_fastrtps_cpp.dir/rosidl_typesupport_fastrtps_cpp/yhs_can_interfaces/msg/detail/dds_fastrtps/motor_cmd__type_support.cpp.o[0m
[24.276s] [ 63%] [32mBuilding C object CMakeFiles/yhs_can_interfaces__rosidl_typesupport_introspection_c.dir/rosidl_typesupport_introspection_c/yhs_can_interfaces/msg/detail/rf_wheel_fb__type_support.c.o[0m
[24.354s] [ 64%] [32mBuilding C object CMakeFiles/yhs_can_interfaces__rosidl_typesupport_introspection_c.dir/rosidl_typesupport_introspection_c/yhs_can_interfaces/msg/detail/rear_angle_fb__type_support.c.o[0m
[24.420s] [ 64%] [32mBuilding C object CMakeFiles/yhs_can_interfaces__rosidl_typesupport_introspection_c.dir/rosidl_typesupport_introspection_c/yhs_can_interfaces/msg/detail/ultrasonic__type_support.c.o[0m
[24.502s] [ 65%] [32mBuilding C object CMakeFiles/yhs_can_interfaces__rosidl_typesupport_introspection_c.dir/rosidl_typesupport_introspection_c/yhs_can_interfaces/msg/detail/error_fb__type_support.c.o[0m
[24.571s] [ 65%] [32mBuilding C object CMakeFiles/yhs_can_interfaces__rosidl_typesupport_introspection_c.dir/rosidl_typesupport_introspection_c/yhs_can_interfaces/msg/detail/motor_cmd__type_support.c.o[0m
[24.651s] [ 66%] [32mBuilding C object CMakeFiles/yhs_can_interfaces__rosidl_typesupport_introspection_c.dir/rosidl_typesupport_introspection_c/yhs_can_interfaces/msg/detail/motor_fb__type_support.c.o[0m
[24.720s] [ 66%] [32mBuilding C object CMakeFiles/yhs_can_interfaces__rosidl_typesupport_introspection_c.dir/rosidl_typesupport_introspection_c/yhs_can_interfaces/msg/detail/drive_motor_current_fb__type_support.c.o[0m
[24.806s] [ 67%] [32mBuilding CXX object CMakeFiles/yhs_can_interfaces__rosidl_typesupport_introspection_cpp.dir/rosidl_typesupport_introspection_cpp/yhs_can_interfaces/msg/detail/drive_motor_current_fb__type_support.cpp.o[0m
[24.806s] [ 67%] [32mBuilding C object CMakeFiles/yhs_can_interfaces__rosidl_typesupport_introspection_c.dir/rosidl_typesupport_introspection_c/yhs_can_interfaces/msg/detail/steering_motor_current_fb__type_support.c.o[0m
[24.872s] [ 67%] [32m[1mLinking C shared library libyhs_can_interfaces__rosidl_typesupport_introspection_c.so[0m
[24.910s] [ 68%] [32mBuilding CXX object CMakeFiles/yhs_can_interfaces__rosidl_typesupport_fastrtps_c.dir/rosidl_typesupport_fastrtps_c/yhs_can_interfaces/msg/detail/motor_fb__type_support_c.cpp.o[0m
[24.946s] [ 68%] Built target yhs_can_interfaces__rosidl_typesupport_introspection_c
[24.968s] [ 69%] [34m[1mGenerating C type support dispatch for ROS interfaces[0m
[25.230s] [ 70%] [32mBuilding CXX object CMakeFiles/yhs_can_interfaces__rosidl_typesupport_fastrtps_cpp.dir/rosidl_typesupport_fastrtps_cpp/yhs_can_interfaces/msg/detail/dds_fastrtps/motor_fb__type_support.cpp.o[0m
[25.689s] [ 71%] [32mBuilding CXX object CMakeFiles/yhs_can_interfaces__rosidl_typesupport_introspection_cpp.dir/rosidl_typesupport_introspection_cpp/yhs_can_interfaces/msg/detail/steering_motor_current_fb__type_support.cpp.o[0m
[25.697s] [ 71%] [32mBuilding CXX object CMakeFiles/yhs_can_interfaces__rosidl_typesupport_fastrtps_c.dir/rosidl_typesupport_fastrtps_c/yhs_can_interfaces/msg/detail/drive_motor_current_fb__type_support_c.cpp.o[0m
[26.170s] [ 71%] [32mBuilding CXX object CMakeFiles/yhs_can_interfaces__rosidl_typesupport_fastrtps_cpp.dir/rosidl_typesupport_fastrtps_cpp/yhs_can_interfaces/msg/detail/dds_fastrtps/drive_motor_current_fb__type_support.cpp.o[0m
[26.484s] [ 72%] [32mBuilding CXX object CMakeFiles/yhs_can_interfaces__rosidl_typesupport_fastrtps_c.dir/rosidl_typesupport_fastrtps_c/yhs_can_interfaces/msg/detail/steering_motor_current_fb__type_support_c.cpp.o[0m
[26.563s] [ 73%] [32m[1mLinking CXX shared library libyhs_can_interfaces__rosidl_typesupport_introspection_cpp.so[0m
[26.723s] [ 73%] Built target yhs_can_interfaces__rosidl_typesupport_introspection_cpp
[26.741s] [ 74%] [32mBuilding CXX object CMakeFiles/yhs_can_interfaces__rosidl_typesupport_fastrtps_cpp.dir/rosidl_typesupport_fastrtps_cpp/yhs_can_interfaces/msg/detail/dds_fastrtps/steering_motor_current_fb__type_support.cpp.o[0m
[27.050s] [35m[1mConsolidate compiler generated dependencies of target yhs_can_interfaces__rosidl_typesupport_c[0m
[27.082s] [ 74%] [32mBuilding CXX object CMakeFiles/yhs_can_interfaces__rosidl_typesupport_c.dir/rosidl_typesupport_c/yhs_can_interfaces/msg/bms_flag_fb__type_support.cpp.o[0m
[27.140s] [ 75%] [32mBuilding CXX object CMakeFiles/yhs_can_interfaces__rosidl_typesupport_c.dir/rosidl_typesupport_c/yhs_can_interfaces/msg/bms_fb__type_support.cpp.o[0m
[27.145s] [ 75%] [32mBuilding CXX object CMakeFiles/yhs_can_interfaces__rosidl_typesupport_c.dir/rosidl_typesupport_c/yhs_can_interfaces/msg/chassis_info_fb__type_support.cpp.o[0m
[27.202s] [ 76%] [32mBuilding CXX object CMakeFiles/yhs_can_interfaces__rosidl_typesupport_c.dir/rosidl_typesupport_c/yhs_can_interfaces/msg/ctrl_cmd__type_support.cpp.o[0m
[27.211s] [ 76%] [32mBuilding CXX object CMakeFiles/yhs_can_interfaces__rosidl_typesupport_c.dir/rosidl_typesupport_c/yhs_can_interfaces/msg/ctrl_fb__type_support.cpp.o[0m
[27.264s] [ 77%] [32mBuilding CXX object CMakeFiles/yhs_can_interfaces__rosidl_typesupport_c.dir/rosidl_typesupport_c/yhs_can_interfaces/msg/steering_ctrl_cmd__type_support.cpp.o[0m
[27.273s] [ 77%] [32mBuilding CXX object CMakeFiles/yhs_can_interfaces__rosidl_typesupport_c.dir/rosidl_typesupport_c/yhs_can_interfaces/msg/steering_ctrl_fb__type_support.cpp.o[0m
[27.291s] [ 77%] [32m[1mLinking CXX shared library libyhs_can_interfaces__rosidl_typesupport_fastrtps_c.so[0m
[27.325s] [ 78%] [32mBuilding CXX object CMakeFiles/yhs_can_interfaces__rosidl_typesupport_c.dir/rosidl_typesupport_c/yhs_can_interfaces/msg/front_angle_fb__type_support.cpp.o[0m
[27.333s] [ 78%] [32mBuilding CXX object CMakeFiles/yhs_can_interfaces__rosidl_typesupport_c.dir/rosidl_typesupport_c/yhs_can_interfaces/msg/io_cmd__type_support.cpp.o[0m
[27.389s] [ 79%] [32mBuilding CXX object CMakeFiles/yhs_can_interfaces__rosidl_typesupport_c.dir/rosidl_typesupport_c/yhs_can_interfaces/msg/io_fb__type_support.cpp.o[0m
[27.400s] [ 79%] [32mBuilding CXX object CMakeFiles/yhs_can_interfaces__rosidl_typesupport_c.dir/rosidl_typesupport_c/yhs_can_interfaces/msg/lr_wheel_fb__type_support.cpp.o[0m
[27.471s] [ 80%] [32mBuilding CXX object CMakeFiles/yhs_can_interfaces__rosidl_typesupport_c.dir/rosidl_typesupport_c/yhs_can_interfaces/msg/rr_wheel_fb__type_support.cpp.o[0m
[27.473s] [ 80%] [32mBuilding CXX object CMakeFiles/yhs_can_interfaces__rosidl_typesupport_c.dir/rosidl_typesupport_c/yhs_can_interfaces/msg/lf_wheel_fb__type_support.cpp.o[0m
[27.490s] [ 80%] Built target yhs_can_interfaces__rosidl_typesupport_fastrtps_c
[27.507s] [ 81%] [32mBuilding CXX object CMakeFiles/yhs_can_interfaces__rosidl_typesupport_c.dir/rosidl_typesupport_c/yhs_can_interfaces/msg/rf_wheel_fb__type_support.cpp.o[0m
[27.530s] [ 81%] [32mBuilding CXX object CMakeFiles/yhs_can_interfaces__rosidl_typesupport_c.dir/rosidl_typesupport_c/yhs_can_interfaces/msg/rear_angle_fb__type_support.cpp.o[0m
[27.532s] [ 82%] [32mBuilding CXX object CMakeFiles/yhs_can_interfaces__rosidl_typesupport_c.dir/rosidl_typesupport_c/yhs_can_interfaces/msg/ultrasonic__type_support.cpp.o[0m
[27.571s] [ 83%] [32mBuilding CXX object CMakeFiles/yhs_can_interfaces__rosidl_typesupport_c.dir/rosidl_typesupport_c/yhs_can_interfaces/msg/error_fb__type_support.cpp.o[0m
[27.588s] [ 83%] [32mBuilding CXX object CMakeFiles/yhs_can_interfaces__rosidl_typesupport_c.dir/rosidl_typesupport_c/yhs_can_interfaces/msg/motor_cmd__type_support.cpp.o[0m
[27.590s] [ 84%] [32mBuilding CXX object CMakeFiles/yhs_can_interfaces__rosidl_typesupport_c.dir/rosidl_typesupport_c/yhs_can_interfaces/msg/motor_fb__type_support.cpp.o[0m
[27.632s] [ 84%] [32mBuilding CXX object CMakeFiles/yhs_can_interfaces__rosidl_typesupport_c.dir/rosidl_typesupport_c/yhs_can_interfaces/msg/drive_motor_current_fb__type_support.cpp.o[0m
[27.646s] [ 85%] [32mBuilding CXX object CMakeFiles/yhs_can_interfaces__rosidl_typesupport_c.dir/rosidl_typesupport_c/yhs_can_interfaces/msg/steering_motor_current_fb__type_support.cpp.o[0m
[27.700s] [ 85%] [32m[1mLinking CXX shared library libyhs_can_interfaces__rosidl_typesupport_c.so[0m
[27.700s] [ 85%] [32m[1mLinking CXX shared library libyhs_can_interfaces__rosidl_typesupport_fastrtps_cpp.so[0m
[27.777s] [ 85%] Built target yhs_can_interfaces__rosidl_typesupport_c
[27.836s] [ 85%] Built target yhs_can_interfaces__rosidl_typesupport_fastrtps_cpp
[27.859s] [ 85%] Built target yhs_can_interfaces
[27.884s] [ 86%] [34m[1mGenerating Python code for ROS interfaces[0m
[31.263s] [ 86%] Built target yhs_can_interfaces__py
[31.281s] [35m[1mConsolidate compiler generated dependencies of target yhs_can_interfaces__rosidl_generator_py[0m
[31.319s] [ 87%] [32mBuilding C object CMakeFiles/yhs_can_interfaces__rosidl_generator_py.dir/rosidl_generator_py/yhs_can_interfaces/msg/_bms_flag_fb_s.c.o[0m
[31.320s] [ 87%] [32mBuilding C object CMakeFiles/yhs_can_interfaces__rosidl_generator_py.dir/rosidl_generator_py/yhs_can_interfaces/msg/_chassis_info_fb_s.c.o[0m
[31.320s] [ 87%] [32mBuilding C object CMakeFiles/yhs_can_interfaces__rosidl_generator_py.dir/rosidl_generator_py/yhs_can_interfaces/msg/_bms_fb_s.c.o[0m
[31.322s] [ 88%] [32mBuilding C object CMakeFiles/yhs_can_interfaces__rosidl_generator_py.dir/rosidl_generator_py/yhs_can_interfaces/msg/_ctrl_cmd_s.c.o[0m
[31.536s] [ 88%] [32mBuilding C object CMakeFiles/yhs_can_interfaces__rosidl_generator_py.dir/rosidl_generator_py/yhs_can_interfaces/msg/_ctrl_fb_s.c.o[0m
[31.545s] [ 89%] [32mBuilding C object CMakeFiles/yhs_can_interfaces__rosidl_generator_py.dir/rosidl_generator_py/yhs_can_interfaces/msg/_steering_ctrl_cmd_s.c.o[0m
[31.559s] [ 90%] [32mBuilding C object CMakeFiles/yhs_can_interfaces__rosidl_generator_py.dir/rosidl_generator_py/yhs_can_interfaces/msg/_steering_ctrl_fb_s.c.o[0m
[31.559s] [ 90%] [32mBuilding C object CMakeFiles/yhs_can_interfaces__rosidl_generator_py.dir/rosidl_generator_py/yhs_can_interfaces/msg/_front_angle_fb_s.c.o[0m
[31.755s] [ 90%] [32mBuilding C object CMakeFiles/yhs_can_interfaces__rosidl_generator_py.dir/rosidl_generator_py/yhs_can_interfaces/msg/_io_cmd_s.c.o[0m
[31.762s] [ 91%] [32mBuilding C object CMakeFiles/yhs_can_interfaces__rosidl_generator_py.dir/rosidl_generator_py/yhs_can_interfaces/msg/_io_fb_s.c.o[0m
[31.775s] [ 91%] [32mBuilding C object CMakeFiles/yhs_can_interfaces__rosidl_generator_py.dir/rosidl_generator_py/yhs_can_interfaces/msg/_lr_wheel_fb_s.c.o[0m
[31.779s] [ 92%] [32mBuilding C object CMakeFiles/yhs_can_interfaces__rosidl_generator_py.dir/rosidl_generator_py/yhs_can_interfaces/msg/_rr_wheel_fb_s.c.o[0m
[31.985s] [ 92%] [32mBuilding C object CMakeFiles/yhs_can_interfaces__rosidl_generator_py.dir/rosidl_generator_py/yhs_can_interfaces/msg/_lf_wheel_fb_s.c.o[0m
[31.991s] [ 93%] [32mBuilding C object CMakeFiles/yhs_can_interfaces__rosidl_generator_py.dir/rosidl_generator_py/yhs_can_interfaces/msg/_rf_wheel_fb_s.c.o[0m
[31.998s] [ 93%] [32mBuilding C object CMakeFiles/yhs_can_interfaces__rosidl_generator_py.dir/rosidl_generator_py/yhs_can_interfaces/msg/_rear_angle_fb_s.c.o[0m
[32.015s] [ 94%] [32mBuilding C object CMakeFiles/yhs_can_interfaces__rosidl_generator_py.dir/rosidl_generator_py/yhs_can_interfaces/msg/_ultrasonic_s.c.o[0m
[32.204s] [ 94%] [32mBuilding C object CMakeFiles/yhs_can_interfaces__rosidl_generator_py.dir/rosidl_generator_py/yhs_can_interfaces/msg/_error_fb_s.c.o[0m
[32.208s] [ 96%] [32mBuilding C object CMakeFiles/yhs_can_interfaces__rosidl_generator_py.dir/rosidl_generator_py/yhs_can_interfaces/msg/_motor_fb_s.c.o[0m
[32.209s] [ 96%] [32mBuilding C object CMakeFiles/yhs_can_interfaces__rosidl_generator_py.dir/rosidl_generator_py/yhs_can_interfaces/msg/_motor_cmd_s.c.o[0m
[32.238s] [ 96%] [32mBuilding C object CMakeFiles/yhs_can_interfaces__rosidl_generator_py.dir/rosidl_generator_py/yhs_can_interfaces/msg/_drive_motor_current_fb_s.c.o[0m
[32.422s] [ 97%] [32mBuilding C object CMakeFiles/yhs_can_interfaces__rosidl_generator_py.dir/rosidl_generator_py/yhs_can_interfaces/msg/_steering_motor_current_fb_s.c.o[0m
[32.565s] [ 97%] [32m[1mLinking C shared library rosidl_generator_py/yhs_can_interfaces/libyhs_can_interfaces__rosidl_generator_py.so[0m
[32.622s] [ 97%] Built target yhs_can_interfaces__rosidl_generator_py
[32.638s] [35m[1mConsolidate compiler generated dependencies of target yhs_can_interfaces__rosidl_typesupport_introspection_c__pyext[0m
[32.638s] [35m[1mConsolidate compiler generated dependencies of target yhs_can_interfaces__rosidl_typesupport_fastrtps_c__pyext[0m
[32.639s] [35m[1mConsolidate compiler generated dependencies of target yhs_can_interfaces__rosidl_typesupport_c__pyext[0m
[32.662s] [100%] [32mBuilding C object CMakeFiles/yhs_can_interfaces__rosidl_typesupport_introspection_c__pyext.dir/rosidl_generator_py/yhs_can_interfaces/_yhs_can_interfaces_s.ep.rosidl_typesupport_introspection_c.c.o[0m
[32.662s] [100%] [32mBuilding C object CMakeFiles/yhs_can_interfaces__rosidl_typesupport_c__pyext.dir/rosidl_generator_py/yhs_can_interfaces/_yhs_can_interfaces_s.ep.rosidl_typesupport_c.c.o[0m
[32.663s] [100%] [32mBuilding C object CMakeFiles/yhs_can_interfaces__rosidl_typesupport_fastrtps_c__pyext.dir/rosidl_generator_py/yhs_can_interfaces/_yhs_can_interfaces_s.ep.rosidl_typesupport_fastrtps_c.c.o[0m
[32.984s] [100%] [32m[1mLinking C shared library rosidl_generator_py/yhs_can_interfaces/yhs_can_interfaces_s__rosidl_typesupport_introspection_c.cpython-310-x86_64-linux-gnu.so[0m
[32.984s] [100%] [32m[1mLinking C shared library rosidl_generator_py/yhs_can_interfaces/yhs_can_interfaces_s__rosidl_typesupport_fastrtps_c.cpython-310-x86_64-linux-gnu.so[0m
[32.984s] [100%] [32m[1mLinking C shared library rosidl_generator_py/yhs_can_interfaces/yhs_can_interfaces_s__rosidl_typesupport_c.cpython-310-x86_64-linux-gnu.so[0m
[33.067s] [100%] Built target yhs_can_interfaces__rosidl_typesupport_fastrtps_c__pyext
[33.067s] [100%] Built target yhs_can_interfaces__rosidl_typesupport_introspection_c__pyext
[33.068s] [100%] Built target yhs_can_interfaces__rosidl_typesupport_c__pyext
[33.085s] Invoked command in '/home/jenter/package/work/build/yhs_can_interfaces' returned '0': CMAKE_PREFIX_PATH=/opt/ros/humble /usr/bin/cmake --build /home/jenter/package/work/build/yhs_can_interfaces -- -j4 -l4
[33.097s] Invoking command in '/home/jenter/package/work/build/yhs_can_interfaces': CMAKE_PREFIX_PATH=/opt/ros/humble /usr/bin/cmake --install /home/jenter/package/work/build/yhs_can_interfaces
[33.107s] -- Install configuration: ""
[33.107s] -- Up-to-date: /home/jenter/package/work/install/yhs_can_interfaces/share/ament_index/resource_index/rosidl_interfaces/yhs_can_interfaces
[33.108s] -- Up-to-date: /home/jenter/package/work/install/yhs_can_interfaces/include/yhs_can_interfaces/yhs_can_interfaces
[33.108s] -- Up-to-date: /home/jenter/package/work/install/yhs_can_interfaces/include/yhs_can_interfaces/yhs_can_interfaces/msg
[33.108s] -- Installing: /home/jenter/package/work/install/yhs_can_interfaces/include/yhs_can_interfaces/yhs_can_interfaces/msg/rr_wheel_fb.h
[33.108s] -- Installing: /home/jenter/package/work/install/yhs_can_interfaces/include/yhs_can_interfaces/yhs_can_interfaces/msg/io_fb.h
[33.108s] -- Up-to-date: /home/jenter/package/work/install/yhs_can_interfaces/include/yhs_can_interfaces/yhs_can_interfaces/msg/detail
[33.108s] -- Installing: /home/jenter/package/work/install/yhs_can_interfaces/include/yhs_can_interfaces/yhs_can_interfaces/msg/detail/lr_wheel_fb__functions.c
[33.108s] -- Installing: /home/jenter/package/work/install/yhs_can_interfaces/include/yhs_can_interfaces/yhs_can_interfaces/msg/detail/rear_angle_fb__functions.h
[33.109s] -- Installing: /home/jenter/package/work/install/yhs_can_interfaces/include/yhs_can_interfaces/yhs_can_interfaces/msg/detail/lf_wheel_fb__struct.h
[33.109s] -- Installing: /home/jenter/package/work/install/yhs_can_interfaces/include/yhs_can_interfaces/yhs_can_interfaces/msg/detail/io_cmd__functions.c
[33.109s] -- Installing: /home/jenter/package/work/install/yhs_can_interfaces/include/yhs_can_interfaces/yhs_can_interfaces/msg/detail/rf_wheel_fb__struct.h
[33.109s] -- Installing: /home/jenter/package/work/install/yhs_can_interfaces/include/yhs_can_interfaces/yhs_can_interfaces/msg/detail/steering_motor_current_fb__functions.h
[33.109s] -- Installing: /home/jenter/package/work/install/yhs_can_interfaces/include/yhs_can_interfaces/yhs_can_interfaces/msg/detail/steering_ctrl_fb__functions.h
[33.109s] -- Installing: /home/jenter/package/work/install/yhs_can_interfaces/include/yhs_can_interfaces/yhs_can_interfaces/msg/detail/io_fb__functions.c
[33.109s] -- Installing: /home/jenter/package/work/install/yhs_can_interfaces/include/yhs_can_interfaces/yhs_can_interfaces/msg/detail/lf_wheel_fb__type_support.h
[33.109s] -- Installing: /home/jenter/package/work/install/yhs_can_interfaces/include/yhs_can_interfaces/yhs_can_interfaces/msg/detail/drive_motor_current_fb__functions.c
[33.110s] -- Installing: /home/jenter/package/work/install/yhs_can_interfaces/include/yhs_can_interfaces/yhs_can_interfaces/msg/detail/rear_angle_fb__functions.c
[33.110s] -- Installing: /home/jenter/package/work/install/yhs_can_interfaces/include/yhs_can_interfaces/yhs_can_interfaces/msg/detail/io_fb__struct.h
[33.110s] -- Installing: /home/jenter/package/work/install/yhs_can_interfaces/include/yhs_can_interfaces/yhs_can_interfaces/msg/detail/error_fb__functions.c
[33.110s] -- Installing: /home/jenter/package/work/install/yhs_can_interfaces/include/yhs_can_interfaces/yhs_can_interfaces/msg/detail/error_fb__struct.h
[33.110s] -- Installing: /home/jenter/package/work/install/yhs_can_interfaces/include/yhs_can_interfaces/yhs_can_interfaces/msg/detail/motor_cmd__struct.h
[33.110s] -- Installing: /home/jenter/package/work/install/yhs_can_interfaces/include/yhs_can_interfaces/yhs_can_interfaces/msg/detail/ctrl_fb__type_support.h
[33.111s] -- Installing: /home/jenter/package/work/install/yhs_can_interfaces/include/yhs_can_interfaces/yhs_can_interfaces/msg/detail/lr_wheel_fb__type_support.h
[33.111s] -- Installing: /home/jenter/package/work/install/yhs_can_interfaces/include/yhs_can_interfaces/yhs_can_interfaces/msg/detail/ctrl_fb__functions.h
[33.111s] -- Installing: /home/jenter/package/work/install/yhs_can_interfaces/include/yhs_can_interfaces/yhs_can_interfaces/msg/detail/motor_cmd__functions.h
[33.111s] -- Installing: /home/jenter/package/work/install/yhs_can_interfaces/include/yhs_can_interfaces/yhs_can_interfaces/msg/detail/steering_motor_current_fb__functions.c
[33.111s] -- Installing: /home/jenter/package/work/install/yhs_can_interfaces/include/yhs_can_interfaces/yhs_can_interfaces/msg/detail/io_fb__type_support.h
[33.111s] -- Installing: /home/jenter/package/work/install/yhs_can_interfaces/include/yhs_can_interfaces/yhs_can_interfaces/msg/detail/ctrl_cmd__type_support.h
[33.112s] -- Installing: /home/jenter/package/work/install/yhs_can_interfaces/include/yhs_can_interfaces/yhs_can_interfaces/msg/detail/io_cmd__type_support.h
[33.112s] -- Installing: /home/jenter/package/work/install/yhs_can_interfaces/include/yhs_can_interfaces/yhs_can_interfaces/msg/detail/rr_wheel_fb__type_support.h
[33.112s] -- Installing: /home/jenter/package/work/install/yhs_can_interfaces/include/yhs_can_interfaces/yhs_can_interfaces/msg/detail/ultrasonic__functions.c
[33.112s] -- Installing: /home/jenter/package/work/install/yhs_can_interfaces/include/yhs_can_interfaces/yhs_can_interfaces/msg/detail/drive_motor_current_fb__functions.h
[33.112s] -- Installing: /home/jenter/package/work/install/yhs_can_interfaces/include/yhs_can_interfaces/yhs_can_interfaces/msg/detail/front_angle_fb__type_support.h
[33.112s] -- Installing: /home/jenter/package/work/install/yhs_can_interfaces/include/yhs_can_interfaces/yhs_can_interfaces/msg/detail/drive_motor_current_fb__struct.h
[33.113s] -- Installing: /home/jenter/package/work/install/yhs_can_interfaces/include/yhs_can_interfaces/yhs_can_interfaces/msg/detail/motor_fb__functions.c
[33.113s] -- Installing: /home/jenter/package/work/install/yhs_can_interfaces/include/yhs_can_interfaces/yhs_can_interfaces/msg/detail/bms_fb__struct.h
[33.113s] -- Installing: /home/jenter/package/work/install/yhs_can_interfaces/include/yhs_can_interfaces/yhs_can_interfaces/msg/detail/bms_flag_fb__struct.h
[33.113s] -- Installing: /home/jenter/package/work/install/yhs_can_interfaces/include/yhs_can_interfaces/yhs_can_interfaces/msg/detail/rr_wheel_fb__functions.h
[33.113s] -- Installing: /home/jenter/package/work/install/yhs_can_interfaces/include/yhs_can_interfaces/yhs_can_interfaces/msg/detail/rf_wheel_fb__functions.h
[33.113s] -- Installing: /home/jenter/package/work/install/yhs_can_interfaces/include/yhs_can_interfaces/yhs_can_interfaces/msg/detail/steering_motor_current_fb__type_support.h
[33.114s] -- Installing: /home/jenter/package/work/install/yhs_can_interfaces/include/yhs_can_interfaces/yhs_can_interfaces/msg/detail/ultrasonic__struct.h
[33.114s] -- Installing: /home/jenter/package/work/install/yhs_can_interfaces/include/yhs_can_interfaces/yhs_can_interfaces/msg/detail/motor_fb__functions.h
[33.114s] -- Installing: /home/jenter/package/work/install/yhs_can_interfaces/include/yhs_can_interfaces/yhs_can_interfaces/msg/detail/steering_ctrl_fb__struct.h
[33.114s] -- Installing: /home/jenter/package/work/install/yhs_can_interfaces/include/yhs_can_interfaces/yhs_can_interfaces/msg/detail/steering_ctrl_cmd__functions.c
[33.114s] -- Installing: /home/jenter/package/work/install/yhs_can_interfaces/include/yhs_can_interfaces/yhs_can_interfaces/msg/detail/bms_fb__functions.h
[33.115s] -- Installing: /home/jenter/package/work/install/yhs_can_interfaces/include/yhs_can_interfaces/yhs_can_interfaces/msg/detail/error_fb__type_support.h
[33.115s] -- Installing: /home/jenter/package/work/install/yhs_can_interfaces/include/yhs_can_interfaces/yhs_can_interfaces/msg/detail/bms_flag_fb__functions.c
[33.115s] -- Installing: /home/jenter/package/work/install/yhs_can_interfaces/include/yhs_can_interfaces/yhs_can_interfaces/msg/detail/steering_ctrl_cmd__functions.h
[33.115s] -- Installing: /home/jenter/package/work/install/yhs_can_interfaces/include/yhs_can_interfaces/yhs_can_interfaces/msg/detail/lr_wheel_fb__struct.h
[33.115s] -- Installing: /home/jenter/package/work/install/yhs_can_interfaces/include/yhs_can_interfaces/yhs_can_interfaces/msg/detail/chassis_info_fb__struct.h
[33.115s] -- Installing: /home/jenter/package/work/install/yhs_can_interfaces/include/yhs_can_interfaces/yhs_can_interfaces/msg/detail/chassis_info_fb__type_support.h
[33.116s] -- Installing: /home/jenter/package/work/install/yhs_can_interfaces/include/yhs_can_interfaces/yhs_can_interfaces/msg/detail/ctrl_fb__functions.c
[33.116s] -- Installing: /home/jenter/package/work/install/yhs_can_interfaces/include/yhs_can_interfaces/yhs_can_interfaces/msg/detail/io_cmd__struct.h
[33.116s] -- Installing: /home/jenter/package/work/install/yhs_can_interfaces/include/yhs_can_interfaces/yhs_can_interfaces/msg/detail/io_fb__functions.h
[33.116s] -- Installing: /home/jenter/package/work/install/yhs_can_interfaces/include/yhs_can_interfaces/yhs_can_interfaces/msg/detail/rf_wheel_fb__functions.c
[33.116s] -- Installing: /home/jenter/package/work/install/yhs_can_interfaces/include/yhs_can_interfaces/yhs_can_interfaces/msg/detail/ctrl_cmd__functions.h
[33.117s] -- Installing: /home/jenter/package/work/install/yhs_can_interfaces/include/yhs_can_interfaces/yhs_can_interfaces/msg/detail/bms_fb__type_support.h
[33.117s] -- Installing: /home/jenter/package/work/install/yhs_can_interfaces/include/yhs_can_interfaces/yhs_can_interfaces/msg/detail/ctrl_cmd__functions.c
[33.117s] -- Installing: /home/jenter/package/work/install/yhs_can_interfaces/include/yhs_can_interfaces/yhs_can_interfaces/msg/detail/motor_fb__struct.h
[33.117s] -- Installing: /home/jenter/package/work/install/yhs_can_interfaces/include/yhs_can_interfaces/yhs_can_interfaces/msg/detail/rf_wheel_fb__type_support.h
[33.117s] -- Installing: /home/jenter/package/work/install/yhs_can_interfaces/include/yhs_can_interfaces/yhs_can_interfaces/msg/detail/lr_wheel_fb__functions.h
[33.117s] -- Installing: /home/jenter/package/work/install/yhs_can_interfaces/include/yhs_can_interfaces/yhs_can_interfaces/msg/detail/front_angle_fb__functions.h
[33.118s] -- Installing: /home/jenter/package/work/install/yhs_can_interfaces/include/yhs_can_interfaces/yhs_can_interfaces/msg/detail/ultrasonic__type_support.h
[33.118s] -- Installing: /home/jenter/package/work/install/yhs_can_interfaces/include/yhs_can_interfaces/yhs_can_interfaces/msg/detail/steering_ctrl_cmd__struct.h
[33.118s] -- Installing: /home/jenter/package/work/install/yhs_can_interfaces/include/yhs_can_interfaces/yhs_can_interfaces/msg/detail/drive_motor_current_fb__type_support.h
[33.118s] -- Installing: /home/jenter/package/work/install/yhs_can_interfaces/include/yhs_can_interfaces/yhs_can_interfaces/msg/detail/rear_angle_fb__struct.h
[33.118s] -- Installing: /home/jenter/package/work/install/yhs_can_interfaces/include/yhs_can_interfaces/yhs_can_interfaces/msg/detail/motor_cmd__functions.c
[33.118s] -- Installing: /home/jenter/package/work/install/yhs_can_interfaces/include/yhs_can_interfaces/yhs_can_interfaces/msg/detail/front_angle_fb__struct.h
[33.119s] -- Installing: /home/jenter/package/work/install/yhs_can_interfaces/include/yhs_can_interfaces/yhs_can_interfaces/msg/detail/lf_wheel_fb__functions.h
[33.119s] -- Installing: /home/jenter/package/work/install/yhs_can_interfaces/include/yhs_can_interfaces/yhs_can_interfaces/msg/detail/motor_fb__type_support.h
[33.119s] -- Installing: /home/jenter/package/work/install/yhs_can_interfaces/include/yhs_can_interfaces/yhs_can_interfaces/msg/detail/steering_ctrl_fb__type_support.h
[33.119s] -- Installing: /home/jenter/package/work/install/yhs_can_interfaces/include/yhs_can_interfaces/yhs_can_interfaces/msg/detail/front_angle_fb__functions.c
[33.119s] -- Installing: /home/jenter/package/work/install/yhs_can_interfaces/include/yhs_can_interfaces/yhs_can_interfaces/msg/detail/ctrl_fb__struct.h
[33.120s] -- Installing: /home/jenter/package/work/install/yhs_can_interfaces/include/yhs_can_interfaces/yhs_can_interfaces/msg/detail/bms_flag_fb__functions.h
[33.120s] -- Installing: /home/jenter/package/work/install/yhs_can_interfaces/include/yhs_can_interfaces/yhs_can_interfaces/msg/detail/ctrl_cmd__struct.h
[33.120s] -- Installing: /home/jenter/package/work/install/yhs_can_interfaces/include/yhs_can_interfaces/yhs_can_interfaces/msg/detail/chassis_info_fb__functions.c
[33.120s] -- Installing: /home/jenter/package/work/install/yhs_can_interfaces/include/yhs_can_interfaces/yhs_can_interfaces/msg/detail/chassis_info_fb__functions.h
[33.120s] -- Installing: /home/jenter/package/work/install/yhs_can_interfaces/include/yhs_can_interfaces/yhs_can_interfaces/msg/detail/rr_wheel_fb__functions.c
[33.120s] -- Installing: /home/jenter/package/work/install/yhs_can_interfaces/include/yhs_can_interfaces/yhs_can_interfaces/msg/detail/steering_motor_current_fb__struct.h
[33.121s] -- Installing: /home/jenter/package/work/install/yhs_can_interfaces/include/yhs_can_interfaces/yhs_can_interfaces/msg/detail/rr_wheel_fb__struct.h
[33.121s] -- Installing: /home/jenter/package/work/install/yhs_can_interfaces/include/yhs_can_interfaces/yhs_can_interfaces/msg/detail/lf_wheel_fb__functions.c
[33.121s] -- Installing: /home/jenter/package/work/install/yhs_can_interfaces/include/yhs_can_interfaces/yhs_can_interfaces/msg/detail/motor_cmd__type_support.h
[33.121s] -- Installing: /home/jenter/package/work/install/yhs_can_interfaces/include/yhs_can_interfaces/yhs_can_interfaces/msg/detail/rear_angle_fb__type_support.h
[33.121s] -- Installing: /home/jenter/package/work/install/yhs_can_interfaces/include/yhs_can_interfaces/yhs_can_interfaces/msg/detail/io_cmd__functions.h
[33.121s] -- Installing: /home/jenter/package/work/install/yhs_can_interfaces/include/yhs_can_interfaces/yhs_can_interfaces/msg/detail/bms_fb__functions.c
[33.122s] -- Installing: /home/jenter/package/work/install/yhs_can_interfaces/include/yhs_can_interfaces/yhs_can_interfaces/msg/detail/steering_ctrl_fb__functions.c
[33.122s] -- Installing: /home/jenter/package/work/install/yhs_can_interfaces/include/yhs_can_interfaces/yhs_can_interfaces/msg/detail/bms_flag_fb__type_support.h
[33.122s] -- Installing: /home/jenter/package/work/install/yhs_can_interfaces/include/yhs_can_interfaces/yhs_can_interfaces/msg/detail/steering_ctrl_cmd__type_support.h
[33.122s] -- Installing: /home/jenter/package/work/install/yhs_can_interfaces/include/yhs_can_interfaces/yhs_can_interfaces/msg/detail/error_fb__functions.h
[33.122s] -- Installing: /home/jenter/package/work/install/yhs_can_interfaces/include/yhs_can_interfaces/yhs_can_interfaces/msg/detail/ultrasonic__functions.h
[33.123s] -- Installing: /home/jenter/package/work/install/yhs_can_interfaces/include/yhs_can_interfaces/yhs_can_interfaces/msg/bms_fb.h
[33.123s] -- Installing: /home/jenter/package/work/install/yhs_can_interfaces/include/yhs_can_interfaces/yhs_can_interfaces/msg/bms_flag_fb.h
[33.123s] -- Installing: /home/jenter/package/work/install/yhs_can_interfaces/include/yhs_can_interfaces/yhs_can_interfaces/msg/io_cmd.h
[33.123s] -- Installing: /home/jenter/package/work/install/yhs_can_interfaces/include/yhs_can_interfaces/yhs_can_interfaces/msg/chassis_info_fb.h
[33.123s] -- Installing: /home/jenter/package/work/install/yhs_can_interfaces/include/yhs_can_interfaces/yhs_can_interfaces/msg/motor_fb.h
[33.123s] -- Installing: /home/jenter/package/work/install/yhs_can_interfaces/include/yhs_can_interfaces/yhs_can_interfaces/msg/motor_cmd.h
[33.124s] -- Installing: /home/jenter/package/work/install/yhs_can_interfaces/include/yhs_can_interfaces/yhs_can_interfaces/msg/steering_ctrl_cmd.h
[33.124s] -- Installing: /home/jenter/package/work/install/yhs_can_interfaces/include/yhs_can_interfaces/yhs_can_interfaces/msg/lr_wheel_fb.h
[33.124s] -- Installing: /home/jenter/package/work/install/yhs_can_interfaces/include/yhs_can_interfaces/yhs_can_interfaces/msg/rear_angle_fb.h
[33.124s] -- Installing: /home/jenter/package/work/install/yhs_can_interfaces/include/yhs_can_interfaces/yhs_can_interfaces/msg/steering_motor_current_fb.h
[33.124s] -- Installing: /home/jenter/package/work/install/yhs_can_interfaces/include/yhs_can_interfaces/yhs_can_interfaces/msg/error_fb.h
[33.124s] -- Installing: /home/jenter/package/work/install/yhs_can_interfaces/include/yhs_can_interfaces/yhs_can_interfaces/msg/drive_motor_current_fb.h
[33.125s] -- Installing: /home/jenter/package/work/install/yhs_can_interfaces/include/yhs_can_interfaces/yhs_can_interfaces/msg/ultrasonic.h
[33.125s] -- Installing: /home/jenter/package/work/install/yhs_can_interfaces/include/yhs_can_interfaces/yhs_can_interfaces/msg/ctrl_cmd.h
[33.125s] -- Installing: /home/jenter/package/work/install/yhs_can_interfaces/include/yhs_can_interfaces/yhs_can_interfaces/msg/front_angle_fb.h
[33.125s] -- Installing: /home/jenter/package/work/install/yhs_can_interfaces/include/yhs_can_interfaces/yhs_can_interfaces/msg/rf_wheel_fb.h
[33.125s] -- Installing: /home/jenter/package/work/install/yhs_can_interfaces/include/yhs_can_interfaces/yhs_can_interfaces/msg/lf_wheel_fb.h
[33.125s] -- Installing: /home/jenter/package/work/install/yhs_can_interfaces/include/yhs_can_interfaces/yhs_can_interfaces/msg/ctrl_fb.h
[33.126s] -- Up-to-date: /home/jenter/package/work/install/yhs_can_interfaces/include/yhs_can_interfaces/yhs_can_interfaces/msg/rosidl_generator_c__visibility_control.h
[33.126s] -- Installing: /home/jenter/package/work/install/yhs_can_interfaces/include/yhs_can_interfaces/yhs_can_interfaces/msg/steering_ctrl_fb.h
[33.126s] -- Up-to-date: /home/jenter/package/work/install/yhs_can_interfaces/share/yhs_can_interfaces/environment/library_path.sh
[33.126s] -- Installing: /home/jenter/package/work/install/yhs_can_interfaces/share/yhs_can_interfaces/environment/library_path.dsv
[33.126s] -- Installing: /home/jenter/package/work/install/yhs_can_interfaces/lib/libyhs_can_interfaces__rosidl_generator_c.so
[33.127s] -- Set runtime path of "/home/jenter/package/work/install/yhs_can_interfaces/lib/libyhs_can_interfaces__rosidl_generator_c.so" to ""
[33.127s] -- Up-to-date: /home/jenter/package/work/install/yhs_can_interfaces/include/yhs_can_interfaces/yhs_can_interfaces
[33.127s] -- Up-to-date: /home/jenter/package/work/install/yhs_can_interfaces/include/yhs_can_interfaces/yhs_can_interfaces/msg
[33.128s] -- Up-to-date: /home/jenter/package/work/install/yhs_can_interfaces/include/yhs_can_interfaces/yhs_can_interfaces/msg/rosidl_typesupport_fastrtps_c__visibility_control.h
[33.128s] -- Up-to-date: /home/jenter/package/work/install/yhs_can_interfaces/include/yhs_can_interfaces/yhs_can_interfaces/msg/detail
[33.128s] -- Installing: /home/jenter/package/work/install/yhs_can_interfaces/include/yhs_can_interfaces/yhs_can_interfaces/msg/detail/drive_motor_current_fb__rosidl_typesupport_fastrtps_c.h
[33.128s] -- Installing: /home/jenter/package/work/install/yhs_can_interfaces/include/yhs_can_interfaces/yhs_can_interfaces/msg/detail/lf_wheel_fb__rosidl_typesupport_fastrtps_c.h
[33.128s] -- Installing: /home/jenter/package/work/install/yhs_can_interfaces/include/yhs_can_interfaces/yhs_can_interfaces/msg/detail/steering_motor_current_fb__rosidl_typesupport_fastrtps_c.h
[33.128s] -- Installing: /home/jenter/package/work/install/yhs_can_interfaces/include/yhs_can_interfaces/yhs_can_interfaces/msg/detail/bms_fb__rosidl_typesupport_fastrtps_c.h
[33.128s] -- Installing: /home/jenter/package/work/install/yhs_can_interfaces/include/yhs_can_interfaces/yhs_can_interfaces/msg/detail/rf_wheel_fb__rosidl_typesupport_fastrtps_c.h
[33.128s] -- Installing: /home/jenter/package/work/install/yhs_can_interfaces/include/yhs_can_interfaces/yhs_can_interfaces/msg/detail/ctrl_fb__rosidl_typesupport_fastrtps_c.h
[33.129s] -- Installing: /home/jenter/package/work/install/yhs_can_interfaces/include/yhs_can_interfaces/yhs_can_interfaces/msg/detail/io_cmd__rosidl_typesupport_fastrtps_c.h
[33.129s] -- Installing: /home/jenter/package/work/install/yhs_can_interfaces/include/yhs_can_interfaces/yhs_can_interfaces/msg/detail/bms_flag_fb__rosidl_typesupport_fastrtps_c.h
[33.129s] -- Installing: /home/jenter/package/work/install/yhs_can_interfaces/include/yhs_can_interfaces/yhs_can_interfaces/msg/detail/ultrasonic__rosidl_typesupport_fastrtps_c.h
[33.129s] -- Installing: /home/jenter/package/work/install/yhs_can_interfaces/include/yhs_can_interfaces/yhs_can_interfaces/msg/detail/chassis_info_fb__rosidl_typesupport_fastrtps_c.h
[33.129s] -- Installing: /home/jenter/package/work/install/yhs_can_interfaces/include/yhs_can_interfaces/yhs_can_interfaces/msg/detail/lr_wheel_fb__rosidl_typesupport_fastrtps_c.h
[33.129s] -- Installing: /home/jenter/package/work/install/yhs_can_interfaces/include/yhs_can_interfaces/yhs_can_interfaces/msg/detail/io_fb__rosidl_typesupport_fastrtps_c.h
[33.130s] -- Installing: /home/jenter/package/work/install/yhs_can_interfaces/include/yhs_can_interfaces/yhs_can_interfaces/msg/detail/motor_cmd__rosidl_typesupport_fastrtps_c.h
[33.130s] -- Installing: /home/jenter/package/work/install/yhs_can_interfaces/include/yhs_can_interfaces/yhs_can_interfaces/msg/detail/steering_ctrl_fb__rosidl_typesupport_fastrtps_c.h
[33.130s] -- Installing: /home/jenter/package/work/install/yhs_can_interfaces/include/yhs_can_interfaces/yhs_can_interfaces/msg/detail/ctrl_cmd__rosidl_typesupport_fastrtps_c.h
[33.130s] -- Installing: /home/jenter/package/work/install/yhs_can_interfaces/include/yhs_can_interfaces/yhs_can_interfaces/msg/detail/error_fb__rosidl_typesupport_fastrtps_c.h
[33.130s] -- Installing: /home/jenter/package/work/install/yhs_can_interfaces/include/yhs_can_interfaces/yhs_can_interfaces/msg/detail/rear_angle_fb__rosidl_typesupport_fastrtps_c.h
[33.130s] -- Installing: /home/jenter/package/work/install/yhs_can_interfaces/include/yhs_can_interfaces/yhs_can_interfaces/msg/detail/motor_fb__rosidl_typesupport_fastrtps_c.h
[33.131s] -- Installing: /home/jenter/package/work/install/yhs_can_interfaces/include/yhs_can_interfaces/yhs_can_interfaces/msg/detail/steering_ctrl_cmd__rosidl_typesupport_fastrtps_c.h
[33.131s] -- Installing: /home/jenter/package/work/install/yhs_can_interfaces/include/yhs_can_interfaces/yhs_can_interfaces/msg/detail/rr_wheel_fb__rosidl_typesupport_fastrtps_c.h
[33.131s] -- Installing: /home/jenter/package/work/install/yhs_can_interfaces/include/yhs_can_interfaces/yhs_can_interfaces/msg/detail/front_angle_fb__rosidl_typesupport_fastrtps_c.h
[33.131s] -- Installing: /home/jenter/package/work/install/yhs_can_interfaces/lib/libyhs_can_interfaces__rosidl_typesupport_fastrtps_c.so
[33.132s] -- Set runtime path of "/home/jenter/package/work/install/yhs_can_interfaces/lib/libyhs_can_interfaces__rosidl_typesupport_fastrtps_c.so" to ""
[33.132s] -- Up-to-date: /home/jenter/package/work/install/yhs_can_interfaces/include/yhs_can_interfaces/yhs_can_interfaces
[33.132s] -- Up-to-date: /home/jenter/package/work/install/yhs_can_interfaces/include/yhs_can_interfaces/yhs_can_interfaces/msg
[33.133s] -- Up-to-date: /home/jenter/package/work/install/yhs_can_interfaces/include/yhs_can_interfaces/yhs_can_interfaces/msg/rosidl_typesupport_introspection_c__visibility_control.h
[33.133s] -- Up-to-date: /home/jenter/package/work/install/yhs_can_interfaces/include/yhs_can_interfaces/yhs_can_interfaces/msg/detail
[33.133s] -- Installing: /home/jenter/package/work/install/yhs_can_interfaces/include/yhs_can_interfaces/yhs_can_interfaces/msg/detail/steering_motor_current_fb__type_support.c
[33.133s] -- Installing: /home/jenter/package/work/install/yhs_can_interfaces/include/yhs_can_interfaces/yhs_can_interfaces/msg/detail/steering_ctrl_cmd__rosidl_typesupport_introspection_c.h
[33.133s] -- Installing: /home/jenter/package/work/install/yhs_can_interfaces/include/yhs_can_interfaces/yhs_can_interfaces/msg/detail/rf_wheel_fb__type_support.c
[33.133s] -- Installing: /home/jenter/package/work/install/yhs_can_interfaces/include/yhs_can_interfaces/yhs_can_interfaces/msg/detail/bms_flag_fb__type_support.c
[33.133s] -- Installing: /home/jenter/package/work/install/yhs_can_interfaces/include/yhs_can_interfaces/yhs_can_interfaces/msg/detail/chassis_info_fb__rosidl_typesupport_introspection_c.h
[33.133s] -- Installing: /home/jenter/package/work/install/yhs_can_interfaces/include/yhs_can_interfaces/yhs_can_interfaces/msg/detail/steering_ctrl_cmd__type_support.c
[33.134s] -- Installing: /home/jenter/package/work/install/yhs_can_interfaces/include/yhs_can_interfaces/yhs_can_interfaces/msg/detail/steering_ctrl_fb__rosidl_typesupport_introspection_c.h
[33.134s] -- Installing: /home/jenter/package/work/install/yhs_can_interfaces/include/yhs_can_interfaces/yhs_can_interfaces/msg/detail/motor_cmd__rosidl_typesupport_introspection_c.h
[33.134s] -- Installing: /home/jenter/package/work/install/yhs_can_interfaces/include/yhs_can_interfaces/yhs_can_interfaces/msg/detail/ultrasonic__type_support.c
[33.134s] -- Installing: /home/jenter/package/work/install/yhs_can_interfaces/include/yhs_can_interfaces/yhs_can_interfaces/msg/detail/rr_wheel_fb__rosidl_typesupport_introspection_c.h
[33.134s] -- Installing: /home/jenter/package/work/install/yhs_can_interfaces/include/yhs_can_interfaces/yhs_can_interfaces/msg/detail/steering_ctrl_fb__type_support.c
[33.135s] -- Installing: /home/jenter/package/work/install/yhs_can_interfaces/include/yhs_can_interfaces/yhs_can_interfaces/msg/detail/ultrasonic__rosidl_typesupport_introspection_c.h
[33.135s] -- Installing: /home/jenter/package/work/install/yhs_can_interfaces/include/yhs_can_interfaces/yhs_can_interfaces/msg/detail/rr_wheel_fb__type_support.c
[33.135s] -- Installing: /home/jenter/package/work/install/yhs_can_interfaces/include/yhs_can_interfaces/yhs_can_interfaces/msg/detail/rear_angle_fb__rosidl_typesupport_introspection_c.h
[33.135s] -- Installing: /home/jenter/package/work/install/yhs_can_interfaces/include/yhs_can_interfaces/yhs_can_interfaces/msg/detail/io_cmd__type_support.c
[33.135s] -- Installing: /home/jenter/package/work/install/yhs_can_interfaces/include/yhs_can_interfaces/yhs_can_interfaces/msg/detail/motor_cmd__type_support.c
[33.135s] -- Installing: /home/jenter/package/work/install/yhs_can_interfaces/include/yhs_can_interfaces/yhs_can_interfaces/msg/detail/bms_flag_fb__rosidl_typesupport_introspection_c.h
[33.136s] -- Installing: /home/jenter/package/work/install/yhs_can_interfaces/include/yhs_can_interfaces/yhs_can_interfaces/msg/detail/motor_fb__rosidl_typesupport_introspection_c.h
[33.136s] -- Installing: /home/jenter/package/work/install/yhs_can_interfaces/include/yhs_can_interfaces/yhs_can_interfaces/msg/detail/error_fb__rosidl_typesupport_introspection_c.h
[33.136s] -- Installing: /home/jenter/package/work/install/yhs_can_interfaces/include/yhs_can_interfaces/yhs_can_interfaces/msg/detail/drive_motor_current_fb__rosidl_typesupport_introspection_c.h
[33.136s] -- Installing: /home/jenter/package/work/install/yhs_can_interfaces/include/yhs_can_interfaces/yhs_can_interfaces/msg/detail/io_cmd__rosidl_typesupport_introspection_c.h
[33.136s] -- Installing: /home/jenter/package/work/install/yhs_can_interfaces/include/yhs_can_interfaces/yhs_can_interfaces/msg/detail/lr_wheel_fb__rosidl_typesupport_introspection_c.h
[33.136s] -- Installing: /home/jenter/package/work/install/yhs_can_interfaces/include/yhs_can_interfaces/yhs_can_interfaces/msg/detail/error_fb__type_support.c
[33.137s] -- Installing: /home/jenter/package/work/install/yhs_can_interfaces/include/yhs_can_interfaces/yhs_can_interfaces/msg/detail/ctrl_fb__rosidl_typesupport_introspection_c.h
[33.137s] -- Installing: /home/jenter/package/work/install/yhs_can_interfaces/include/yhs_can_interfaces/yhs_can_interfaces/msg/detail/io_fb__type_support.c
[33.137s] -- Installing: /home/jenter/package/work/install/yhs_can_interfaces/include/yhs_can_interfaces/yhs_can_interfaces/msg/detail/lf_wheel_fb__rosidl_typesupport_introspection_c.h
[33.137s] -- Installing: /home/jenter/package/work/install/yhs_can_interfaces/include/yhs_can_interfaces/yhs_can_interfaces/msg/detail/bms_fb__type_support.c
[33.137s] -- Installing: /home/jenter/package/work/install/yhs_can_interfaces/include/yhs_can_interfaces/yhs_can_interfaces/msg/detail/io_fb__rosidl_typesupport_introspection_c.h
[33.138s] -- Installing: /home/jenter/package/work/install/yhs_can_interfaces/include/yhs_can_interfaces/yhs_can_interfaces/msg/detail/lf_wheel_fb__type_support.c
[33.138s] -- Installing: /home/jenter/package/work/install/yhs_can_interfaces/include/yhs_can_interfaces/yhs_can_interfaces/msg/detail/motor_fb__type_support.c
[33.138s] -- Installing: /home/jenter/package/work/install/yhs_can_interfaces/include/yhs_can_interfaces/yhs_can_interfaces/msg/detail/rear_angle_fb__type_support.c
[33.138s] -- Installing: /home/jenter/package/work/install/yhs_can_interfaces/include/yhs_can_interfaces/yhs_can_interfaces/msg/detail/ctrl_fb__type_support.c
[33.138s] -- Installing: /home/jenter/package/work/install/yhs_can_interfaces/include/yhs_can_interfaces/yhs_can_interfaces/msg/detail/front_angle_fb__type_support.c
[33.138s] -- Installing: /home/jenter/package/work/install/yhs_can_interfaces/include/yhs_can_interfaces/yhs_can_interfaces/msg/detail/chassis_info_fb__type_support.c
[33.139s] -- Installing: /home/jenter/package/work/install/yhs_can_interfaces/include/yhs_can_interfaces/yhs_can_interfaces/msg/detail/bms_fb__rosidl_typesupport_introspection_c.h
[33.139s] -- Installing: /home/jenter/package/work/install/yhs_can_interfaces/include/yhs_can_interfaces/yhs_can_interfaces/msg/detail/drive_motor_current_fb__type_support.c
[33.139s] -- Installing: /home/jenter/package/work/install/yhs_can_interfaces/include/yhs_can_interfaces/yhs_can_interfaces/msg/detail/front_angle_fb__rosidl_typesupport_introspection_c.h
[33.139s] -- Installing: /home/jenter/package/work/install/yhs_can_interfaces/include/yhs_can_interfaces/yhs_can_interfaces/msg/detail/lr_wheel_fb__type_support.c
[33.139s] -- Installing: /home/jenter/package/work/install/yhs_can_interfaces/include/yhs_can_interfaces/yhs_can_interfaces/msg/detail/steering_motor_current_fb__rosidl_typesupport_introspection_c.h
[33.140s] -- Installing: /home/jenter/package/work/install/yhs_can_interfaces/include/yhs_can_interfaces/yhs_can_interfaces/msg/detail/ctrl_cmd__rosidl_typesupport_introspection_c.h
[33.140s] -- Installing: /home/jenter/package/work/install/yhs_can_interfaces/include/yhs_can_interfaces/yhs_can_interfaces/msg/detail/ctrl_cmd__type_support.c
[33.140s] -- Installing: /home/jenter/package/work/install/yhs_can_interfaces/include/yhs_can_interfaces/yhs_can_interfaces/msg/detail/rf_wheel_fb__rosidl_typesupport_introspection_c.h
[33.140s] -- Installing: /home/jenter/package/work/install/yhs_can_interfaces/lib/libyhs_can_interfaces__rosidl_typesupport_introspection_c.so
[33.141s] -- Set runtime path of "/home/jenter/package/work/install/yhs_can_interfaces/lib/libyhs_can_interfaces__rosidl_typesupport_introspection_c.so" to ""
[33.141s] -- Installing: /home/jenter/package/work/install/yhs_can_interfaces/lib/libyhs_can_interfaces__rosidl_typesupport_c.so
[33.142s] -- Set runtime path of "/home/jenter/package/work/install/yhs_can_interfaces/lib/libyhs_can_interfaces__rosidl_typesupport_c.so" to ""
[33.142s] -- Up-to-date: /home/jenter/package/work/install/yhs_can_interfaces/include/yhs_can_interfaces/yhs_can_interfaces
[33.142s] -- Up-to-date: /home/jenter/package/work/install/yhs_can_interfaces/include/yhs_can_interfaces/yhs_can_interfaces/msg
[33.142s] -- Installing: /home/jenter/package/work/install/yhs_can_interfaces/include/yhs_can_interfaces/yhs_can_interfaces/msg/ctrl_fb.hpp
[33.142s] -- Installing: /home/jenter/package/work/install/yhs_can_interfaces/include/yhs_can_interfaces/yhs_can_interfaces/msg/steering_ctrl_fb.hpp
[33.143s] -- Installing: /home/jenter/package/work/install/yhs_can_interfaces/include/yhs_can_interfaces/yhs_can_interfaces/msg/steering_ctrl_cmd.hpp
[33.143s] -- Installing: /home/jenter/package/work/install/yhs_can_interfaces/include/yhs_can_interfaces/yhs_can_interfaces/msg/motor_cmd.hpp
[33.143s] -- Up-to-date: /home/jenter/package/work/install/yhs_can_interfaces/include/yhs_can_interfaces/yhs_can_interfaces/msg/detail
[33.143s] -- Installing: /home/jenter/package/work/install/yhs_can_interfaces/include/yhs_can_interfaces/yhs_can_interfaces/msg/detail/motor_fb__traits.hpp
[33.143s] -- Installing: /home/jenter/package/work/install/yhs_can_interfaces/include/yhs_can_interfaces/yhs_can_interfaces/msg/detail/rr_wheel_fb__struct.hpp
[33.143s] -- Installing: /home/jenter/package/work/install/yhs_can_interfaces/include/yhs_can_interfaces/yhs_can_interfaces/msg/detail/lf_wheel_fb__type_support.hpp
[33.143s] -- Installing: /home/jenter/package/work/install/yhs_can_interfaces/include/yhs_can_interfaces/yhs_can_interfaces/msg/detail/bms_flag_fb__builder.hpp
[33.144s] -- Installing: /home/jenter/package/work/install/yhs_can_interfaces/include/yhs_can_interfaces/yhs_can_interfaces/msg/detail/error_fb__struct.hpp
[33.144s] -- Installing: /home/jenter/package/work/install/yhs_can_interfaces/include/yhs_can_interfaces/yhs_can_interfaces/msg/detail/motor_cmd__type_support.hpp
[33.144s] -- Installing: /home/jenter/package/work/install/yhs_can_interfaces/include/yhs_can_interfaces/yhs_can_interfaces/msg/detail/steering_ctrl_cmd__traits.hpp
[33.144s] -- Installing: /home/jenter/package/work/install/yhs_can_interfaces/include/yhs_can_interfaces/yhs_can_interfaces/msg/detail/ctrl_cmd__builder.hpp
[33.144s] -- Installing: /home/jenter/package/work/install/yhs_can_interfaces/include/yhs_can_interfaces/yhs_can_interfaces/msg/detail/rr_wheel_fb__builder.hpp
[33.144s] -- Installing: /home/jenter/package/work/install/yhs_can_interfaces/include/yhs_can_interfaces/yhs_can_interfaces/msg/detail/steering_motor_current_fb__struct.hpp
[33.145s] -- Installing: /home/jenter/package/work/install/yhs_can_interfaces/include/yhs_can_interfaces/yhs_can_interfaces/msg/detail/rf_wheel_fb__struct.hpp
[33.145s] -- Installing: /home/jenter/package/work/install/yhs_can_interfaces/include/yhs_can_interfaces/yhs_can_interfaces/msg/detail/error_fb__type_support.hpp
[33.145s] -- Installing: /home/jenter/package/work/install/yhs_can_interfaces/include/yhs_can_interfaces/yhs_can_interfaces/msg/detail/bms_fb__struct.hpp
[33.145s] -- Installing: /home/jenter/package/work/install/yhs_can_interfaces/include/yhs_can_interfaces/yhs_can_interfaces/msg/detail/lr_wheel_fb__struct.hpp
[33.145s] -- Installing: /home/jenter/package/work/install/yhs_can_interfaces/include/yhs_can_interfaces/yhs_can_interfaces/msg/detail/ctrl_cmd__struct.hpp
[33.146s] -- Installing: /home/jenter/package/work/install/yhs_can_interfaces/include/yhs_can_interfaces/yhs_can_interfaces/msg/detail/motor_cmd__traits.hpp
[33.146s] -- Installing: /home/jenter/package/work/install/yhs_can_interfaces/include/yhs_can_interfaces/yhs_can_interfaces/msg/detail/front_angle_fb__builder.hpp
[33.146s] -- Installing: /home/jenter/package/work/install/yhs_can_interfaces/include/yhs_can_interfaces/yhs_can_interfaces/msg/detail/ctrl_fb__type_support.hpp
[33.146s] -- Installing: /home/jenter/package/work/install/yhs_can_interfaces/include/yhs_can_interfaces/yhs_can_interfaces/msg/detail/motor_fb__builder.hpp
[33.146s] -- Installing: /home/jenter/package/work/install/yhs_can_interfaces/include/yhs_can_interfaces/yhs_can_interfaces/msg/detail/steering_ctrl_fb__builder.hpp
[33.146s] -- Installing: /home/jenter/package/work/install/yhs_can_interfaces/include/yhs_can_interfaces/yhs_can_interfaces/msg/detail/ctrl_cmd__traits.hpp
[33.146s] -- Installing: /home/jenter/package/work/install/yhs_can_interfaces/include/yhs_can_interfaces/yhs_can_interfaces/msg/detail/rear_angle_fb__struct.hpp
[33.147s] -- Installing: /home/jenter/package/work/install/yhs_can_interfaces/include/yhs_can_interfaces/yhs_can_interfaces/msg/detail/steering_ctrl_cmd__struct.hpp
[33.147s] -- Installing: /home/jenter/package/work/install/yhs_can_interfaces/include/yhs_can_interfaces/yhs_can_interfaces/msg/detail/bms_fb__type_support.hpp
[33.147s] -- Installing: /home/jenter/package/work/install/yhs_can_interfaces/include/yhs_can_interfaces/yhs_can_interfaces/msg/detail/ctrl_fb__builder.hpp
[33.147s] -- Installing: /home/jenter/package/work/install/yhs_can_interfaces/include/yhs_can_interfaces/yhs_can_interfaces/msg/detail/bms_flag_fb__traits.hpp
[33.147s] -- Installing: /home/jenter/package/work/install/yhs_can_interfaces/include/yhs_can_interfaces/yhs_can_interfaces/msg/detail/ctrl_fb__struct.hpp
[33.148s] -- Installing: /home/jenter/package/work/install/yhs_can_interfaces/include/yhs_can_interfaces/yhs_can_interfaces/msg/detail/steering_ctrl_fb__type_support.hpp
[33.148s] -- Installing: /home/jenter/package/work/install/yhs_can_interfaces/include/yhs_can_interfaces/yhs_can_interfaces/msg/detail/ultrasonic__struct.hpp
[33.148s] -- Installing: /home/jenter/package/work/install/yhs_can_interfaces/include/yhs_can_interfaces/yhs_can_interfaces/msg/detail/steering_motor_current_fb__type_support.hpp
[33.148s] -- Installing: /home/jenter/package/work/install/yhs_can_interfaces/include/yhs_can_interfaces/yhs_can_interfaces/msg/detail/chassis_info_fb__builder.hpp
[33.148s] -- Installing: /home/jenter/package/work/install/yhs_can_interfaces/include/yhs_can_interfaces/yhs_can_interfaces/msg/detail/lf_wheel_fb__traits.hpp
[33.148s] -- Installing: /home/jenter/package/work/install/yhs_can_interfaces/include/yhs_can_interfaces/yhs_can_interfaces/msg/detail/ultrasonic__builder.hpp
[33.149s] -- Installing: /home/jenter/package/work/install/yhs_can_interfaces/include/yhs_can_interfaces/yhs_can_interfaces/msg/detail/rear_angle_fb__traits.hpp
[33.149s] -- Installing: /home/jenter/package/work/install/yhs_can_interfaces/include/yhs_can_interfaces/yhs_can_interfaces/msg/detail/rf_wheel_fb__builder.hpp
[33.149s] -- Installing: /home/jenter/package/work/install/yhs_can_interfaces/include/yhs_can_interfaces/yhs_can_interfaces/msg/detail/rr_wheel_fb__type_support.hpp
[33.149s] -- Installing: /home/jenter/package/work/install/yhs_can_interfaces/include/yhs_can_interfaces/yhs_can_interfaces/msg/detail/ultrasonic__type_support.hpp
[33.149s] -- Installing: /home/jenter/package/work/install/yhs_can_interfaces/include/yhs_can_interfaces/yhs_can_interfaces/msg/detail/io_fb__builder.hpp
[33.150s] -- Installing: /home/jenter/package/work/install/yhs_can_interfaces/include/yhs_can_interfaces/yhs_can_interfaces/msg/detail/rear_angle_fb__type_support.hpp
[33.150s] -- Installing: /home/jenter/package/work/install/yhs_can_interfaces/include/yhs_can_interfaces/yhs_can_interfaces/msg/detail/rr_wheel_fb__traits.hpp
[33.150s] -- Installing: /home/jenter/package/work/install/yhs_can_interfaces/include/yhs_can_interfaces/yhs_can_interfaces/msg/detail/bms_flag_fb__type_support.hpp
[33.150s] -- Installing: /home/jenter/package/work/install/yhs_can_interfaces/include/yhs_can_interfaces/yhs_can_interfaces/msg/detail/rf_wheel_fb__traits.hpp
[33.150s] -- Installing: /home/jenter/package/work/install/yhs_can_interfaces/include/yhs_can_interfaces/yhs_can_interfaces/msg/detail/motor_cmd__builder.hpp
[33.150s] -- Installing: /home/jenter/package/work/install/yhs_can_interfaces/include/yhs_can_interfaces/yhs_can_interfaces/msg/detail/io_fb__struct.hpp
[33.151s] -- Installing: /home/jenter/package/work/install/yhs_can_interfaces/include/yhs_can_interfaces/yhs_can_interfaces/msg/detail/bms_flag_fb__struct.hpp
[33.151s] -- Installing: /home/jenter/package/work/install/yhs_can_interfaces/include/yhs_can_interfaces/yhs_can_interfaces/msg/detail/drive_motor_current_fb__traits.hpp
[33.151s] -- Installing: /home/jenter/package/work/install/yhs_can_interfaces/include/yhs_can_interfaces/yhs_can_interfaces/msg/detail/motor_fb__type_support.hpp
[33.151s] -- Installing: /home/jenter/package/work/install/yhs_can_interfaces/include/yhs_can_interfaces/yhs_can_interfaces/msg/detail/error_fb__builder.hpp
[33.151s] -- Installing: /home/jenter/package/work/install/yhs_can_interfaces/include/yhs_can_interfaces/yhs_can_interfaces/msg/detail/front_angle_fb__traits.hpp
[33.151s] -- Installing: /home/jenter/package/work/install/yhs_can_interfaces/include/yhs_can_interfaces/yhs_can_interfaces/msg/detail/ultrasonic__traits.hpp
[33.152s] -- Installing: /home/jenter/package/work/install/yhs_can_interfaces/include/yhs_can_interfaces/yhs_can_interfaces/msg/detail/io_cmd__struct.hpp
[33.152s] -- Installing: /home/jenter/package/work/install/yhs_can_interfaces/include/yhs_can_interfaces/yhs_can_interfaces/msg/detail/lr_wheel_fb__traits.hpp
[33.152s] -- Installing: /home/jenter/package/work/install/yhs_can_interfaces/include/yhs_can_interfaces/yhs_can_interfaces/msg/detail/io_cmd__builder.hpp
[33.152s] -- Installing: /home/jenter/package/work/install/yhs_can_interfaces/include/yhs_can_interfaces/yhs_can_interfaces/msg/detail/steering_ctrl_fb__struct.hpp
[33.152s] -- Installing: /home/jenter/package/work/install/yhs_can_interfaces/include/yhs_can_interfaces/yhs_can_interfaces/msg/detail/steering_ctrl_cmd__builder.hpp
[33.153s] -- Installing: /home/jenter/package/work/install/yhs_can_interfaces/include/yhs_can_interfaces/yhs_can_interfaces/msg/detail/rear_angle_fb__builder.hpp
[33.153s] -- Installing: /home/jenter/package/work/install/yhs_can_interfaces/include/yhs_can_interfaces/yhs_can_interfaces/msg/detail/steering_ctrl_fb__traits.hpp
[33.153s] -- Installing: /home/jenter/package/work/install/yhs_can_interfaces/include/yhs_can_interfaces/yhs_can_interfaces/msg/detail/motor_fb__struct.hpp
[33.154s] -- Installing: /home/jenter/package/work/install/yhs_can_interfaces/include/yhs_can_interfaces/yhs_can_interfaces/msg/detail/drive_motor_current_fb__type_support.hpp
[33.154s] -- Installing: /home/jenter/package/work/install/yhs_can_interfaces/include/yhs_can_interfaces/yhs_can_interfaces/msg/detail/lf_wheel_fb__struct.hpp
[33.154s] -- Installing: /home/jenter/package/work/install/yhs_can_interfaces/include/yhs_can_interfaces/yhs_can_interfaces/msg/detail/front_angle_fb__struct.hpp
[33.154s] -- Installing: /home/jenter/package/work/install/yhs_can_interfaces/include/yhs_can_interfaces/yhs_can_interfaces/msg/detail/chassis_info_fb__traits.hpp
[33.154s] -- Installing: /home/jenter/package/work/install/yhs_can_interfaces/include/yhs_can_interfaces/yhs_can_interfaces/msg/detail/chassis_info_fb__type_support.hpp
[33.155s] -- Installing: /home/jenter/package/work/install/yhs_can_interfaces/include/yhs_can_interfaces/yhs_can_interfaces/msg/detail/rf_wheel_fb__type_support.hpp
[33.155s] -- Installing: /home/jenter/package/work/install/yhs_can_interfaces/include/yhs_can_interfaces/yhs_can_interfaces/msg/detail/bms_fb__traits.hpp
[33.155s] -- Installing: /home/jenter/package/work/install/yhs_can_interfaces/include/yhs_can_interfaces/yhs_can_interfaces/msg/detail/lr_wheel_fb__type_support.hpp
[33.155s] -- Installing: /home/jenter/package/work/install/yhs_can_interfaces/include/yhs_can_interfaces/yhs_can_interfaces/msg/detail/drive_motor_current_fb__builder.hpp
[33.155s] -- Installing: /home/jenter/package/work/install/yhs_can_interfaces/include/yhs_can_interfaces/yhs_can_interfaces/msg/detail/io_cmd__traits.hpp
[33.155s] -- Installing: /home/jenter/package/work/install/yhs_can_interfaces/include/yhs_can_interfaces/yhs_can_interfaces/msg/detail/steering_motor_current_fb__builder.hpp
[33.156s] -- Installing: /home/jenter/package/work/install/yhs_can_interfaces/include/yhs_can_interfaces/yhs_can_interfaces/msg/detail/bms_fb__builder.hpp
[33.156s] -- Installing: /home/jenter/package/work/install/yhs_can_interfaces/include/yhs_can_interfaces/yhs_can_interfaces/msg/detail/io_fb__traits.hpp
[33.156s] -- Installing: /home/jenter/package/work/install/yhs_can_interfaces/include/yhs_can_interfaces/yhs_can_interfaces/msg/detail/error_fb__traits.hpp
[33.156s] -- Installing: /home/jenter/package/work/install/yhs_can_interfaces/include/yhs_can_interfaces/yhs_can_interfaces/msg/detail/lr_wheel_fb__builder.hpp
[33.156s] -- Installing: /home/jenter/package/work/install/yhs_can_interfaces/include/yhs_can_interfaces/yhs_can_interfaces/msg/detail/ctrl_fb__traits.hpp
[33.156s] -- Installing: /home/jenter/package/work/install/yhs_can_interfaces/include/yhs_can_interfaces/yhs_can_interfaces/msg/detail/steering_motor_current_fb__traits.hpp
[33.157s] -- Installing: /home/jenter/package/work/install/yhs_can_interfaces/include/yhs_can_interfaces/yhs_can_interfaces/msg/detail/io_cmd__type_support.hpp
[33.157s] -- Installing: /home/jenter/package/work/install/yhs_can_interfaces/include/yhs_can_interfaces/yhs_can_interfaces/msg/detail/chassis_info_fb__struct.hpp
[33.157s] -- Installing: /home/jenter/package/work/install/yhs_can_interfaces/include/yhs_can_interfaces/yhs_can_interfaces/msg/detail/drive_motor_current_fb__struct.hpp
[33.157s] -- Installing: /home/jenter/package/work/install/yhs_can_interfaces/include/yhs_can_interfaces/yhs_can_interfaces/msg/detail/lf_wheel_fb__builder.hpp
[33.157s] -- Installing: /home/jenter/package/work/install/yhs_can_interfaces/include/yhs_can_interfaces/yhs_can_interfaces/msg/detail/motor_cmd__struct.hpp
[33.157s] -- Installing: /home/jenter/package/work/install/yhs_can_interfaces/include/yhs_can_interfaces/yhs_can_interfaces/msg/detail/io_fb__type_support.hpp
[33.158s] -- Installing: /home/jenter/package/work/install/yhs_can_interfaces/include/yhs_can_interfaces/yhs_can_interfaces/msg/detail/steering_ctrl_cmd__type_support.hpp
[33.158s] -- Installing: /home/jenter/package/work/install/yhs_can_interfaces/include/yhs_can_interfaces/yhs_can_interfaces/msg/detail/ctrl_cmd__type_support.hpp
[33.158s] -- Installing: /home/jenter/package/work/install/yhs_can_interfaces/include/yhs_can_interfaces/yhs_can_interfaces/msg/detail/front_angle_fb__type_support.hpp
[33.158s] -- Installing: /home/jenter/package/work/install/yhs_can_interfaces/include/yhs_can_interfaces/yhs_can_interfaces/msg/io_cmd.hpp
[33.158s] -- Installing: /home/jenter/package/work/install/yhs_can_interfaces/include/yhs_can_interfaces/yhs_can_interfaces/msg/bms_fb.hpp
[33.158s] -- Installing: /home/jenter/package/work/install/yhs_can_interfaces/include/yhs_can_interfaces/yhs_can_interfaces/msg/chassis_info_fb.hpp
[33.159s] -- Installing: /home/jenter/package/work/install/yhs_can_interfaces/include/yhs_can_interfaces/yhs_can_interfaces/msg/lr_wheel_fb.hpp
[33.159s] -- Installing: /home/jenter/package/work/install/yhs_can_interfaces/include/yhs_can_interfaces/yhs_can_interfaces/msg/ultrasonic.hpp
[33.159s] -- Installing: /home/jenter/package/work/install/yhs_can_interfaces/include/yhs_can_interfaces/yhs_can_interfaces/msg/motor_fb.hpp
[33.159s] -- Installing: /home/jenter/package/work/install/yhs_can_interfaces/include/yhs_can_interfaces/yhs_can_interfaces/msg/rr_wheel_fb.hpp
[33.159s] -- Installing: /home/jenter/package/work/install/yhs_can_interfaces/include/yhs_can_interfaces/yhs_can_interfaces/msg/lf_wheel_fb.hpp
[33.159s] -- Installing: /home/jenter/package/work/install/yhs_can_interfaces/include/yhs_can_interfaces/yhs_can_interfaces/msg/io_fb.hpp
[33.160s] -- Installing: /home/jenter/package/work/install/yhs_can_interfaces/include/yhs_can_interfaces/yhs_can_interfaces/msg/rf_wheel_fb.hpp
[33.160s] -- Installing: /home/jenter/package/work/install/yhs_can_interfaces/include/yhs_can_interfaces/yhs_can_interfaces/msg/drive_motor_current_fb.hpp
[33.160s] -- Installing: /home/jenter/package/work/install/yhs_can_interfaces/include/yhs_can_interfaces/yhs_can_interfaces/msg/bms_flag_fb.hpp
[33.160s] -- Installing: /home/jenter/package/work/install/yhs_can_interfaces/include/yhs_can_interfaces/yhs_can_interfaces/msg/error_fb.hpp
[33.160s] -- Installing: /home/jenter/package/work/install/yhs_can_interfaces/include/yhs_can_interfaces/yhs_can_interfaces/msg/front_angle_fb.hpp
[33.160s] -- Installing: /home/jenter/package/work/install/yhs_can_interfaces/include/yhs_can_interfaces/yhs_can_interfaces/msg/ctrl_cmd.hpp
[33.161s] -- Up-to-date: /home/jenter/package/work/install/yhs_can_interfaces/include/yhs_can_interfaces/yhs_can_interfaces/msg/rosidl_generator_cpp__visibility_control.hpp
[33.161s] -- Installing: /home/jenter/package/work/install/yhs_can_interfaces/include/yhs_can_interfaces/yhs_can_interfaces/msg/rear_angle_fb.hpp
[33.161s] -- Installing: /home/jenter/package/work/install/yhs_can_interfaces/include/yhs_can_interfaces/yhs_can_interfaces/msg/steering_motor_current_fb.hpp
[33.161s] -- Up-to-date: /home/jenter/package/work/install/yhs_can_interfaces/include/yhs_can_interfaces/yhs_can_interfaces
[33.161s] -- Up-to-date: /home/jenter/package/work/install/yhs_can_interfaces/include/yhs_can_interfaces/yhs_can_interfaces/msg
[33.161s] -- Up-to-date: /home/jenter/package/work/install/yhs_can_interfaces/include/yhs_can_interfaces/yhs_can_interfaces/msg/detail
[33.162s] -- Installing: /home/jenter/package/work/install/yhs_can_interfaces/include/yhs_can_interfaces/yhs_can_interfaces/msg/detail/rear_angle_fb__rosidl_typesupport_fastrtps_cpp.hpp
[33.162s] -- Up-to-date: /home/jenter/package/work/install/yhs_can_interfaces/include/yhs_can_interfaces/yhs_can_interfaces/msg/detail/dds_fastrtps
[33.162s] -- Installing: /home/jenter/package/work/install/yhs_can_interfaces/include/yhs_can_interfaces/yhs_can_interfaces/msg/detail/motor_fb__rosidl_typesupport_fastrtps_cpp.hpp
[33.162s] -- Installing: /home/jenter/package/work/install/yhs_can_interfaces/include/yhs_can_interfaces/yhs_can_interfaces/msg/detail/steering_ctrl_cmd__rosidl_typesupport_fastrtps_cpp.hpp
[33.162s] -- Installing: /home/jenter/package/work/install/yhs_can_interfaces/include/yhs_can_interfaces/yhs_can_interfaces/msg/detail/error_fb__rosidl_typesupport_fastrtps_cpp.hpp
[33.162s] -- Installing: /home/jenter/package/work/install/yhs_can_interfaces/include/yhs_can_interfaces/yhs_can_interfaces/msg/detail/io_fb__rosidl_typesupport_fastrtps_cpp.hpp
[33.162s] -- Installing: /home/jenter/package/work/install/yhs_can_interfaces/include/yhs_can_interfaces/yhs_can_interfaces/msg/detail/lr_wheel_fb__rosidl_typesupport_fastrtps_cpp.hpp
[33.163s] -- Installing: /home/jenter/package/work/install/yhs_can_interfaces/include/yhs_can_interfaces/yhs_can_interfaces/msg/detail/ctrl_cmd__rosidl_typesupport_fastrtps_cpp.hpp
[33.163s] -- Installing: /home/jenter/package/work/install/yhs_can_interfaces/include/yhs_can_interfaces/yhs_can_interfaces/msg/detail/front_angle_fb__rosidl_typesupport_fastrtps_cpp.hpp
[33.163s] -- Installing: /home/jenter/package/work/install/yhs_can_interfaces/include/yhs_can_interfaces/yhs_can_interfaces/msg/detail/bms_fb__rosidl_typesupport_fastrtps_cpp.hpp
[33.163s] -- Installing: /home/jenter/package/work/install/yhs_can_interfaces/include/yhs_can_interfaces/yhs_can_interfaces/msg/detail/motor_cmd__rosidl_typesupport_fastrtps_cpp.hpp
[33.163s] -- Installing: /home/jenter/package/work/install/yhs_can_interfaces/include/yhs_can_interfaces/yhs_can_interfaces/msg/detail/rf_wheel_fb__rosidl_typesupport_fastrtps_cpp.hpp
[33.163s] -- Installing: /home/jenter/package/work/install/yhs_can_interfaces/include/yhs_can_interfaces/yhs_can_interfaces/msg/detail/bms_flag_fb__rosidl_typesupport_fastrtps_cpp.hpp
[33.164s] -- Installing: /home/jenter/package/work/install/yhs_can_interfaces/include/yhs_can_interfaces/yhs_can_interfaces/msg/detail/steering_motor_current_fb__rosidl_typesupport_fastrtps_cpp.hpp
[33.164s] -- Installing: /home/jenter/package/work/install/yhs_can_interfaces/include/yhs_can_interfaces/yhs_can_interfaces/msg/detail/chassis_info_fb__rosidl_typesupport_fastrtps_cpp.hpp
[33.164s] -- Installing: /home/jenter/package/work/install/yhs_can_interfaces/include/yhs_can_interfaces/yhs_can_interfaces/msg/detail/drive_motor_current_fb__rosidl_typesupport_fastrtps_cpp.hpp
[33.164s] -- Installing: /home/jenter/package/work/install/yhs_can_interfaces/include/yhs_can_interfaces/yhs_can_interfaces/msg/detail/io_cmd__rosidl_typesupport_fastrtps_cpp.hpp
[33.164s] -- Installing: /home/jenter/package/work/install/yhs_can_interfaces/include/yhs_can_interfaces/yhs_can_interfaces/msg/detail/lf_wheel_fb__rosidl_typesupport_fastrtps_cpp.hpp
[33.164s] -- Installing: /home/jenter/package/work/install/yhs_can_interfaces/include/yhs_can_interfaces/yhs_can_interfaces/msg/detail/rr_wheel_fb__rosidl_typesupport_fastrtps_cpp.hpp
[33.165s] -- Installing: /home/jenter/package/work/install/yhs_can_interfaces/include/yhs_can_interfaces/yhs_can_interfaces/msg/detail/ultrasonic__rosidl_typesupport_fastrtps_cpp.hpp
[33.165s] -- Installing: /home/jenter/package/work/install/yhs_can_interfaces/include/yhs_can_interfaces/yhs_can_interfaces/msg/detail/ctrl_fb__rosidl_typesupport_fastrtps_cpp.hpp
[33.165s] -- Installing: /home/jenter/package/work/install/yhs_can_interfaces/include/yhs_can_interfaces/yhs_can_interfaces/msg/detail/steering_ctrl_fb__rosidl_typesupport_fastrtps_cpp.hpp
[33.165s] -- Up-to-date: /home/jenter/package/work/install/yhs_can_interfaces/include/yhs_can_interfaces/yhs_can_interfaces/msg/rosidl_typesupport_fastrtps_cpp__visibility_control.h
[33.165s] -- Installing: /home/jenter/package/work/install/yhs_can_interfaces/lib/libyhs_can_interfaces__rosidl_typesupport_fastrtps_cpp.so
[33.166s] -- Set runtime path of "/home/jenter/package/work/install/yhs_can_interfaces/lib/libyhs_can_interfaces__rosidl_typesupport_fastrtps_cpp.so" to ""
[33.166s] -- Up-to-date: /home/jenter/package/work/install/yhs_can_interfaces/include/yhs_can_interfaces/yhs_can_interfaces
[33.167s] -- Up-to-date: /home/jenter/package/work/install/yhs_can_interfaces/include/yhs_can_interfaces/yhs_can_interfaces/msg
[33.167s] -- Up-to-date: /home/jenter/package/work/install/yhs_can_interfaces/include/yhs_can_interfaces/yhs_can_interfaces/msg/detail
[33.167s] -- Installing: /home/jenter/package/work/install/yhs_can_interfaces/include/yhs_can_interfaces/yhs_can_interfaces/msg/detail/lf_wheel_fb__type_support.cpp
[33.167s] -- Installing: /home/jenter/package/work/install/yhs_can_interfaces/include/yhs_can_interfaces/yhs_can_interfaces/msg/detail/front_angle_fb__type_support.cpp
[33.167s] -- Installing: /home/jenter/package/work/install/yhs_can_interfaces/include/yhs_can_interfaces/yhs_can_interfaces/msg/detail/ultrasonic__rosidl_typesupport_introspection_cpp.hpp
[33.167s] -- Installing: /home/jenter/package/work/install/yhs_can_interfaces/include/yhs_can_interfaces/yhs_can_interfaces/msg/detail/steering_ctrl_cmd__type_support.cpp
[33.167s] -- Installing: /home/jenter/package/work/install/yhs_can_interfaces/include/yhs_can_interfaces/yhs_can_interfaces/msg/detail/motor_fb__rosidl_typesupport_introspection_cpp.hpp
[33.168s] -- Installing: /home/jenter/package/work/install/yhs_can_interfaces/include/yhs_can_interfaces/yhs_can_interfaces/msg/detail/ctrl_fb__rosidl_typesupport_introspection_cpp.hpp
[33.168s] -- Installing: /home/jenter/package/work/install/yhs_can_interfaces/include/yhs_can_interfaces/yhs_can_interfaces/msg/detail/io_fb__rosidl_typesupport_introspection_cpp.hpp
[33.168s] -- Installing: /home/jenter/package/work/install/yhs_can_interfaces/include/yhs_can_interfaces/yhs_can_interfaces/msg/detail/rr_wheel_fb__rosidl_typesupport_introspection_cpp.hpp
[33.168s] -- Installing: /home/jenter/package/work/install/yhs_can_interfaces/include/yhs_can_interfaces/yhs_can_interfaces/msg/detail/bms_fb__type_support.cpp
[33.168s] -- Installing: /home/jenter/package/work/install/yhs_can_interfaces/include/yhs_can_interfaces/yhs_can_interfaces/msg/detail/io_cmd__type_support.cpp
[33.168s] -- Installing: /home/jenter/package/work/install/yhs_can_interfaces/include/yhs_can_interfaces/yhs_can_interfaces/msg/detail/error_fb__rosidl_typesupport_introspection_cpp.hpp
[33.169s] -- Installing: /home/jenter/package/work/install/yhs_can_interfaces/include/yhs_can_interfaces/yhs_can_interfaces/msg/detail/rear_angle_fb__rosidl_typesupport_introspection_cpp.hpp
[33.169s] -- Installing: /home/jenter/package/work/install/yhs_can_interfaces/include/yhs_can_interfaces/yhs_can_interfaces/msg/detail/lf_wheel_fb__rosidl_typesupport_introspection_cpp.hpp
[33.169s] -- Installing: /home/jenter/package/work/install/yhs_can_interfaces/include/yhs_can_interfaces/yhs_can_interfaces/msg/detail/chassis_info_fb__rosidl_typesupport_introspection_cpp.hpp
[33.169s] -- Installing: /home/jenter/package/work/install/yhs_can_interfaces/include/yhs_can_interfaces/yhs_can_interfaces/msg/detail/steering_motor_current_fb__type_support.cpp
[33.169s] -- Installing: /home/jenter/package/work/install/yhs_can_interfaces/include/yhs_can_interfaces/yhs_can_interfaces/msg/detail/motor_cmd__type_support.cpp
[33.170s] -- Installing: /home/jenter/package/work/install/yhs_can_interfaces/include/yhs_can_interfaces/yhs_can_interfaces/msg/detail/steering_motor_current_fb__rosidl_typesupport_introspection_cpp.hpp
[33.170s] -- Installing: /home/jenter/package/work/install/yhs_can_interfaces/include/yhs_can_interfaces/yhs_can_interfaces/msg/detail/bms_flag_fb__type_support.cpp
[33.170s] -- Installing: /home/jenter/package/work/install/yhs_can_interfaces/include/yhs_can_interfaces/yhs_can_interfaces/msg/detail/chassis_info_fb__type_support.cpp
[33.170s] -- Installing: /home/jenter/package/work/install/yhs_can_interfaces/include/yhs_can_interfaces/yhs_can_interfaces/msg/detail/bms_fb__rosidl_typesupport_introspection_cpp.hpp
[33.170s] -- Installing: /home/jenter/package/work/install/yhs_can_interfaces/include/yhs_can_interfaces/yhs_can_interfaces/msg/detail/ultrasonic__type_support.cpp
[33.171s] -- Installing: /home/jenter/package/work/install/yhs_can_interfaces/include/yhs_can_interfaces/yhs_can_interfaces/msg/detail/lr_wheel_fb__type_support.cpp
[33.171s] -- Installing: /home/jenter/package/work/install/yhs_can_interfaces/include/yhs_can_interfaces/yhs_can_interfaces/msg/detail/rr_wheel_fb__type_support.cpp
[33.171s] -- Installing: /home/jenter/package/work/install/yhs_can_interfaces/include/yhs_can_interfaces/yhs_can_interfaces/msg/detail/error_fb__type_support.cpp
[33.171s] -- Installing: /home/jenter/package/work/install/yhs_can_interfaces/include/yhs_can_interfaces/yhs_can_interfaces/msg/detail/motor_fb__type_support.cpp
[33.171s] -- Installing: /home/jenter/package/work/install/yhs_can_interfaces/include/yhs_can_interfaces/yhs_can_interfaces/msg/detail/drive_motor_current_fb__rosidl_typesupport_introspection_cpp.hpp
[33.171s] -- Installing: /home/jenter/package/work/install/yhs_can_interfaces/include/yhs_can_interfaces/yhs_can_interfaces/msg/detail/rf_wheel_fb__type_support.cpp
[33.172s] -- Installing: /home/jenter/package/work/install/yhs_can_interfaces/include/yhs_can_interfaces/yhs_can_interfaces/msg/detail/bms_flag_fb__rosidl_typesupport_introspection_cpp.hpp
[33.172s] -- Installing: /home/jenter/package/work/install/yhs_can_interfaces/include/yhs_can_interfaces/yhs_can_interfaces/msg/detail/ctrl_fb__type_support.cpp
[33.172s] -- Installing: /home/jenter/package/work/install/yhs_can_interfaces/include/yhs_can_interfaces/yhs_can_interfaces/msg/detail/steering_ctrl_fb__rosidl_typesupport_introspection_cpp.hpp
[33.172s] -- Installing: /home/jenter/package/work/install/yhs_can_interfaces/include/yhs_can_interfaces/yhs_can_interfaces/msg/detail/front_angle_fb__rosidl_typesupport_introspection_cpp.hpp
[33.172s] -- Installing: /home/jenter/package/work/install/yhs_can_interfaces/include/yhs_can_interfaces/yhs_can_interfaces/msg/detail/rear_angle_fb__type_support.cpp
[33.172s] -- Installing: /home/jenter/package/work/install/yhs_can_interfaces/include/yhs_can_interfaces/yhs_can_interfaces/msg/detail/steering_ctrl_fb__type_support.cpp
[33.173s] -- Installing: /home/jenter/package/work/install/yhs_can_interfaces/include/yhs_can_interfaces/yhs_can_interfaces/msg/detail/ctrl_cmd__rosidl_typesupport_introspection_cpp.hpp
[33.173s] -- Installing: /home/jenter/package/work/install/yhs_can_interfaces/include/yhs_can_interfaces/yhs_can_interfaces/msg/detail/io_cmd__rosidl_typesupport_introspection_cpp.hpp
[33.173s] -- Installing: /home/jenter/package/work/install/yhs_can_interfaces/include/yhs_can_interfaces/yhs_can_interfaces/msg/detail/rf_wheel_fb__rosidl_typesupport_introspection_cpp.hpp
[33.173s] -- Installing: /home/jenter/package/work/install/yhs_can_interfaces/include/yhs_can_interfaces/yhs_can_interfaces/msg/detail/lr_wheel_fb__rosidl_typesupport_introspection_cpp.hpp
[33.173s] -- Installing: /home/jenter/package/work/install/yhs_can_interfaces/include/yhs_can_interfaces/yhs_can_interfaces/msg/detail/steering_ctrl_cmd__rosidl_typesupport_introspection_cpp.hpp
[33.174s] -- Installing: /home/jenter/package/work/install/yhs_can_interfaces/include/yhs_can_interfaces/yhs_can_interfaces/msg/detail/ctrl_cmd__type_support.cpp
[33.174s] -- Installing: /home/jenter/package/work/install/yhs_can_interfaces/include/yhs_can_interfaces/yhs_can_interfaces/msg/detail/io_fb__type_support.cpp
[33.174s] -- Installing: /home/jenter/package/work/install/yhs_can_interfaces/include/yhs_can_interfaces/yhs_can_interfaces/msg/detail/drive_motor_current_fb__type_support.cpp
[33.174s] -- Installing: /home/jenter/package/work/install/yhs_can_interfaces/include/yhs_can_interfaces/yhs_can_interfaces/msg/detail/motor_cmd__rosidl_typesupport_introspection_cpp.hpp
[33.174s] -- Installing: /home/jenter/package/work/install/yhs_can_interfaces/lib/libyhs_can_interfaces__rosidl_typesupport_introspection_cpp.so
[33.175s] -- Set runtime path of "/home/jenter/package/work/install/yhs_can_interfaces/lib/libyhs_can_interfaces__rosidl_typesupport_introspection_cpp.so" to ""
[33.175s] -- Installing: /home/jenter/package/work/install/yhs_can_interfaces/lib/libyhs_can_interfaces__rosidl_typesupport_cpp.so
[33.176s] -- Set runtime path of "/home/jenter/package/work/install/yhs_can_interfaces/lib/libyhs_can_interfaces__rosidl_typesupport_cpp.so" to ""
[33.176s] -- Up-to-date: /home/jenter/package/work/install/yhs_can_interfaces/share/yhs_can_interfaces/environment/pythonpath.sh
[33.176s] -- Installing: /home/jenter/package/work/install/yhs_can_interfaces/share/yhs_can_interfaces/environment/pythonpath.dsv
[33.176s] -- Up-to-date: /home/jenter/package/work/install/yhs_can_interfaces/local/lib/python3.10/dist-packages/yhs_can_interfaces-0.0.0-py3.10.egg-info
[33.177s] -- Installing: /home/jenter/package/work/install/yhs_can_interfaces/local/lib/python3.10/dist-packages/yhs_can_interfaces-0.0.0-py3.10.egg-info/dependency_links.txt
[33.177s] -- Installing: /home/jenter/package/work/install/yhs_can_interfaces/local/lib/python3.10/dist-packages/yhs_can_interfaces-0.0.0-py3.10.egg-info/SOURCES.txt
[33.177s] -- Installing: /home/jenter/package/work/install/yhs_can_interfaces/local/lib/python3.10/dist-packages/yhs_can_interfaces-0.0.0-py3.10.egg-info/top_level.txt
[33.177s] -- Installing: /home/jenter/package/work/install/yhs_can_interfaces/local/lib/python3.10/dist-packages/yhs_can_interfaces-0.0.0-py3.10.egg-info/PKG-INFO
[33.177s] -- Up-to-date: /home/jenter/package/work/install/yhs_can_interfaces/local/lib/python3.10/dist-packages/yhs_can_interfaces
[33.177s] -- Installing: /home/jenter/package/work/install/yhs_can_interfaces/local/lib/python3.10/dist-packages/yhs_can_interfaces/libyhs_can_interfaces__rosidl_generator_py.so
[33.178s] -- Installing: /home/jenter/package/work/install/yhs_can_interfaces/local/lib/python3.10/dist-packages/yhs_can_interfaces/yhs_can_interfaces_s__rosidl_typesupport_introspection_c.cpython-310-x86_64-linux-gnu.so
[33.178s] -- Up-to-date: /home/jenter/package/work/install/yhs_can_interfaces/local/lib/python3.10/dist-packages/yhs_can_interfaces/msg
[33.178s] -- Installing: /home/jenter/package/work/install/yhs_can_interfaces/local/lib/python3.10/dist-packages/yhs_can_interfaces/msg/_lr_wheel_fb.py
[33.178s] -- Installing: /home/jenter/package/work/install/yhs_can_interfaces/local/lib/python3.10/dist-packages/yhs_can_interfaces/msg/_chassis_info_fb.py
[33.178s] -- Installing: /home/jenter/package/work/install/yhs_can_interfaces/local/lib/python3.10/dist-packages/yhs_can_interfaces/msg/_ultrasonic_s.c
[33.179s] -- Installing: /home/jenter/package/work/install/yhs_can_interfaces/local/lib/python3.10/dist-packages/yhs_can_interfaces/msg/_steering_motor_current_fb.py
[33.179s] -- Installing: /home/jenter/package/work/install/yhs_can_interfaces/local/lib/python3.10/dist-packages/yhs_can_interfaces/msg/_bms_fb_s.c
[33.179s] -- Installing: /home/jenter/package/work/install/yhs_can_interfaces/local/lib/python3.10/dist-packages/yhs_can_interfaces/msg/_io_cmd.py
[33.179s] -- Installing: /home/jenter/package/work/install/yhs_can_interfaces/local/lib/python3.10/dist-packages/yhs_can_interfaces/msg/_rr_wheel_fb_s.c
[33.179s] -- Installing: /home/jenter/package/work/install/yhs_can_interfaces/local/lib/python3.10/dist-packages/yhs_can_interfaces/msg/_motor_cmd_s.c
[33.180s] -- Installing: /home/jenter/package/work/install/yhs_can_interfaces/local/lib/python3.10/dist-packages/yhs_can_interfaces/msg/_error_fb.py
[33.180s] -- Installing: /home/jenter/package/work/install/yhs_can_interfaces/local/lib/python3.10/dist-packages/yhs_can_interfaces/msg/_lf_wheel_fb_s.c
[33.180s] -- Installing: /home/jenter/package/work/install/yhs_can_interfaces/local/lib/python3.10/dist-packages/yhs_can_interfaces/msg/_chassis_info_fb_s.c
[33.180s] -- Installing: /home/jenter/package/work/install/yhs_can_interfaces/local/lib/python3.10/dist-packages/yhs_can_interfaces/msg/_front_angle_fb.py
[33.180s] -- Installing: /home/jenter/package/work/install/yhs_can_interfaces/local/lib/python3.10/dist-packages/yhs_can_interfaces/msg/_rear_angle_fb.py
[33.180s] -- Installing: /home/jenter/package/work/install/yhs_can_interfaces/local/lib/python3.10/dist-packages/yhs_can_interfaces/msg/_rf_wheel_fb_s.c
[33.181s] -- Installing: /home/jenter/package/work/install/yhs_can_interfaces/local/lib/python3.10/dist-packages/yhs_can_interfaces/msg/_front_angle_fb_s.c
[33.181s] -- Installing: /home/jenter/package/work/install/yhs_can_interfaces/local/lib/python3.10/dist-packages/yhs_can_interfaces/msg/_steering_ctrl_cmd_s.c
[33.181s] -- Installing: /home/jenter/package/work/install/yhs_can_interfaces/local/lib/python3.10/dist-packages/yhs_can_interfaces/msg/_io_fb.py
[33.181s] -- Installing: /home/jenter/package/work/install/yhs_can_interfaces/local/lib/python3.10/dist-packages/yhs_can_interfaces/msg/_ctrl_cmd.py
[33.181s] -- Installing: /home/jenter/package/work/install/yhs_can_interfaces/local/lib/python3.10/dist-packages/yhs_can_interfaces/msg/__init__.py
[33.182s] -- Installing: /home/jenter/package/work/install/yhs_can_interfaces/local/lib/python3.10/dist-packages/yhs_can_interfaces/msg/_lf_wheel_fb.py
[33.182s] -- Installing: /home/jenter/package/work/install/yhs_can_interfaces/local/lib/python3.10/dist-packages/yhs_can_interfaces/msg/_ctrl_cmd_s.c
[33.182s] -- Installing: /home/jenter/package/work/install/yhs_can_interfaces/local/lib/python3.10/dist-packages/yhs_can_interfaces/msg/_rear_angle_fb_s.c
[33.182s] -- Installing: /home/jenter/package/work/install/yhs_can_interfaces/local/lib/python3.10/dist-packages/yhs_can_interfaces/msg/_steering_ctrl_fb.py
[33.182s] -- Installing: /home/jenter/package/work/install/yhs_can_interfaces/local/lib/python3.10/dist-packages/yhs_can_interfaces/msg/_io_fb_s.c
[33.182s] -- Installing: /home/jenter/package/work/install/yhs_can_interfaces/local/lib/python3.10/dist-packages/yhs_can_interfaces/msg/_io_cmd_s.c
[33.183s] -- Installing: /home/jenter/package/work/install/yhs_can_interfaces/local/lib/python3.10/dist-packages/yhs_can_interfaces/msg/_bms_fb.py
[33.183s] -- Installing: /home/jenter/package/work/install/yhs_can_interfaces/local/lib/python3.10/dist-packages/yhs_can_interfaces/msg/_rf_wheel_fb.py
[33.183s] -- Installing: /home/jenter/package/work/install/yhs_can_interfaces/local/lib/python3.10/dist-packages/yhs_can_interfaces/msg/_motor_fb_s.c
[33.183s] -- Installing: /home/jenter/package/work/install/yhs_can_interfaces/local/lib/python3.10/dist-packages/yhs_can_interfaces/msg/_ultrasonic.py
[33.183s] -- Installing: /home/jenter/package/work/install/yhs_can_interfaces/local/lib/python3.10/dist-packages/yhs_can_interfaces/msg/_bms_flag_fb_s.c
[33.183s] -- Installing: /home/jenter/package/work/install/yhs_can_interfaces/local/lib/python3.10/dist-packages/yhs_can_interfaces/msg/_bms_flag_fb.py
[33.184s] -- Installing: /home/jenter/package/work/install/yhs_can_interfaces/local/lib/python3.10/dist-packages/yhs_can_interfaces/msg/_lr_wheel_fb_s.c
[33.184s] -- Installing: /home/jenter/package/work/install/yhs_can_interfaces/local/lib/python3.10/dist-packages/yhs_can_interfaces/msg/_drive_motor_current_fb_s.c
[33.184s] -- Installing: /home/jenter/package/work/install/yhs_can_interfaces/local/lib/python3.10/dist-packages/yhs_can_interfaces/msg/_ctrl_fb.py
[33.184s] -- Installing: /home/jenter/package/work/install/yhs_can_interfaces/local/lib/python3.10/dist-packages/yhs_can_interfaces/msg/_steering_motor_current_fb_s.c
[33.184s] -- Installing: /home/jenter/package/work/install/yhs_can_interfaces/local/lib/python3.10/dist-packages/yhs_can_interfaces/msg/_error_fb_s.c
[33.184s] -- Installing: /home/jenter/package/work/install/yhs_can_interfaces/local/lib/python3.10/dist-packages/yhs_can_interfaces/msg/_steering_ctrl_fb_s.c
[33.185s] -- Installing: /home/jenter/package/work/install/yhs_can_interfaces/local/lib/python3.10/dist-packages/yhs_can_interfaces/msg/_drive_motor_current_fb.py
[33.185s] -- Installing: /home/jenter/package/work/install/yhs_can_interfaces/local/lib/python3.10/dist-packages/yhs_can_interfaces/msg/_motor_cmd.py
[33.185s] -- Installing: /home/jenter/package/work/install/yhs_can_interfaces/local/lib/python3.10/dist-packages/yhs_can_interfaces/msg/_motor_fb.py
[33.185s] -- Installing: /home/jenter/package/work/install/yhs_can_interfaces/local/lib/python3.10/dist-packages/yhs_can_interfaces/msg/_steering_ctrl_cmd.py
[33.185s] -- Installing: /home/jenter/package/work/install/yhs_can_interfaces/local/lib/python3.10/dist-packages/yhs_can_interfaces/msg/_rr_wheel_fb.py
[33.186s] -- Installing: /home/jenter/package/work/install/yhs_can_interfaces/local/lib/python3.10/dist-packages/yhs_can_interfaces/msg/_ctrl_fb_s.c
[33.186s] -- Installing: /home/jenter/package/work/install/yhs_can_interfaces/local/lib/python3.10/dist-packages/yhs_can_interfaces/yhs_can_interfaces_s__rosidl_typesupport_c.cpython-310-x86_64-linux-gnu.so
[33.186s] -- Installing: /home/jenter/package/work/install/yhs_can_interfaces/local/lib/python3.10/dist-packages/yhs_can_interfaces/__init__.py
[33.186s] -- Installing: /home/jenter/package/work/install/yhs_can_interfaces/local/lib/python3.10/dist-packages/yhs_can_interfaces/_yhs_can_interfaces_s.ep.rosidl_typesupport_introspection_c.c
[33.186s] -- Installing: /home/jenter/package/work/install/yhs_can_interfaces/local/lib/python3.10/dist-packages/yhs_can_interfaces/_yhs_can_interfaces_s.ep.rosidl_typesupport_fastrtps_c.c
[33.187s] -- Installing: /home/jenter/package/work/install/yhs_can_interfaces/local/lib/python3.10/dist-packages/yhs_can_interfaces/_yhs_can_interfaces_s.ep.rosidl_typesupport_c.c
[33.187s] -- Installing: /home/jenter/package/work/install/yhs_can_interfaces/local/lib/python3.10/dist-packages/yhs_can_interfaces/yhs_can_interfaces_s__rosidl_typesupport_fastrtps_c.cpython-310-x86_64-linux-gnu.so
[33.272s] Listing '/home/jenter/package/work/install/yhs_can_interfaces/local/lib/python3.10/dist-packages/yhs_can_interfaces'...
[33.272s] Compiling '/home/jenter/package/work/install/yhs_can_interfaces/local/lib/python3.10/dist-packages/yhs_can_interfaces/__init__.py'...
[33.273s] Listing '/home/jenter/package/work/install/yhs_can_interfaces/local/lib/python3.10/dist-packages/yhs_can_interfaces/msg'...
[33.273s] Compiling '/home/jenter/package/work/install/yhs_can_interfaces/local/lib/python3.10/dist-packages/yhs_can_interfaces/msg/__init__.py'...
[33.273s] Compiling '/home/jenter/package/work/install/yhs_can_interfaces/local/lib/python3.10/dist-packages/yhs_can_interfaces/msg/_bms_fb.py'...
[33.273s] Compiling '/home/jenter/package/work/install/yhs_can_interfaces/local/lib/python3.10/dist-packages/yhs_can_interfaces/msg/_bms_flag_fb.py'...
[33.273s] Compiling '/home/jenter/package/work/install/yhs_can_interfaces/local/lib/python3.10/dist-packages/yhs_can_interfaces/msg/_chassis_info_fb.py'...
[33.273s] Compiling '/home/jenter/package/work/install/yhs_can_interfaces/local/lib/python3.10/dist-packages/yhs_can_interfaces/msg/_ctrl_cmd.py'...
[33.273s] Compiling '/home/jenter/package/work/install/yhs_can_interfaces/local/lib/python3.10/dist-packages/yhs_can_interfaces/msg/_ctrl_fb.py'...
[33.273s] Compiling '/home/jenter/package/work/install/yhs_can_interfaces/local/lib/python3.10/dist-packages/yhs_can_interfaces/msg/_drive_motor_current_fb.py'...
[33.273s] Compiling '/home/jenter/package/work/install/yhs_can_interfaces/local/lib/python3.10/dist-packages/yhs_can_interfaces/msg/_error_fb.py'...
[33.273s] Compiling '/home/jenter/package/work/install/yhs_can_interfaces/local/lib/python3.10/dist-packages/yhs_can_interfaces/msg/_front_angle_fb.py'...
[33.273s] Compiling '/home/jenter/package/work/install/yhs_can_interfaces/local/lib/python3.10/dist-packages/yhs_can_interfaces/msg/_io_cmd.py'...
[33.274s] Compiling '/home/jenter/package/work/install/yhs_can_interfaces/local/lib/python3.10/dist-packages/yhs_can_interfaces/msg/_io_fb.py'...
[33.274s] Compiling '/home/jenter/package/work/install/yhs_can_interfaces/local/lib/python3.10/dist-packages/yhs_can_interfaces/msg/_lf_wheel_fb.py'...
[33.274s] Compiling '/home/jenter/package/work/install/yhs_can_interfaces/local/lib/python3.10/dist-packages/yhs_can_interfaces/msg/_lr_wheel_fb.py'...
[33.274s] Compiling '/home/jenter/package/work/install/yhs_can_interfaces/local/lib/python3.10/dist-packages/yhs_can_interfaces/msg/_motor_cmd.py'...
[33.274s] Compiling '/home/jenter/package/work/install/yhs_can_interfaces/local/lib/python3.10/dist-packages/yhs_can_interfaces/msg/_motor_fb.py'...
[33.274s] Compiling '/home/jenter/package/work/install/yhs_can_interfaces/local/lib/python3.10/dist-packages/yhs_can_interfaces/msg/_rear_angle_fb.py'...
[33.274s] Compiling '/home/jenter/package/work/install/yhs_can_interfaces/local/lib/python3.10/dist-packages/yhs_can_interfaces/msg/_rf_wheel_fb.py'...
[33.274s] Compiling '/home/jenter/package/work/install/yhs_can_interfaces/local/lib/python3.10/dist-packages/yhs_can_interfaces/msg/_rr_wheel_fb.py'...
[33.274s] Compiling '/home/jenter/package/work/install/yhs_can_interfaces/local/lib/python3.10/dist-packages/yhs_can_interfaces/msg/_steering_ctrl_cmd.py'...
[33.274s] Compiling '/home/jenter/package/work/install/yhs_can_interfaces/local/lib/python3.10/dist-packages/yhs_can_interfaces/msg/_steering_ctrl_fb.py'...
[33.274s] Compiling '/home/jenter/package/work/install/yhs_can_interfaces/local/lib/python3.10/dist-packages/yhs_can_interfaces/msg/_steering_motor_current_fb.py'...
[33.275s] Compiling '/home/jenter/package/work/install/yhs_can_interfaces/local/lib/python3.10/dist-packages/yhs_can_interfaces/msg/_ultrasonic.py'...
[33.280s] -- Installing: /home/jenter/package/work/install/yhs_can_interfaces/local/lib/python3.10/dist-packages/yhs_can_interfaces/yhs_can_interfaces_s__rosidl_typesupport_fastrtps_c.cpython-310-x86_64-linux-gnu.so
[33.281s] -- Set runtime path of "/home/jenter/package/work/install/yhs_can_interfaces/local/lib/python3.10/dist-packages/yhs_can_interfaces/yhs_can_interfaces_s__rosidl_typesupport_fastrtps_c.cpython-310-x86_64-linux-gnu.so" to ""
[33.281s] -- Installing: /home/jenter/package/work/install/yhs_can_interfaces/local/lib/python3.10/dist-packages/yhs_can_interfaces/yhs_can_interfaces_s__rosidl_typesupport_introspection_c.cpython-310-x86_64-linux-gnu.so
[33.282s] -- Set runtime path of "/home/jenter/package/work/install/yhs_can_interfaces/local/lib/python3.10/dist-packages/yhs_can_interfaces/yhs_can_interfaces_s__rosidl_typesupport_introspection_c.cpython-310-x86_64-linux-gnu.so" to ""
[33.282s] -- Installing: /home/jenter/package/work/install/yhs_can_interfaces/local/lib/python3.10/dist-packages/yhs_can_interfaces/yhs_can_interfaces_s__rosidl_typesupport_c.cpython-310-x86_64-linux-gnu.so
[33.282s] -- Set runtime path of "/home/jenter/package/work/install/yhs_can_interfaces/local/lib/python3.10/dist-packages/yhs_can_interfaces/yhs_can_interfaces_s__rosidl_typesupport_c.cpython-310-x86_64-linux-gnu.so" to ""
[33.283s] -- Installing: /home/jenter/package/work/install/yhs_can_interfaces/lib/libyhs_can_interfaces__rosidl_generator_py.so
[33.283s] -- Set runtime path of "/home/jenter/package/work/install/yhs_can_interfaces/lib/libyhs_can_interfaces__rosidl_generator_py.so" to ""
[33.284s] -- Up-to-date: /home/jenter/package/work/install/yhs_can_interfaces/share/yhs_can_interfaces/msg/BmsFlagFb.idl
[33.284s] -- Up-to-date: /home/jenter/package/work/install/yhs_can_interfaces/share/yhs_can_interfaces/msg/BmsFb.idl
[33.284s] -- Up-to-date: /home/jenter/package/work/install/yhs_can_interfaces/share/yhs_can_interfaces/msg/ChassisInfoFb.idl
[33.284s] -- Up-to-date: /home/jenter/package/work/install/yhs_can_interfaces/share/yhs_can_interfaces/msg/CtrlCmd.idl
[33.284s] -- Up-to-date: /home/jenter/package/work/install/yhs_can_interfaces/share/yhs_can_interfaces/msg/CtrlFb.idl
[33.284s] -- Installing: /home/jenter/package/work/install/yhs_can_interfaces/share/yhs_can_interfaces/msg/SteeringCtrlCmd.idl
[33.285s] -- Installing: /home/jenter/package/work/install/yhs_can_interfaces/share/yhs_can_interfaces/msg/SteeringCtrlFb.idl
[33.285s] -- Up-to-date: /home/jenter/package/work/install/yhs_can_interfaces/share/yhs_can_interfaces/msg/FrontAngleFb.idl
[33.285s] -- Up-to-date: /home/jenter/package/work/install/yhs_can_interfaces/share/yhs_can_interfaces/msg/IoCmd.idl
[33.285s] -- Up-to-date: /home/jenter/package/work/install/yhs_can_interfaces/share/yhs_can_interfaces/msg/IoFb.idl
[33.285s] -- Up-to-date: /home/jenter/package/work/install/yhs_can_interfaces/share/yhs_can_interfaces/msg/LrWheelFb.idl
[33.285s] -- Up-to-date: /home/jenter/package/work/install/yhs_can_interfaces/share/yhs_can_interfaces/msg/RrWheelFb.idl
[33.285s] -- Up-to-date: /home/jenter/package/work/install/yhs_can_interfaces/share/yhs_can_interfaces/msg/LfWheelFb.idl
[33.285s] -- Up-to-date: /home/jenter/package/work/install/yhs_can_interfaces/share/yhs_can_interfaces/msg/RfWheelFb.idl
[33.286s] -- Up-to-date: /home/jenter/package/work/install/yhs_can_interfaces/share/yhs_can_interfaces/msg/RearAngleFb.idl
[33.286s] -- Up-to-date: /home/jenter/package/work/install/yhs_can_interfaces/share/yhs_can_interfaces/msg/Ultrasonic.idl
[33.286s] -- Up-to-date: /home/jenter/package/work/install/yhs_can_interfaces/share/yhs_can_interfaces/msg/ErrorFb.idl
[33.286s] -- Up-to-date: /home/jenter/package/work/install/yhs_can_interfaces/share/yhs_can_interfaces/msg/MotorCmd.idl
[33.286s] -- Up-to-date: /home/jenter/package/work/install/yhs_can_interfaces/share/yhs_can_interfaces/msg/MotorFb.idl
[33.286s] -- Up-to-date: /home/jenter/package/work/install/yhs_can_interfaces/share/yhs_can_interfaces/msg/DriveMotorCurrentFb.idl
[33.286s] -- Up-to-date: /home/jenter/package/work/install/yhs_can_interfaces/share/yhs_can_interfaces/msg/SteeringMotorCurrentFb.idl
[33.286s] -- Up-to-date: /home/jenter/package/work/install/yhs_can_interfaces/share/yhs_can_interfaces/msg/BmsFlagFb.msg
[33.287s] -- Up-to-date: /home/jenter/package/work/install/yhs_can_interfaces/share/yhs_can_interfaces/msg/BmsFb.msg
[33.287s] -- Up-to-date: /home/jenter/package/work/install/yhs_can_interfaces/share/yhs_can_interfaces/msg/ChassisInfoFb.msg
[33.287s] -- Up-to-date: /home/jenter/package/work/install/yhs_can_interfaces/share/yhs_can_interfaces/msg/CtrlCmd.msg
[33.287s] -- Up-to-date: /home/jenter/package/work/install/yhs_can_interfaces/share/yhs_can_interfaces/msg/CtrlFb.msg
[33.287s] -- Installing: /home/jenter/package/work/install/yhs_can_interfaces/share/yhs_can_interfaces/msg/SteeringCtrlCmd.msg
[33.287s] -- Installing: /home/jenter/package/work/install/yhs_can_interfaces/share/yhs_can_interfaces/msg/SteeringCtrlFb.msg
[33.287s] -- Up-to-date: /home/jenter/package/work/install/yhs_can_interfaces/share/yhs_can_interfaces/msg/FrontAngleFb.msg
[33.288s] -- Up-to-date: /home/jenter/package/work/install/yhs_can_interfaces/share/yhs_can_interfaces/msg/IoCmd.msg
[33.288s] -- Up-to-date: /home/jenter/package/work/install/yhs_can_interfaces/share/yhs_can_interfaces/msg/IoFb.msg
[33.288s] -- Up-to-date: /home/jenter/package/work/install/yhs_can_interfaces/share/yhs_can_interfaces/msg/LrWheelFb.msg
[33.288s] -- Up-to-date: /home/jenter/package/work/install/yhs_can_interfaces/share/yhs_can_interfaces/msg/RrWheelFb.msg
[33.288s] -- Up-to-date: /home/jenter/package/work/install/yhs_can_interfaces/share/yhs_can_interfaces/msg/LfWheelFb.msg
[33.288s] -- Up-to-date: /home/jenter/package/work/install/yhs_can_interfaces/share/yhs_can_interfaces/msg/RfWheelFb.msg
[33.288s] -- Up-to-date: /home/jenter/package/work/install/yhs_can_interfaces/share/yhs_can_interfaces/msg/RearAngleFb.msg
[33.288s] -- Up-to-date: /home/jenter/package/work/install/yhs_can_interfaces/share/yhs_can_interfaces/msg/Ultrasonic.msg
[33.289s] -- Up-to-date: /home/jenter/package/work/install/yhs_can_interfaces/share/yhs_can_interfaces/msg/ErrorFb.msg
[33.289s] -- Up-to-date: /home/jenter/package/work/install/yhs_can_interfaces/share/yhs_can_interfaces/msg/MotorCmd.msg
[33.289s] -- Up-to-date: /home/jenter/package/work/install/yhs_can_interfaces/share/yhs_can_interfaces/msg/MotorFb.msg
[33.289s] -- Up-to-date: /home/jenter/package/work/install/yhs_can_interfaces/share/yhs_can_interfaces/msg/DriveMotorCurrentFb.msg
[33.289s] -- Up-to-date: /home/jenter/package/work/install/yhs_can_interfaces/share/yhs_can_interfaces/msg/SteeringMotorCurrentFb.msg
[33.289s] -- Up-to-date: /home/jenter/package/work/install/yhs_can_interfaces/share/ament_index/resource_index/package_run_dependencies/yhs_can_interfaces
[33.289s] -- Up-to-date: /home/jenter/package/work/install/yhs_can_interfaces/share/ament_index/resource_index/parent_prefix_path/yhs_can_interfaces
[33.290s] -- Up-to-date: /home/jenter/package/work/install/yhs_can_interfaces/share/yhs_can_interfaces/environment/ament_prefix_path.sh
[33.290s] -- Installing: /home/jenter/package/work/install/yhs_can_interfaces/share/yhs_can_interfaces/environment/ament_prefix_path.dsv
[33.290s] -- Up-to-date: /home/jenter/package/work/install/yhs_can_interfaces/share/yhs_can_interfaces/environment/path.sh
[33.290s] -- Installing: /home/jenter/package/work/install/yhs_can_interfaces/share/yhs_can_interfaces/environment/path.dsv
[33.290s] -- Up-to-date: /home/jenter/package/work/install/yhs_can_interfaces/share/yhs_can_interfaces/local_setup.bash
[33.290s] -- Up-to-date: /home/jenter/package/work/install/yhs_can_interfaces/share/yhs_can_interfaces/local_setup.sh
[33.290s] -- Up-to-date: /home/jenter/package/work/install/yhs_can_interfaces/share/yhs_can_interfaces/local_setup.zsh
[33.290s] -- Installing: /home/jenter/package/work/install/yhs_can_interfaces/share/yhs_can_interfaces/local_setup.dsv
[33.291s] -- Installing: /home/jenter/package/work/install/yhs_can_interfaces/share/yhs_can_interfaces/package.dsv
[33.291s] -- Up-to-date: /home/jenter/package/work/install/yhs_can_interfaces/share/ament_index/resource_index/packages/yhs_can_interfaces
[33.291s] -- Up-to-date: /home/jenter/package/work/install/yhs_can_interfaces/share/yhs_can_interfaces/cmake/export_yhs_can_interfaces__rosidl_generator_cExport.cmake
[33.291s] -- Up-to-date: /home/jenter/package/work/install/yhs_can_interfaces/share/yhs_can_interfaces/cmake/export_yhs_can_interfaces__rosidl_generator_cExport-noconfig.cmake
[33.291s] -- Up-to-date: /home/jenter/package/work/install/yhs_can_interfaces/share/yhs_can_interfaces/cmake/export_yhs_can_interfaces__rosidl_typesupport_fastrtps_cExport.cmake
[33.291s] -- Up-to-date: /home/jenter/package/work/install/yhs_can_interfaces/share/yhs_can_interfaces/cmake/export_yhs_can_interfaces__rosidl_typesupport_fastrtps_cExport-noconfig.cmake
[33.291s] -- Up-to-date: /home/jenter/package/work/install/yhs_can_interfaces/share/yhs_can_interfaces/cmake/yhs_can_interfaces__rosidl_typesupport_introspection_cExport.cmake
[33.292s] -- Up-to-date: /home/jenter/package/work/install/yhs_can_interfaces/share/yhs_can_interfaces/cmake/yhs_can_interfaces__rosidl_typesupport_introspection_cExport-noconfig.cmake
[33.292s] -- Up-to-date: /home/jenter/package/work/install/yhs_can_interfaces/share/yhs_can_interfaces/cmake/yhs_can_interfaces__rosidl_typesupport_cExport.cmake
[33.292s] -- Up-to-date: /home/jenter/package/work/install/yhs_can_interfaces/share/yhs_can_interfaces/cmake/yhs_can_interfaces__rosidl_typesupport_cExport-noconfig.cmake
[33.292s] -- Up-to-date: /home/jenter/package/work/install/yhs_can_interfaces/share/yhs_can_interfaces/cmake/export_yhs_can_interfaces__rosidl_generator_cppExport.cmake
[33.292s] -- Up-to-date: /home/jenter/package/work/install/yhs_can_interfaces/share/yhs_can_interfaces/cmake/export_yhs_can_interfaces__rosidl_typesupport_fastrtps_cppExport.cmake
[33.292s] -- Up-to-date: /home/jenter/package/work/install/yhs_can_interfaces/share/yhs_can_interfaces/cmake/export_yhs_can_interfaces__rosidl_typesupport_fastrtps_cppExport-noconfig.cmake
[33.292s] -- Up-to-date: /home/jenter/package/work/install/yhs_can_interfaces/share/yhs_can_interfaces/cmake/yhs_can_interfaces__rosidl_typesupport_introspection_cppExport.cmake
[33.293s] -- Up-to-date: /home/jenter/package/work/install/yhs_can_interfaces/share/yhs_can_interfaces/cmake/yhs_can_interfaces__rosidl_typesupport_introspection_cppExport-noconfig.cmake
[33.293s] -- Up-to-date: /home/jenter/package/work/install/yhs_can_interfaces/share/yhs_can_interfaces/cmake/yhs_can_interfaces__rosidl_typesupport_cppExport.cmake
[33.293s] -- Up-to-date: /home/jenter/package/work/install/yhs_can_interfaces/share/yhs_can_interfaces/cmake/yhs_can_interfaces__rosidl_typesupport_cppExport-noconfig.cmake
[33.293s] -- Up-to-date: /home/jenter/package/work/install/yhs_can_interfaces/share/yhs_can_interfaces/cmake/export_yhs_can_interfaces__rosidl_generator_pyExport.cmake
[33.293s] -- Up-to-date: /home/jenter/package/work/install/yhs_can_interfaces/share/yhs_can_interfaces/cmake/export_yhs_can_interfaces__rosidl_generator_pyExport-noconfig.cmake
[33.294s] -- Up-to-date: /home/jenter/package/work/install/yhs_can_interfaces/share/yhs_can_interfaces/cmake/rosidl_cmake-extras.cmake
[33.294s] -- Up-to-date: /home/jenter/package/work/install/yhs_can_interfaces/share/yhs_can_interfaces/cmake/ament_cmake_export_dependencies-extras.cmake
[33.294s] -- Up-to-date: /home/jenter/package/work/install/yhs_can_interfaces/share/yhs_can_interfaces/cmake/ament_cmake_export_include_directories-extras.cmake
[33.294s] -- Up-to-date: /home/jenter/package/work/install/yhs_can_interfaces/share/yhs_can_interfaces/cmake/ament_cmake_export_libraries-extras.cmake
[33.294s] -- Up-to-date: /home/jenter/package/work/install/yhs_can_interfaces/share/yhs_can_interfaces/cmake/ament_cmake_export_targets-extras.cmake
[33.294s] -- Up-to-date: /home/jenter/package/work/install/yhs_can_interfaces/share/yhs_can_interfaces/cmake/rosidl_cmake_export_typesupport_targets-extras.cmake
[33.294s] -- Up-to-date: /home/jenter/package/work/install/yhs_can_interfaces/share/yhs_can_interfaces/cmake/rosidl_cmake_export_typesupport_libraries-extras.cmake
[33.294s] -- Up-to-date: /home/jenter/package/work/install/yhs_can_interfaces/share/yhs_can_interfaces/cmake/yhs_can_interfacesConfig.cmake
[33.295s] -- Up-to-date: /home/jenter/package/work/install/yhs_can_interfaces/share/yhs_can_interfaces/cmake/yhs_can_interfacesConfig-version.cmake
[33.295s] -- Up-to-date: /home/jenter/package/work/install/yhs_can_interfaces/share/yhs_can_interfaces/package.xml
[33.298s] Invoked command in '/home/jenter/package/work/build/yhs_can_interfaces' returned '0': CMAKE_PREFIX_PATH=/opt/ros/humble /usr/bin/cmake --install /home/jenter/package/work/build/yhs_can_interfaces
