[0.000000] (-) TimerEvent: {}
[0.000154] (-) JobUnselected: {'identifier': 'bluesea2'}
[0.000194] (-) JobUnselected: {'identifier': 'serial'}
[0.000221] (-) JobUnselected: {'identifier': 'yesense_interface'}
[0.000247] (-) JobUnselected: {'identifier': 'yesense_std_ros2'}
[0.000271] (-) JobUnselected: {'identifier': 'yhs_can_control'}
[0.000298] (yhs_can_interfaces) JobQueued: {'identifier': 'yhs_can_interfaces', 'dependencies': OrderedDict()}
[0.000328] (yhs_can_interfaces) JobStarted: {'identifier': 'yhs_can_interfaces'}
[0.015202] (yhs_can_interfaces) JobProgress: {'identifier': 'yhs_can_interfaces', 'progress': 'cmake'}
[0.015897] (yhs_can_interfaces) Command: {'cmd': ['/usr/bin/cmake', '/home/jenter/package/work/src/yhs_can_interfaces', '-DCMAKE_INSTALL_PREFIX=/home/jenter/package/work/install/yhs_can_interfaces'], 'cwd': '/home/jenter/package/work/build/yhs_can_interfaces', 'env': OrderedDict([('LESSOPEN', '| /usr/bin/lesspipe %s'), ('USER', 'jenter'), ('SSH_CLIENT', '192.168.0.4 53959 22'), ('LC_TIME', 'zh_CN.UTF-8'), ('XDG_SESSION_TYPE', 'tty'), ('SHLVL', '1'), ('LD_LIBRARY_PATH', '/opt/ros/humble/opt/rviz_ogre_vendor/lib:/opt/ros/humble/lib/x86_64-linux-gnu:/opt/ros/humble/lib'), ('MOTD_SHOWN', 'pam'), ('HOME', '/home/jenter'), ('OLDPWD', '/home/jenter/package/work/src'), ('SSH_TTY', '/dev/pts/1'), ('ROS_PYTHON_VERSION', '3'), ('LC_MONETARY', 'zh_CN.UTF-8'), ('DBUS_SESSION_BUS_ADDRESS', 'unix:path=/run/user/1000/bus'), ('ROS_DISTRO', 'humble'), ('LOGNAME', 'jenter'), ('_', '/usr/bin/colcon'), ('ROS_VERSION', '2'), ('XDG_SESSION_CLASS', 'user'), ('TERM', 'vt100'), ('XDG_SESSION_ID', '5'), ('ROS_LOCALHOST_ONLY', '0'), ('PATH', '/opt/ros/humble/bin:/usr/local/sbin:/usr/local/bin:/usr/sbin:/usr/bin:/sbin:/bin:/usr/games:/usr/local/games:/snap/bin'), ('LC_ADDRESS', 'zh_CN.UTF-8'), ('XDG_RUNTIME_DIR', '/run/user/1000'), ('LANG', 'en_US.UTF-8'), ('LC_TELEPHONE', 'zh_CN.UTF-8'), ('LS_COLORS', 'rs=0:di=01;34:ln=01;36:mh=00:pi=40;33:so=01;35:do=01;35:bd=40;33;01:cd=40;33;01:or=40;31;01:mi=00:su=37;41:sg=30;43:ca=30;41:tw=30;42:ow=34;42:st=37;44:ex=01;32:*.tar=01;31:*.tgz=01;31:*.arc=01;31:*.arj=01;31:*.taz=01;31:*.lha=01;31:*.lz4=01;31:*.lzh=01;31:*.lzma=01;31:*.tlz=01;31:*.txz=01;31:*.tzo=01;31:*.t7z=01;31:*.zip=01;31:*.z=01;31:*.dz=01;31:*.gz=01;31:*.lrz=01;31:*.lz=01;31:*.lzo=01;31:*.xz=01;31:*.zst=01;31:*.tzst=01;31:*.bz2=01;31:*.bz=01;31:*.tbz=01;31:*.tbz2=01;31:*.tz=01;31:*.deb=01;31:*.rpm=01;31:*.jar=01;31:*.war=01;31:*.ear=01;31:*.sar=01;31:*.rar=01;31:*.alz=01;31:*.ace=01;31:*.zoo=01;31:*.cpio=01;31:*.7z=01;31:*.rz=01;31:*.cab=01;31:*.wim=01;31:*.swm=01;31:*.dwm=01;31:*.esd=01;31:*.jpg=01;35:*.jpeg=01;35:*.mjpg=01;35:*.mjpeg=01;35:*.gif=01;35:*.bmp=01;35:*.pbm=01;35:*.pgm=01;35:*.ppm=01;35:*.tga=01;35:*.xbm=01;35:*.xpm=01;35:*.tif=01;35:*.tiff=01;35:*.png=01;35:*.svg=01;35:*.svgz=01;35:*.mng=01;35:*.pcx=01;35:*.mov=01;35:*.mpg=01;35:*.mpeg=01;35:*.m2v=01;35:*.mkv=01;35:*.webm=01;35:*.webp=01;35:*.ogm=01;35:*.mp4=01;35:*.m4v=01;35:*.mp4v=01;35:*.vob=01;35:*.qt=01;35:*.nuv=01;35:*.wmv=01;35:*.asf=01;35:*.rm=01;35:*.rmvb=01;35:*.flc=01;35:*.avi=01;35:*.fli=01;35:*.flv=01;35:*.gl=01;35:*.dl=01;35:*.xcf=01;35:*.xwd=01;35:*.yuv=01;35:*.cgm=01;35:*.emf=01;35:*.ogv=01;35:*.ogx=01;35:*.aac=00;36:*.au=00;36:*.flac=00;36:*.m4a=00;36:*.mid=00;36:*.midi=00;36:*.mka=00;36:*.mp3=00;36:*.mpc=00;36:*.ogg=00;36:*.ra=00;36:*.wav=00;36:*.oga=00;36:*.opus=00;36:*.spx=00;36:*.xspf=00;36:'), ('AMENT_PREFIX_PATH', '/opt/ros/humble'), ('SHELL', '/bin/bash'), ('LC_NAME', 'zh_CN.UTF-8'), ('LESSCLOSE', '/usr/bin/lesspipe %s %s'), ('LC_MEASUREMENT', 'zh_CN.UTF-8'), ('LC_IDENTIFICATION', 'zh_CN.UTF-8'), ('PWD', '/home/jenter/package/work/build/yhs_can_interfaces'), ('LC_ALL', 'en_US.UTF-8'), ('SSH_CONNECTION', '192.168.0.4 53959 192.168.0.26 22'), ('XDG_DATA_DIRS', '/usr/share/gnome:/usr/local/share:/usr/share:/var/lib/snapd/desktop'), ('PYTHONPATH', '/opt/ros/humble/lib/python3.10/site-packages:/opt/ros/humble/local/lib/python3.10/dist-packages'), ('LC_NUMERIC', 'zh_CN.UTF-8'), ('LC_PAPER', 'zh_CN.UTF-8'), ('COLCON', '1'), ('CMAKE_PREFIX_PATH', '/opt/ros/humble')]), 'shell': False}
[0.099040] (-) TimerEvent: {}
[0.199543] (-) TimerEvent: {}
[0.299599] (yhs_can_interfaces) StdoutLine: {'line': b'-- The C compiler identification is GNU 11.4.0\n'}
[0.299874] (-) TimerEvent: {}
[0.400281] (-) TimerEvent: {}
[0.482985] (yhs_can_interfaces) StdoutLine: {'line': b'-- The CXX compiler identification is GNU 11.4.0\n'}
[0.500444] (-) TimerEvent: {}
[0.502252] (yhs_can_interfaces) StdoutLine: {'line': b'-- Detecting C compiler ABI info\n'}
[0.600573] (-) TimerEvent: {}
[0.603045] (yhs_can_interfaces) StdoutLine: {'line': b'-- Detecting C compiler ABI info - done\n'}
[0.614521] (yhs_can_interfaces) StdoutLine: {'line': b'-- Check for working C compiler: /usr/bin/cc - skipped\n'}
[0.641128] (yhs_can_interfaces) StdoutLine: {'line': b'-- Detecting C compile features\n'}
[0.642937] (yhs_can_interfaces) StdoutLine: {'line': b'-- Detecting C compile features - done\n'}
[0.650614] (yhs_can_interfaces) StdoutLine: {'line': b'-- Detecting CXX compiler ABI info\n'}
[0.700746] (-) TimerEvent: {}
[0.754723] (yhs_can_interfaces) StdoutLine: {'line': b'-- Detecting CXX compiler ABI info - done\n'}
[0.766356] (yhs_can_interfaces) StdoutLine: {'line': b'-- Check for working CXX compiler: /usr/bin/c++ - skipped\n'}
[0.766833] (yhs_can_interfaces) StdoutLine: {'line': b'-- Detecting CXX compile features\n'}
[0.767452] (yhs_can_interfaces) StdoutLine: {'line': b'-- Detecting CXX compile features - done\n'}
[0.784078] (yhs_can_interfaces) StdoutLine: {'line': b'-- Found ament_cmake: 1.3.12 (/opt/ros/humble/share/ament_cmake/cmake)\n'}
[0.800891] (-) TimerEvent: {}
[0.901266] (-) TimerEvent: {}
[0.999517] (yhs_can_interfaces) StdoutLine: {'line': b'-- Found Python3: /usr/bin/python3 (found version "3.10.12") found components: Interpreter \n'}
[1.001386] (-) TimerEvent: {}
[1.101726] (-) TimerEvent: {}
[1.156470] (yhs_can_interfaces) StdoutLine: {'line': b'-- Found rosidl_default_generators: 1.2.0 (/opt/ros/humble/share/rosidl_default_generators/cmake)\n'}
[1.163811] (yhs_can_interfaces) StdoutLine: {'line': b'-- Using all available rosidl_typesupport_c: rosidl_typesupport_fastrtps_c;rosidl_typesupport_introspection_c\n'}
[1.177683] (yhs_can_interfaces) StdoutLine: {'line': b'-- Found rosidl_adapter: 3.1.7 (/opt/ros/humble/share/rosidl_adapter/cmake)\n'}
[1.201816] (-) TimerEvent: {}
[1.263640] (yhs_can_interfaces) StdoutLine: {'line': b'-- Using all available rosidl_typesupport_cpp: rosidl_typesupport_fastrtps_cpp;rosidl_typesupport_introspection_cpp\n'}
[1.301968] (-) TimerEvent: {}
[1.335304] (yhs_can_interfaces) StdoutLine: {'line': b'-- Found std_msgs: 4.9.0 (/opt/ros/humble/share/std_msgs/cmake)\n'}
[1.402122] (-) TimerEvent: {}
[1.502522] (-) TimerEvent: {}
[1.602923] (-) TimerEvent: {}
[1.703285] (-) TimerEvent: {}
[1.803587] (-) TimerEvent: {}
[1.903959] (-) TimerEvent: {}
[1.949178] (yhs_can_interfaces) StdoutLine: {'line': b'-- Found ament_cmake_ros: 0.10.0 (/opt/ros/humble/share/ament_cmake_ros/cmake)\n'}
[2.004110] (-) TimerEvent: {}
[2.104474] (-) TimerEvent: {}
[2.204868] (-) TimerEvent: {}
[2.285513] (yhs_can_interfaces) StdoutLine: {'line': b'-- Using all available rosidl_typesupport_c: rosidl_typesupport_fastrtps_c;rosidl_typesupport_introspection_c\n'}
[2.305007] (-) TimerEvent: {}
[2.405451] (-) TimerEvent: {}
[2.505806] (-) TimerEvent: {}
[2.606166] (-) TimerEvent: {}
[2.706523] (-) TimerEvent: {}
[2.748597] (yhs_can_interfaces) StdoutLine: {'line': b'-- Using all available rosidl_typesupport_cpp: rosidl_typesupport_fastrtps_cpp;rosidl_typesupport_introspection_cpp\n'}
[2.791745] (yhs_can_interfaces) StdoutLine: {'line': b'-- Found PythonInterp: /usr/bin/python3 (found suitable version "3.10.12", minimum required is "3.6") \n'}
[2.794690] (yhs_can_interfaces) StdoutLine: {'line': b'-- Found python_cmake_module: 0.10.0 (/opt/ros/humble/share/python_cmake_module/cmake)\n'}
[2.806670] (-) TimerEvent: {}
[2.834360] (yhs_can_interfaces) StdoutLine: {'line': b'-- Found PythonLibs: /usr/lib/x86_64-linux-gnu/libpython3.10.so (found suitable version "3.10.12", minimum required is "3.5") \n'}
[2.834806] (yhs_can_interfaces) StdoutLine: {'line': b'-- Using PYTHON_EXECUTABLE: /usr/bin/python3\n'}
[2.834993] (yhs_can_interfaces) StdoutLine: {'line': b'-- Using PYTHON_INCLUDE_DIRS: /usr/include/python3.10\n'}
[2.835127] (yhs_can_interfaces) StdoutLine: {'line': b'-- Using PYTHON_LIBRARIES: /usr/lib/x86_64-linux-gnu/libpython3.10.so\n'}
[2.863964] (yhs_can_interfaces) StdoutLine: {'line': b'-- Found PythonExtra: .so  \n'}
[2.906824] (-) TimerEvent: {}
[2.941013] (yhs_can_interfaces) StdoutLine: {'line': b'-- Found ament_lint_auto: 0.12.14 (/opt/ros/humble/share/ament_lint_auto/cmake)\n'}
[2.989998] (yhs_can_interfaces) StdoutLine: {'line': b"-- Added test 'copyright' to check source files copyright and LICENSE\n"}
[2.996953] (yhs_can_interfaces) StdoutLine: {'line': b"-- Added test 'lint_cmake' to check CMake code style\n"}
[3.000070] (yhs_can_interfaces) StdoutLine: {'line': b"-- Added test 'xmllint' to check XML markup files\n"}
[3.005266] (yhs_can_interfaces) StdoutLine: {'line': b'-- Configuring done\n'}
[3.006955] (-) TimerEvent: {}
[3.097033] (yhs_can_interfaces) StdoutLine: {'line': b'-- Generating done\n'}
[3.107100] (-) TimerEvent: {}
[3.115343] (yhs_can_interfaces) StdoutLine: {'line': b'-- Build files have been written to: /home/jenter/package/work/build/yhs_can_interfaces\n'}
[3.123254] (yhs_can_interfaces) CommandEnded: {'returncode': 0}
[3.125535] (yhs_can_interfaces) JobProgress: {'identifier': 'yhs_can_interfaces', 'progress': 'build'}
[3.125642] (yhs_can_interfaces) Command: {'cmd': ['/usr/bin/cmake', '--build', '/home/jenter/package/work/build/yhs_can_interfaces', '--', '-j4', '-l4'], 'cwd': '/home/jenter/package/work/build/yhs_can_interfaces', 'env': OrderedDict([('LESSOPEN', '| /usr/bin/lesspipe %s'), ('USER', 'jenter'), ('SSH_CLIENT', '192.168.0.4 53959 22'), ('LC_TIME', 'zh_CN.UTF-8'), ('XDG_SESSION_TYPE', 'tty'), ('SHLVL', '1'), ('LD_LIBRARY_PATH', '/opt/ros/humble/opt/rviz_ogre_vendor/lib:/opt/ros/humble/lib/x86_64-linux-gnu:/opt/ros/humble/lib'), ('MOTD_SHOWN', 'pam'), ('HOME', '/home/jenter'), ('OLDPWD', '/home/jenter/package/work/src'), ('SSH_TTY', '/dev/pts/1'), ('ROS_PYTHON_VERSION', '3'), ('LC_MONETARY', 'zh_CN.UTF-8'), ('DBUS_SESSION_BUS_ADDRESS', 'unix:path=/run/user/1000/bus'), ('ROS_DISTRO', 'humble'), ('LOGNAME', 'jenter'), ('_', '/usr/bin/colcon'), ('ROS_VERSION', '2'), ('XDG_SESSION_CLASS', 'user'), ('TERM', 'vt100'), ('XDG_SESSION_ID', '5'), ('ROS_LOCALHOST_ONLY', '0'), ('PATH', '/opt/ros/humble/bin:/usr/local/sbin:/usr/local/bin:/usr/sbin:/usr/bin:/sbin:/bin:/usr/games:/usr/local/games:/snap/bin'), ('LC_ADDRESS', 'zh_CN.UTF-8'), ('XDG_RUNTIME_DIR', '/run/user/1000'), ('LANG', 'en_US.UTF-8'), ('LC_TELEPHONE', 'zh_CN.UTF-8'), ('LS_COLORS', 'rs=0:di=01;34:ln=01;36:mh=00:pi=40;33:so=01;35:do=01;35:bd=40;33;01:cd=40;33;01:or=40;31;01:mi=00:su=37;41:sg=30;43:ca=30;41:tw=30;42:ow=34;42:st=37;44:ex=01;32:*.tar=01;31:*.tgz=01;31:*.arc=01;31:*.arj=01;31:*.taz=01;31:*.lha=01;31:*.lz4=01;31:*.lzh=01;31:*.lzma=01;31:*.tlz=01;31:*.txz=01;31:*.tzo=01;31:*.t7z=01;31:*.zip=01;31:*.z=01;31:*.dz=01;31:*.gz=01;31:*.lrz=01;31:*.lz=01;31:*.lzo=01;31:*.xz=01;31:*.zst=01;31:*.tzst=01;31:*.bz2=01;31:*.bz=01;31:*.tbz=01;31:*.tbz2=01;31:*.tz=01;31:*.deb=01;31:*.rpm=01;31:*.jar=01;31:*.war=01;31:*.ear=01;31:*.sar=01;31:*.rar=01;31:*.alz=01;31:*.ace=01;31:*.zoo=01;31:*.cpio=01;31:*.7z=01;31:*.rz=01;31:*.cab=01;31:*.wim=01;31:*.swm=01;31:*.dwm=01;31:*.esd=01;31:*.jpg=01;35:*.jpeg=01;35:*.mjpg=01;35:*.mjpeg=01;35:*.gif=01;35:*.bmp=01;35:*.pbm=01;35:*.pgm=01;35:*.ppm=01;35:*.tga=01;35:*.xbm=01;35:*.xpm=01;35:*.tif=01;35:*.tiff=01;35:*.png=01;35:*.svg=01;35:*.svgz=01;35:*.mng=01;35:*.pcx=01;35:*.mov=01;35:*.mpg=01;35:*.mpeg=01;35:*.m2v=01;35:*.mkv=01;35:*.webm=01;35:*.webp=01;35:*.ogm=01;35:*.mp4=01;35:*.m4v=01;35:*.mp4v=01;35:*.vob=01;35:*.qt=01;35:*.nuv=01;35:*.wmv=01;35:*.asf=01;35:*.rm=01;35:*.rmvb=01;35:*.flc=01;35:*.avi=01;35:*.fli=01;35:*.flv=01;35:*.gl=01;35:*.dl=01;35:*.xcf=01;35:*.xwd=01;35:*.yuv=01;35:*.cgm=01;35:*.emf=01;35:*.ogv=01;35:*.ogx=01;35:*.aac=00;36:*.au=00;36:*.flac=00;36:*.m4a=00;36:*.mid=00;36:*.midi=00;36:*.mka=00;36:*.mp3=00;36:*.mpc=00;36:*.ogg=00;36:*.ra=00;36:*.wav=00;36:*.oga=00;36:*.opus=00;36:*.spx=00;36:*.xspf=00;36:'), ('AMENT_PREFIX_PATH', '/opt/ros/humble'), ('SHELL', '/bin/bash'), ('LC_NAME', 'zh_CN.UTF-8'), ('LESSCLOSE', '/usr/bin/lesspipe %s %s'), ('LC_MEASUREMENT', 'zh_CN.UTF-8'), ('LC_IDENTIFICATION', 'zh_CN.UTF-8'), ('PWD', '/home/jenter/package/work/build/yhs_can_interfaces'), ('LC_ALL', 'en_US.UTF-8'), ('SSH_CONNECTION', '192.168.0.4 53959 192.168.0.26 22'), ('XDG_DATA_DIRS', '/usr/share/gnome:/usr/local/share:/usr/share:/var/lib/snapd/desktop'), ('PYTHONPATH', '/opt/ros/humble/lib/python3.10/site-packages:/opt/ros/humble/local/lib/python3.10/dist-packages'), ('LC_NUMERIC', 'zh_CN.UTF-8'), ('LC_PAPER', 'zh_CN.UTF-8'), ('COLCON', '1'), ('CMAKE_PREFIX_PATH', '/opt/ros/humble')]), 'shell': False}
[3.186087] (yhs_can_interfaces) StdoutLine: {'line': b'[  0%] \x1b[34m\x1b[1mGenerating C code for ROS interfaces\x1b[0m\n'}
[3.205599] (yhs_can_interfaces) StdoutLine: {'line': b'[  0%] \x1b[34m\x1b[1mGenerating C++ code for ROS interfaces\x1b[0m\n'}
[3.207215] (-) TimerEvent: {}
[3.216168] (yhs_can_interfaces) StdoutLine: {'line': b'[  0%] Built target ament_cmake_python_copy_yhs_can_interfaces\n'}
[3.307400] (-) TimerEvent: {}
[3.408153] (-) TimerEvent: {}
[3.508863] (-) TimerEvent: {}
[3.609605] (-) TimerEvent: {}
[3.706937] (yhs_can_interfaces) StdoutLine: {'line': b'running egg_info\n'}
[3.708666] (yhs_can_interfaces) StdoutLine: {'line': b'creating yhs_can_interfaces.egg-info\n'}
[3.709001] (yhs_can_interfaces) StdoutLine: {'line': b'writing yhs_can_interfaces.egg-info/PKG-INFO\n'}
[3.709298] (yhs_can_interfaces) StdoutLine: {'line': b'writing dependency_links to yhs_can_interfaces.egg-info/dependency_links.txt\n'}
[3.709653] (yhs_can_interfaces) StdoutLine: {'line': b'writing top-level names to yhs_can_interfaces.egg-info/top_level.txt\n'}
[3.709810] (-) TimerEvent: {}
[3.710333] (yhs_can_interfaces) StdoutLine: {'line': b"writing manifest file 'yhs_can_interfaces.egg-info/SOURCES.txt'\n"}
[3.714829] (yhs_can_interfaces) StdoutLine: {'line': b"reading manifest file 'yhs_can_interfaces.egg-info/SOURCES.txt'\n"}
[3.715947] (yhs_can_interfaces) StdoutLine: {'line': b"writing manifest file 'yhs_can_interfaces.egg-info/SOURCES.txt'\n"}
[3.770552] (yhs_can_interfaces) StdoutLine: {'line': b'[  0%] Built target ament_cmake_python_build_yhs_can_interfaces_egg\n'}
[3.809949] (-) TimerEvent: {}
[3.910311] (-) TimerEvent: {}
[4.010721] (-) TimerEvent: {}
[4.111098] (-) TimerEvent: {}
[4.211470] (-) TimerEvent: {}
[4.311848] (-) TimerEvent: {}
[4.412229] (-) TimerEvent: {}
[4.512626] (-) TimerEvent: {}
[4.613105] (-) TimerEvent: {}
[4.713530] (-) TimerEvent: {}
[4.813873] (-) TimerEvent: {}
[4.914244] (-) TimerEvent: {}
[5.014615] (-) TimerEvent: {}
[5.114988] (-) TimerEvent: {}
[5.215326] (-) TimerEvent: {}
[5.315724] (-) TimerEvent: {}
[5.416138] (-) TimerEvent: {}
[5.516537] (-) TimerEvent: {}
[5.616963] (-) TimerEvent: {}
[5.717500] (-) TimerEvent: {}
[5.818380] (-) TimerEvent: {}
[5.919205] (-) TimerEvent: {}
[6.020076] (-) TimerEvent: {}
[6.120982] (-) TimerEvent: {}
[6.221945] (-) TimerEvent: {}
[6.265030] (yhs_can_interfaces) StdoutLine: {'line': b'[  0%] Built target yhs_can_interfaces__cpp\n'}
[6.284395] (yhs_can_interfaces) StdoutLine: {'line': b'[  2%] \x1b[34m\x1b[1mGenerating C++ type support dispatch for ROS interfaces\x1b[0m\n'}
[6.285034] (yhs_can_interfaces) StdoutLine: {'line': b'[  2%] \x1b[34m\x1b[1mGenerating C++ type support for eProsima Fast-RTPS\x1b[0m\n'}
[6.285462] (yhs_can_interfaces) StdoutLine: {'line': b'[  3%] \x1b[34m\x1b[1mGenerating C++ introspection for ROS interfaces\x1b[0m\n'}
[6.304046] (yhs_can_interfaces) StdoutLine: {'line': b'[  4%] \x1b[32mBuilding C object CMakeFiles/yhs_can_interfaces__rosidl_generator_c.dir/rosidl_generator_c/yhs_can_interfaces/msg/detail/bms_flag_fb__functions.c.o\x1b[0m\n'}
[6.322082] (-) TimerEvent: {}
[6.422888] (-) TimerEvent: {}
[6.444794] (yhs_can_interfaces) StdoutLine: {'line': b'[  4%] \x1b[32mBuilding C object CMakeFiles/yhs_can_interfaces__rosidl_generator_c.dir/rosidl_generator_c/yhs_can_interfaces/msg/detail/bms_fb__functions.c.o\x1b[0m\n'}
[6.523044] (-) TimerEvent: {}
[6.543184] (yhs_can_interfaces) StdoutLine: {'line': b'[  5%] \x1b[32mBuilding C object CMakeFiles/yhs_can_interfaces__rosidl_generator_c.dir/rosidl_generator_c/yhs_can_interfaces/msg/detail/chassis_info_fb__functions.c.o\x1b[0m\n'}
[6.623179] (-) TimerEvent: {}
[6.672299] (yhs_can_interfaces) StdoutLine: {'line': b'[  5%] \x1b[32mBuilding C object CMakeFiles/yhs_can_interfaces__rosidl_generator_c.dir/rosidl_generator_c/yhs_can_interfaces/msg/detail/ctrl_cmd__functions.c.o\x1b[0m\n'}
[6.723328] (-) TimerEvent: {}
[6.773837] (yhs_can_interfaces) StdoutLine: {'line': b'[  6%] \x1b[32mBuilding C object CMakeFiles/yhs_can_interfaces__rosidl_generator_c.dir/rosidl_generator_c/yhs_can_interfaces/msg/detail/ctrl_fb__functions.c.o\x1b[0m\n'}
[6.823476] (-) TimerEvent: {}
[6.878258] (yhs_can_interfaces) StdoutLine: {'line': b'[  6%] \x1b[32mBuilding C object CMakeFiles/yhs_can_interfaces__rosidl_generator_c.dir/rosidl_generator_c/yhs_can_interfaces/msg/detail/steering_ctrl_cmd__functions.c.o\x1b[0m\n'}
[6.923624] (-) TimerEvent: {}
[6.988982] (yhs_can_interfaces) StdoutLine: {'line': b'[  7%] \x1b[32mBuilding C object CMakeFiles/yhs_can_interfaces__rosidl_generator_c.dir/rosidl_generator_c/yhs_can_interfaces/msg/detail/steering_ctrl_fb__functions.c.o\x1b[0m\n'}
[7.023764] (-) TimerEvent: {}
[7.083146] (yhs_can_interfaces) StdoutLine: {'line': b'[  7%] \x1b[32mBuilding C object CMakeFiles/yhs_can_interfaces__rosidl_generator_c.dir/rosidl_generator_c/yhs_can_interfaces/msg/detail/front_angle_fb__functions.c.o\x1b[0m\n'}
[7.123907] (-) TimerEvent: {}
[7.175816] (yhs_can_interfaces) StdoutLine: {'line': b'[  8%] \x1b[32mBuilding C object CMakeFiles/yhs_can_interfaces__rosidl_generator_c.dir/rosidl_generator_c/yhs_can_interfaces/msg/detail/io_cmd__functions.c.o\x1b[0m\n'}
[7.224054] (-) TimerEvent: {}
[7.271335] (yhs_can_interfaces) StdoutLine: {'line': b'[  8%] \x1b[32mBuilding C object CMakeFiles/yhs_can_interfaces__rosidl_generator_c.dir/rosidl_generator_c/yhs_can_interfaces/msg/detail/io_fb__functions.c.o\x1b[0m\n'}
[7.324194] (-) TimerEvent: {}
[7.372468] (yhs_can_interfaces) StdoutLine: {'line': b'[  9%] \x1b[32mBuilding C object CMakeFiles/yhs_can_interfaces__rosidl_generator_c.dir/rosidl_generator_c/yhs_can_interfaces/msg/detail/lr_wheel_fb__functions.c.o\x1b[0m\n'}
[7.424344] (-) TimerEvent: {}
[7.467169] (yhs_can_interfaces) StdoutLine: {'line': b'[  9%] \x1b[32mBuilding C object CMakeFiles/yhs_can_interfaces__rosidl_generator_c.dir/rosidl_generator_c/yhs_can_interfaces/msg/detail/rr_wheel_fb__functions.c.o\x1b[0m\n'}
[7.524487] (-) TimerEvent: {}
[7.561755] (yhs_can_interfaces) StdoutLine: {'line': b'[ 10%] \x1b[32mBuilding C object CMakeFiles/yhs_can_interfaces__rosidl_generator_c.dir/rosidl_generator_c/yhs_can_interfaces/msg/detail/lf_wheel_fb__functions.c.o\x1b[0m\n'}
[7.624634] (-) TimerEvent: {}
[7.654409] (yhs_can_interfaces) StdoutLine: {'line': b'[ 10%] \x1b[32mBuilding C object CMakeFiles/yhs_can_interfaces__rosidl_generator_c.dir/rosidl_generator_c/yhs_can_interfaces/msg/detail/rf_wheel_fb__functions.c.o\x1b[0m\n'}
[7.724773] (-) TimerEvent: {}
[7.749466] (yhs_can_interfaces) StdoutLine: {'line': b'[ 11%] \x1b[32mBuilding C object CMakeFiles/yhs_can_interfaces__rosidl_generator_c.dir/rosidl_generator_c/yhs_can_interfaces/msg/detail/rear_angle_fb__functions.c.o\x1b[0m\n'}
[7.824916] (-) TimerEvent: {}
[7.842422] (yhs_can_interfaces) StdoutLine: {'line': b'[ 11%] \x1b[32mBuilding C object CMakeFiles/yhs_can_interfaces__rosidl_generator_c.dir/rosidl_generator_c/yhs_can_interfaces/msg/detail/ultrasonic__functions.c.o\x1b[0m\n'}
[7.925058] (-) TimerEvent: {}
[7.937605] (yhs_can_interfaces) StdoutLine: {'line': b'[ 12%] \x1b[32mBuilding C object CMakeFiles/yhs_can_interfaces__rosidl_generator_c.dir/rosidl_generator_c/yhs_can_interfaces/msg/detail/error_fb__functions.c.o\x1b[0m\n'}
[8.025504] (-) TimerEvent: {}
[8.042390] (yhs_can_interfaces) StdoutLine: {'line': b'[ 12%] \x1b[32mBuilding C object CMakeFiles/yhs_can_interfaces__rosidl_generator_c.dir/rosidl_generator_c/yhs_can_interfaces/msg/detail/motor_cmd__functions.c.o\x1b[0m\n'}
[8.125668] (-) TimerEvent: {}
[8.142068] (yhs_can_interfaces) StdoutLine: {'line': b'[ 13%] \x1b[32mBuilding C object CMakeFiles/yhs_can_interfaces__rosidl_generator_c.dir/rosidl_generator_c/yhs_can_interfaces/msg/detail/motor_fb__functions.c.o\x1b[0m\n'}
[8.225804] (-) TimerEvent: {}
[8.250231] (yhs_can_interfaces) StdoutLine: {'line': b'[ 14%] \x1b[32mBuilding C object CMakeFiles/yhs_can_interfaces__rosidl_generator_c.dir/rosidl_generator_c/yhs_can_interfaces/msg/detail/drive_motor_current_fb__functions.c.o\x1b[0m\n'}
[8.277252] (yhs_can_interfaces) StdoutLine: {'line': b'[ 14%] \x1b[32mBuilding CXX object CMakeFiles/yhs_can_interfaces__rosidl_typesupport_cpp.dir/rosidl_typesupport_cpp/yhs_can_interfaces/msg/bms_flag_fb__type_support.cpp.o\x1b[0m\n'}
[8.325965] (-) TimerEvent: {}
[8.357694] (yhs_can_interfaces) StdoutLine: {'line': b'[ 14%] \x1b[32mBuilding C object CMakeFiles/yhs_can_interfaces__rosidl_generator_c.dir/rosidl_generator_c/yhs_can_interfaces/msg/detail/steering_motor_current_fb__functions.c.o\x1b[0m\n'}
[8.426116] (-) TimerEvent: {}
[8.457164] (yhs_can_interfaces) StdoutLine: {'line': b'[ 15%] \x1b[32m\x1b[1mLinking C shared library libyhs_can_interfaces__rosidl_generator_c.so\x1b[0m\n'}
[8.526271] (-) TimerEvent: {}
[8.545605] (yhs_can_interfaces) StdoutLine: {'line': b'[ 15%] Built target yhs_can_interfaces__rosidl_generator_c\n'}
[8.565512] (yhs_can_interfaces) StdoutLine: {'line': b'[ 16%] \x1b[34m\x1b[1mGenerating C type support for eProsima Fast-RTPS\x1b[0m\n'}
[8.626420] (-) TimerEvent: {}
[8.726963] (-) TimerEvent: {}
[8.827494] (-) TimerEvent: {}
[8.927989] (-) TimerEvent: {}
[8.974657] (yhs_can_interfaces) StdoutLine: {'line': b'[ 17%] \x1b[32mBuilding CXX object CMakeFiles/yhs_can_interfaces__rosidl_typesupport_introspection_cpp.dir/rosidl_typesupport_introspection_cpp/yhs_can_interfaces/msg/detail/bms_flag_fb__type_support.cpp.o\x1b[0m\n'}
[9.028144] (-) TimerEvent: {}
[9.067087] (yhs_can_interfaces) StdoutLine: {'line': b'[ 18%] \x1b[32mBuilding CXX object CMakeFiles/yhs_can_interfaces__rosidl_typesupport_cpp.dir/rosidl_typesupport_cpp/yhs_can_interfaces/msg/bms_fb__type_support.cpp.o\x1b[0m\n'}
[9.128297] (-) TimerEvent: {}
[9.229085] (-) TimerEvent: {}
[9.329963] (-) TimerEvent: {}
[9.430518] (-) TimerEvent: {}
[9.450543] (yhs_can_interfaces) StdoutLine: {'line': b'[ 18%] \x1b[32mBuilding CXX object CMakeFiles/yhs_can_interfaces__rosidl_typesupport_fastrtps_cpp.dir/rosidl_typesupport_fastrtps_cpp/yhs_can_interfaces/msg/detail/dds_fastrtps/bms_flag_fb__type_support.cpp.o\x1b[0m\n'}
[9.530756] (-) TimerEvent: {}
[9.631297] (-) TimerEvent: {}
[9.683526] (yhs_can_interfaces) StdoutLine: {'line': b'[ 18%] \x1b[32mBuilding CXX object CMakeFiles/yhs_can_interfaces__rosidl_typesupport_cpp.dir/rosidl_typesupport_cpp/yhs_can_interfaces/msg/chassis_info_fb__type_support.cpp.o\x1b[0m\n'}
[9.731454] (-) TimerEvent: {}
[9.832001] (-) TimerEvent: {}
[9.882727] (yhs_can_interfaces) StdoutLine: {'line': b'[ 18%] \x1b[32mBuilding CXX object CMakeFiles/yhs_can_interfaces__rosidl_typesupport_introspection_cpp.dir/rosidl_typesupport_introspection_cpp/yhs_can_interfaces/msg/detail/bms_fb__type_support.cpp.o\x1b[0m\n'}
[9.932160] (-) TimerEvent: {}
[10.032755] (-) TimerEvent: {}
[10.133373] (-) TimerEvent: {}
[10.233981] (-) TimerEvent: {}
[10.334545] (-) TimerEvent: {}
[10.336252] (yhs_can_interfaces) StdoutLine: {'line': b'[ 19%] \x1b[32mBuilding CXX object CMakeFiles/yhs_can_interfaces__rosidl_typesupport_cpp.dir/rosidl_typesupport_cpp/yhs_can_interfaces/msg/ctrl_cmd__type_support.cpp.o\x1b[0m\n'}
[10.420798] (yhs_can_interfaces) StdoutLine: {'line': b'[ 20%] \x1b[32mBuilding CXX object CMakeFiles/yhs_can_interfaces__rosidl_typesupport_fastrtps_cpp.dir/rosidl_typesupport_fastrtps_cpp/yhs_can_interfaces/msg/detail/dds_fastrtps/bms_fb__type_support.cpp.o\x1b[0m\n'}
[10.434708] (-) TimerEvent: {}
[10.535201] (-) TimerEvent: {}
[10.635734] (-) TimerEvent: {}
[10.736297] (-) TimerEvent: {}
[10.769695] (yhs_can_interfaces) StdoutLine: {'line': b'[ 21%] \x1b[32mBuilding CXX object CMakeFiles/yhs_can_interfaces__rosidl_typesupport_introspection_cpp.dir/rosidl_typesupport_introspection_cpp/yhs_can_interfaces/msg/detail/chassis_info_fb__type_support.cpp.o\x1b[0m\n'}
[10.836458] (-) TimerEvent: {}
[10.937006] (-) TimerEvent: {}
[10.949690] (yhs_can_interfaces) StdoutLine: {'line': b'[ 21%] \x1b[32mBuilding CXX object CMakeFiles/yhs_can_interfaces__rosidl_typesupport_cpp.dir/rosidl_typesupport_cpp/yhs_can_interfaces/msg/ctrl_fb__type_support.cpp.o\x1b[0m\n'}
[11.037162] (-) TimerEvent: {}
[11.137728] (-) TimerEvent: {}
[11.238282] (-) TimerEvent: {}
[11.338884] (-) TimerEvent: {}
[11.347797] (yhs_can_interfaces) StdoutLine: {'line': b'[ 21%] \x1b[32mBuilding CXX object CMakeFiles/yhs_can_interfaces__rosidl_typesupport_fastrtps_cpp.dir/rosidl_typesupport_fastrtps_cpp/yhs_can_interfaces/msg/detail/dds_fastrtps/chassis_info_fb__type_support.cpp.o\x1b[0m\n'}
[11.439051] (-) TimerEvent: {}
[11.539882] (-) TimerEvent: {}
[11.591573] (yhs_can_interfaces) StdoutLine: {'line': b'[ 22%] \x1b[32mBuilding CXX object CMakeFiles/yhs_can_interfaces__rosidl_typesupport_cpp.dir/rosidl_typesupport_cpp/yhs_can_interfaces/msg/steering_ctrl_cmd__type_support.cpp.o\x1b[0m\n'}
[11.640054] (-) TimerEvent: {}
[11.740936] (-) TimerEvent: {}
[11.769669] (yhs_can_interfaces) StdoutLine: {'line': b'[ 22%] \x1b[32mBuilding CXX object CMakeFiles/yhs_can_interfaces__rosidl_typesupport_introspection_cpp.dir/rosidl_typesupport_introspection_cpp/yhs_can_interfaces/msg/detail/ctrl_cmd__type_support.cpp.o\x1b[0m\n'}
[11.841108] (-) TimerEvent: {}
[11.867413] (yhs_can_interfaces) StdoutLine: {'line': b'[ 22%] \x1b[32mBuilding CXX object CMakeFiles/yhs_can_interfaces__rosidl_typesupport_fastrtps_c.dir/rosidl_typesupport_fastrtps_c/yhs_can_interfaces/msg/detail/bms_flag_fb__type_support_c.cpp.o\x1b[0m\n'}
[11.941284] (-) TimerEvent: {}
[12.042133] (-) TimerEvent: {}
[12.143015] (-) TimerEvent: {}
[12.214458] (yhs_can_interfaces) StdoutLine: {'line': b'[ 22%] \x1b[32mBuilding CXX object CMakeFiles/yhs_can_interfaces__rosidl_typesupport_cpp.dir/rosidl_typesupport_cpp/yhs_can_interfaces/msg/steering_ctrl_fb__type_support.cpp.o\x1b[0m\n'}
[12.243186] (-) TimerEvent: {}
[12.343724] (-) TimerEvent: {}
[12.356336] (yhs_can_interfaces) StdoutLine: {'line': b'[ 23%] \x1b[32mBuilding CXX object CMakeFiles/yhs_can_interfaces__rosidl_typesupport_fastrtps_cpp.dir/rosidl_typesupport_fastrtps_cpp/yhs_can_interfaces/msg/detail/dds_fastrtps/ctrl_cmd__type_support.cpp.o\x1b[0m\n'}
[12.443903] (-) TimerEvent: {}
[12.544456] (-) TimerEvent: {}
[12.645058] (-) TimerEvent: {}
[12.657989] (yhs_can_interfaces) StdoutLine: {'line': b'[ 24%] \x1b[32mBuilding CXX object CMakeFiles/yhs_can_interfaces__rosidl_typesupport_introspection_cpp.dir/rosidl_typesupport_introspection_cpp/yhs_can_interfaces/msg/detail/ctrl_fb__type_support.cpp.o\x1b[0m\n'}
[12.693687] (yhs_can_interfaces) StdoutLine: {'line': b'[ 25%] \x1b[32mBuilding CXX object CMakeFiles/yhs_can_interfaces__rosidl_typesupport_fastrtps_c.dir/rosidl_typesupport_fastrtps_c/yhs_can_interfaces/msg/detail/bms_fb__type_support_c.cpp.o\x1b[0m\n'}
[12.745221] (-) TimerEvent: {}
[12.835884] (yhs_can_interfaces) StdoutLine: {'line': b'[ 26%] \x1b[32mBuilding CXX object CMakeFiles/yhs_can_interfaces__rosidl_typesupport_cpp.dir/rosidl_typesupport_cpp/yhs_can_interfaces/msg/front_angle_fb__type_support.cpp.o\x1b[0m\n'}
[12.845389] (-) TimerEvent: {}
[12.946422] (-) TimerEvent: {}
[13.047250] (-) TimerEvent: {}
[13.148115] (-) TimerEvent: {}
[13.249068] (-) TimerEvent: {}
[13.295665] (yhs_can_interfaces) StdoutLine: {'line': b'[ 26%] \x1b[32mBuilding CXX object CMakeFiles/yhs_can_interfaces__rosidl_typesupport_fastrtps_cpp.dir/rosidl_typesupport_fastrtps_cpp/yhs_can_interfaces/msg/detail/dds_fastrtps/ctrl_fb__type_support.cpp.o\x1b[0m\n'}
[13.349239] (-) TimerEvent: {}
[13.450331] (-) TimerEvent: {}
[13.464340] (yhs_can_interfaces) StdoutLine: {'line': b'[ 26%] \x1b[32mBuilding CXX object CMakeFiles/yhs_can_interfaces__rosidl_typesupport_cpp.dir/rosidl_typesupport_cpp/yhs_can_interfaces/msg/io_cmd__type_support.cpp.o\x1b[0m\n'}
[13.493892] (yhs_can_interfaces) StdoutLine: {'line': b'[ 26%] \x1b[32mBuilding CXX object CMakeFiles/yhs_can_interfaces__rosidl_typesupport_fastrtps_c.dir/rosidl_typesupport_fastrtps_c/yhs_can_interfaces/msg/detail/chassis_info_fb__type_support_c.cpp.o\x1b[0m\n'}
[13.538807] (yhs_can_interfaces) StdoutLine: {'line': b'[ 26%] \x1b[32mBuilding CXX object CMakeFiles/yhs_can_interfaces__rosidl_typesupport_introspection_cpp.dir/rosidl_typesupport_introspection_cpp/yhs_can_interfaces/msg/detail/steering_ctrl_cmd__type_support.cpp.o\x1b[0m\n'}
[13.550473] (-) TimerEvent: {}
[13.651271] (-) TimerEvent: {}
[13.752086] (-) TimerEvent: {}
[13.852914] (-) TimerEvent: {}
[13.953860] (-) TimerEvent: {}
[14.054673] (-) TimerEvent: {}
[14.086230] (yhs_can_interfaces) StdoutLine: {'line': b'[ 27%] \x1b[32mBuilding CXX object CMakeFiles/yhs_can_interfaces__rosidl_typesupport_cpp.dir/rosidl_typesupport_cpp/yhs_can_interfaces/msg/io_fb__type_support.cpp.o\x1b[0m\n'}
[14.154838] (-) TimerEvent: {}
[14.241101] (yhs_can_interfaces) StdoutLine: {'line': b'[ 28%] \x1b[32mBuilding CXX object CMakeFiles/yhs_can_interfaces__rosidl_typesupport_fastrtps_cpp.dir/rosidl_typesupport_fastrtps_cpp/yhs_can_interfaces/msg/detail/dds_fastrtps/steering_ctrl_cmd__type_support.cpp.o\x1b[0m\n'}
[14.255018] (-) TimerEvent: {}
[14.342189] (yhs_can_interfaces) StdoutLine: {'line': b'[ 29%] \x1b[32mBuilding CXX object CMakeFiles/yhs_can_interfaces__rosidl_typesupport_fastrtps_c.dir/rosidl_typesupport_fastrtps_c/yhs_can_interfaces/msg/detail/ctrl_cmd__type_support_c.cpp.o\x1b[0m\n'}
[14.355188] (-) TimerEvent: {}
[14.425898] (yhs_can_interfaces) StdoutLine: {'line': b'[ 30%] \x1b[32mBuilding CXX object CMakeFiles/yhs_can_interfaces__rosidl_typesupport_introspection_cpp.dir/rosidl_typesupport_introspection_cpp/yhs_can_interfaces/msg/detail/steering_ctrl_fb__type_support.cpp.o\x1b[0m\n'}
[14.455339] (-) TimerEvent: {}
[14.556123] (-) TimerEvent: {}
[14.656964] (-) TimerEvent: {}
[14.712181] (yhs_can_interfaces) StdoutLine: {'line': b'[ 30%] \x1b[32mBuilding CXX object CMakeFiles/yhs_can_interfaces__rosidl_typesupport_cpp.dir/rosidl_typesupport_cpp/yhs_can_interfaces/msg/lr_wheel_fb__type_support.cpp.o\x1b[0m\n'}
[14.757134] (-) TimerEvent: {}
[14.858051] (-) TimerEvent: {}
[14.958904] (-) TimerEvent: {}
[15.059783] (-) TimerEvent: {}
[15.141777] (yhs_can_interfaces) StdoutLine: {'line': b'[ 30%] \x1b[32mBuilding CXX object CMakeFiles/yhs_can_interfaces__rosidl_typesupport_fastrtps_c.dir/rosidl_typesupport_fastrtps_c/yhs_can_interfaces/msg/detail/ctrl_fb__type_support_c.cpp.o\x1b[0m\n'}
[15.159949] (-) TimerEvent: {}
[15.188484] (yhs_can_interfaces) StdoutLine: {'line': b'[ 31%] \x1b[32mBuilding CXX object CMakeFiles/yhs_can_interfaces__rosidl_typesupport_fastrtps_cpp.dir/rosidl_typesupport_fastrtps_cpp/yhs_can_interfaces/msg/detail/dds_fastrtps/steering_ctrl_fb__type_support.cpp.o\x1b[0m\n'}
[15.260118] (-) TimerEvent: {}
[15.312376] (yhs_can_interfaces) StdoutLine: {'line': b'[ 31%] \x1b[32mBuilding CXX object CMakeFiles/yhs_can_interfaces__rosidl_typesupport_introspection_cpp.dir/rosidl_typesupport_introspection_cpp/yhs_can_interfaces/msg/detail/front_angle_fb__type_support.cpp.o\x1b[0m\n'}
[15.339367] (yhs_can_interfaces) StdoutLine: {'line': b'[ 32%] \x1b[32mBuilding CXX object CMakeFiles/yhs_can_interfaces__rosidl_typesupport_cpp.dir/rosidl_typesupport_cpp/yhs_can_interfaces/msg/rr_wheel_fb__type_support.cpp.o\x1b[0m\n'}
[15.360283] (-) TimerEvent: {}
[15.461141] (-) TimerEvent: {}
[15.562103] (-) TimerEvent: {}
[15.663060] (-) TimerEvent: {}
[15.764074] (-) TimerEvent: {}
[15.864663] (-) TimerEvent: {}
[15.930773] (yhs_can_interfaces) StdoutLine: {'line': b'[ 33%] \x1b[32mBuilding CXX object CMakeFiles/yhs_can_interfaces__rosidl_typesupport_fastrtps_c.dir/rosidl_typesupport_fastrtps_c/yhs_can_interfaces/msg/detail/steering_ctrl_cmd__type_support_c.cpp.o\x1b[0m\n'}
[15.963151] (yhs_can_interfaces) StdoutLine: {'line': b'[ 34%] \x1b[32mBuilding CXX object CMakeFiles/yhs_can_interfaces__rosidl_typesupport_cpp.dir/rosidl_typesupport_cpp/yhs_can_interfaces/msg/lf_wheel_fb__type_support.cpp.o\x1b[0m\n'}
[15.964789] (-) TimerEvent: {}
[16.065278] (-) TimerEvent: {}
[16.135651] (yhs_can_interfaces) StdoutLine: {'line': b'[ 34%] \x1b[32mBuilding CXX object CMakeFiles/yhs_can_interfaces__rosidl_typesupport_fastrtps_cpp.dir/rosidl_typesupport_fastrtps_cpp/yhs_can_interfaces/msg/detail/dds_fastrtps/front_angle_fb__type_support.cpp.o\x1b[0m\n'}
[16.165437] (-) TimerEvent: {}
[16.193168] (yhs_can_interfaces) StdoutLine: {'line': b'[ 35%] \x1b[32mBuilding CXX object CMakeFiles/yhs_can_interfaces__rosidl_typesupport_introspection_cpp.dir/rosidl_typesupport_introspection_cpp/yhs_can_interfaces/msg/detail/io_cmd__type_support.cpp.o\x1b[0m\n'}
[16.265604] (-) TimerEvent: {}
[16.366641] (-) TimerEvent: {}
[16.467479] (-) TimerEvent: {}
[16.568398] (-) TimerEvent: {}
[16.579743] (yhs_can_interfaces) StdoutLine: {'line': b'[ 35%] \x1b[32mBuilding CXX object CMakeFiles/yhs_can_interfaces__rosidl_typesupport_cpp.dir/rosidl_typesupport_cpp/yhs_can_interfaces/msg/rf_wheel_fb__type_support.cpp.o\x1b[0m\n'}
[16.668587] (-) TimerEvent: {}
[16.715468] (yhs_can_interfaces) StdoutLine: {'line': b'[ 35%] \x1b[32mBuilding CXX object CMakeFiles/yhs_can_interfaces__rosidl_typesupport_fastrtps_c.dir/rosidl_typesupport_fastrtps_c/yhs_can_interfaces/msg/detail/steering_ctrl_fb__type_support_c.cpp.o\x1b[0m\n'}
[16.768759] (-) TimerEvent: {}
[16.869652] (-) TimerEvent: {}
[16.970533] (-) TimerEvent: {}
[17.066189] (yhs_can_interfaces) StdoutLine: {'line': b'[ 36%] \x1b[32mBuilding CXX object CMakeFiles/yhs_can_interfaces__rosidl_typesupport_fastrtps_cpp.dir/rosidl_typesupport_fastrtps_cpp/yhs_can_interfaces/msg/detail/dds_fastrtps/io_cmd__type_support.cpp.o\x1b[0m\n'}
[17.070685] (-) TimerEvent: {}
[17.092237] (yhs_can_interfaces) StdoutLine: {'line': b'[ 36%] \x1b[32mBuilding CXX object CMakeFiles/yhs_can_interfaces__rosidl_typesupport_introspection_cpp.dir/rosidl_typesupport_introspection_cpp/yhs_can_interfaces/msg/detail/io_fb__type_support.cpp.o\x1b[0m\n'}
[17.170846] (-) TimerEvent: {}
[17.203270] (yhs_can_interfaces) StdoutLine: {'line': b'[ 37%] \x1b[32mBuilding CXX object CMakeFiles/yhs_can_interfaces__rosidl_typesupport_cpp.dir/rosidl_typesupport_cpp/yhs_can_interfaces/msg/rear_angle_fb__type_support.cpp.o\x1b[0m\n'}
[17.271011] (-) TimerEvent: {}
[17.371574] (-) TimerEvent: {}
[17.472141] (-) TimerEvent: {}
[17.505860] (yhs_can_interfaces) StdoutLine: {'line': b'[ 38%] \x1b[32mBuilding CXX object CMakeFiles/yhs_can_interfaces__rosidl_typesupport_fastrtps_c.dir/rosidl_typesupport_fastrtps_c/yhs_can_interfaces/msg/detail/front_angle_fb__type_support_c.cpp.o\x1b[0m\n'}
[17.572315] (-) TimerEvent: {}
[17.672882] (-) TimerEvent: {}
[17.773443] (-) TimerEvent: {}
[17.830064] (yhs_can_interfaces) StdoutLine: {'line': b'[ 38%] \x1b[32mBuilding CXX object CMakeFiles/yhs_can_interfaces__rosidl_typesupport_cpp.dir/rosidl_typesupport_cpp/yhs_can_interfaces/msg/ultrasonic__type_support.cpp.o\x1b[0m\n'}
[17.873608] (-) TimerEvent: {}
[17.974168] (-) TimerEvent: {}
[17.987063] (yhs_can_interfaces) StdoutLine: {'line': b'[ 39%] \x1b[32mBuilding CXX object CMakeFiles/yhs_can_interfaces__rosidl_typesupport_introspection_cpp.dir/rosidl_typesupport_introspection_cpp/yhs_can_interfaces/msg/detail/lr_wheel_fb__type_support.cpp.o\x1b[0m\n'}
[18.009513] (yhs_can_interfaces) StdoutLine: {'line': b'[ 39%] \x1b[32mBuilding CXX object CMakeFiles/yhs_can_interfaces__rosidl_typesupport_fastrtps_cpp.dir/rosidl_typesupport_fastrtps_cpp/yhs_can_interfaces/msg/detail/dds_fastrtps/io_fb__type_support.cpp.o\x1b[0m\n'}
[18.074324] (-) TimerEvent: {}
[18.175211] (-) TimerEvent: {}
[18.276098] (-) TimerEvent: {}
[18.287977] (yhs_can_interfaces) StdoutLine: {'line': b'[ 39%] \x1b[32mBuilding CXX object CMakeFiles/yhs_can_interfaces__rosidl_typesupport_fastrtps_c.dir/rosidl_typesupport_fastrtps_c/yhs_can_interfaces/msg/detail/io_cmd__type_support_c.cpp.o\x1b[0m\n'}
[18.376265] (-) TimerEvent: {}
[18.450053] (yhs_can_interfaces) StdoutLine: {'line': b'[ 40%] \x1b[32mBuilding CXX object CMakeFiles/yhs_can_interfaces__rosidl_typesupport_cpp.dir/rosidl_typesupport_cpp/yhs_can_interfaces/msg/error_fb__type_support.cpp.o\x1b[0m\n'}
[18.476443] (-) TimerEvent: {}
[18.577320] (-) TimerEvent: {}
[18.678261] (-) TimerEvent: {}
[18.779239] (-) TimerEvent: {}
[18.869036] (yhs_can_interfaces) StdoutLine: {'line': b'[ 40%] \x1b[32mBuilding CXX object CMakeFiles/yhs_can_interfaces__rosidl_typesupport_introspection_cpp.dir/rosidl_typesupport_introspection_cpp/yhs_can_interfaces/msg/detail/rr_wheel_fb__type_support.cpp.o\x1b[0m\n'}
[18.879407] (-) TimerEvent: {}
[18.979951] (-) TimerEvent: {}
[19.004432] (yhs_can_interfaces) StdoutLine: {'line': b'[ 41%] \x1b[32mBuilding CXX object CMakeFiles/yhs_can_interfaces__rosidl_typesupport_fastrtps_cpp.dir/rosidl_typesupport_fastrtps_cpp/yhs_can_interfaces/msg/detail/dds_fastrtps/lr_wheel_fb__type_support.cpp.o\x1b[0m\n'}
[19.078462] (yhs_can_interfaces) StdoutLine: {'line': b'[ 41%] \x1b[32mBuilding CXX object CMakeFiles/yhs_can_interfaces__rosidl_typesupport_cpp.dir/rosidl_typesupport_cpp/yhs_can_interfaces/msg/motor_cmd__type_support.cpp.o\x1b[0m\n'}
[19.080064] (-) TimerEvent: {}
[19.092024] (yhs_can_interfaces) StdoutLine: {'line': b'[ 42%] \x1b[32mBuilding CXX object CMakeFiles/yhs_can_interfaces__rosidl_typesupport_fastrtps_c.dir/rosidl_typesupport_fastrtps_c/yhs_can_interfaces/msg/detail/io_fb__type_support_c.cpp.o\x1b[0m\n'}
[19.180236] (-) TimerEvent: {}
[19.281074] (-) TimerEvent: {}
[19.382002] (-) TimerEvent: {}
[19.482858] (-) TimerEvent: {}
[19.583699] (-) TimerEvent: {}
[19.684561] (-) TimerEvent: {}
[19.703146] (yhs_can_interfaces) StdoutLine: {'line': b'[ 43%] \x1b[32mBuilding CXX object CMakeFiles/yhs_can_interfaces__rosidl_typesupport_cpp.dir/rosidl_typesupport_cpp/yhs_can_interfaces/msg/motor_fb__type_support.cpp.o\x1b[0m\n'}
[19.757095] (yhs_can_interfaces) StdoutLine: {'line': b'[ 44%] \x1b[32mBuilding CXX object CMakeFiles/yhs_can_interfaces__rosidl_typesupport_introspection_cpp.dir/rosidl_typesupport_introspection_cpp/yhs_can_interfaces/msg/detail/lf_wheel_fb__type_support.cpp.o\x1b[0m\n'}
[19.784726] (-) TimerEvent: {}
[19.885574] (-) TimerEvent: {}
[19.924975] (yhs_can_interfaces) StdoutLine: {'line': b'[ 45%] \x1b[32mBuilding CXX object CMakeFiles/yhs_can_interfaces__rosidl_typesupport_fastrtps_c.dir/rosidl_typesupport_fastrtps_c/yhs_can_interfaces/msg/detail/lr_wheel_fb__type_support_c.cpp.o\x1b[0m\n'}
[19.940336] (yhs_can_interfaces) StdoutLine: {'line': b'[ 45%] \x1b[32mBuilding CXX object CMakeFiles/yhs_can_interfaces__rosidl_typesupport_fastrtps_cpp.dir/rosidl_typesupport_fastrtps_cpp/yhs_can_interfaces/msg/detail/dds_fastrtps/rr_wheel_fb__type_support.cpp.o\x1b[0m\n'}
[19.985751] (-) TimerEvent: {}
[20.086630] (-) TimerEvent: {}
[20.187549] (-) TimerEvent: {}
[20.288429] (-) TimerEvent: {}
[20.317659] (yhs_can_interfaces) StdoutLine: {'line': b'[ 45%] \x1b[32mBuilding CXX object CMakeFiles/yhs_can_interfaces__rosidl_typesupport_cpp.dir/rosidl_typesupport_cpp/yhs_can_interfaces/msg/drive_motor_current_fb__type_support.cpp.o\x1b[0m\n'}
[20.388596] (-) TimerEvent: {}
[20.489142] (-) TimerEvent: {}
[20.589718] (-) TimerEvent: {}
[20.642666] (yhs_can_interfaces) StdoutLine: {'line': b'[ 45%] \x1b[32mBuilding CXX object CMakeFiles/yhs_can_interfaces__rosidl_typesupport_introspection_cpp.dir/rosidl_typesupport_introspection_cpp/yhs_can_interfaces/msg/detail/rf_wheel_fb__type_support.cpp.o\x1b[0m\n'}
[20.689882] (-) TimerEvent: {}
[20.718681] (yhs_can_interfaces) StdoutLine: {'line': b'[ 45%] \x1b[32mBuilding CXX object CMakeFiles/yhs_can_interfaces__rosidl_typesupport_fastrtps_c.dir/rosidl_typesupport_fastrtps_c/yhs_can_interfaces/msg/detail/rr_wheel_fb__type_support_c.cpp.o\x1b[0m\n'}
[20.790041] (-) TimerEvent: {}
[20.879079] (yhs_can_interfaces) StdoutLine: {'line': b'[ 46%] \x1b[32mBuilding CXX object CMakeFiles/yhs_can_interfaces__rosidl_typesupport_fastrtps_cpp.dir/rosidl_typesupport_fastrtps_cpp/yhs_can_interfaces/msg/detail/dds_fastrtps/lf_wheel_fb__type_support.cpp.o\x1b[0m\n'}
[20.890206] (-) TimerEvent: {}
[20.939079] (yhs_can_interfaces) StdoutLine: {'line': b'[ 47%] \x1b[32mBuilding CXX object CMakeFiles/yhs_can_interfaces__rosidl_typesupport_cpp.dir/rosidl_typesupport_cpp/yhs_can_interfaces/msg/steering_motor_current_fb__type_support.cpp.o\x1b[0m\n'}
[20.990369] (-) TimerEvent: {}
[21.091180] (-) TimerEvent: {}
[21.192074] (-) TimerEvent: {}
[21.293054] (-) TimerEvent: {}
[21.394068] (-) TimerEvent: {}
[21.494919] (-) TimerEvent: {}
[21.512027] (yhs_can_interfaces) StdoutLine: {'line': b'[ 48%] \x1b[32mBuilding CXX object CMakeFiles/yhs_can_interfaces__rosidl_typesupport_fastrtps_c.dir/rosidl_typesupport_fastrtps_c/yhs_can_interfaces/msg/detail/lf_wheel_fb__type_support_c.cpp.o\x1b[0m\n'}
[21.527031] (yhs_can_interfaces) StdoutLine: {'line': b'[ 49%] \x1b[32mBuilding CXX object CMakeFiles/yhs_can_interfaces__rosidl_typesupport_introspection_cpp.dir/rosidl_typesupport_introspection_cpp/yhs_can_interfaces/msg/detail/rear_angle_fb__type_support.cpp.o\x1b[0m\n'}
[21.566442] (yhs_can_interfaces) StdoutLine: {'line': b'[ 49%] \x1b[32m\x1b[1mLinking CXX shared library libyhs_can_interfaces__rosidl_typesupport_cpp.so\x1b[0m\n'}
[21.595073] (-) TimerEvent: {}
[21.668022] (yhs_can_interfaces) StdoutLine: {'line': b'[ 49%] Built target yhs_can_interfaces__rosidl_typesupport_cpp\n'}
[21.688323] (yhs_can_interfaces) StdoutLine: {'line': b'[ 50%] \x1b[34m\x1b[1mGenerating C introspection for ROS interfaces\x1b[0m\n'}
[21.695231] (-) TimerEvent: {}
[21.795777] (-) TimerEvent: {}
[21.832511] (yhs_can_interfaces) StdoutLine: {'line': b'[ 50%] \x1b[32mBuilding CXX object CMakeFiles/yhs_can_interfaces__rosidl_typesupport_fastrtps_cpp.dir/rosidl_typesupport_fastrtps_cpp/yhs_can_interfaces/msg/detail/dds_fastrtps/rf_wheel_fb__type_support.cpp.o\x1b[0m\n'}
[21.895944] (-) TimerEvent: {}
[21.996758] (-) TimerEvent: {}
[22.097581] (-) TimerEvent: {}
[22.205048] (-) TimerEvent: {}
[22.305570] (-) TimerEvent: {}
[22.312812] (yhs_can_interfaces) StdoutLine: {'line': b'[ 50%] \x1b[32mBuilding CXX object CMakeFiles/yhs_can_interfaces__rosidl_typesupport_fastrtps_c.dir/rosidl_typesupport_fastrtps_c/yhs_can_interfaces/msg/detail/rf_wheel_fb__type_support_c.cpp.o\x1b[0m\n'}
[22.405740] (-) TimerEvent: {}
[22.415837] (yhs_can_interfaces) StdoutLine: {'line': b'[ 50%] \x1b[32mBuilding CXX object CMakeFiles/yhs_can_interfaces__rosidl_typesupport_introspection_cpp.dir/rosidl_typesupport_introspection_cpp/yhs_can_interfaces/msg/detail/ultrasonic__type_support.cpp.o\x1b[0m\n'}
[22.505884] (-) TimerEvent: {}
[22.606703] (-) TimerEvent: {}
[22.707456] (-) TimerEvent: {}
[22.754321] (yhs_can_interfaces) StdoutLine: {'line': b'[ 51%] \x1b[32mBuilding CXX object CMakeFiles/yhs_can_interfaces__rosidl_typesupport_fastrtps_cpp.dir/rosidl_typesupport_fastrtps_cpp/yhs_can_interfaces/msg/detail/dds_fastrtps/rear_angle_fb__type_support.cpp.o\x1b[0m\n'}
[22.807618] (-) TimerEvent: {}
[22.908127] (-) TimerEvent: {}
[23.008673] (-) TimerEvent: {}
[23.087969] (yhs_can_interfaces) StdoutLine: {'line': b'[ 52%] \x1b[32mBuilding CXX object CMakeFiles/yhs_can_interfaces__rosidl_typesupport_fastrtps_c.dir/rosidl_typesupport_fastrtps_c/yhs_can_interfaces/msg/detail/rear_angle_fb__type_support_c.cpp.o\x1b[0m\n'}
[23.108844] (-) TimerEvent: {}
[23.209726] (-) TimerEvent: {}
[23.288559] (yhs_can_interfaces) StdoutLine: {'line': b'[ 53%] \x1b[32mBuilding CXX object CMakeFiles/yhs_can_interfaces__rosidl_typesupport_introspection_cpp.dir/rosidl_typesupport_introspection_cpp/yhs_can_interfaces/msg/detail/error_fb__type_support.cpp.o\x1b[0m\n'}
[23.309870] (-) TimerEvent: {}
[23.410610] (-) TimerEvent: {}
[23.511378] (-) TimerEvent: {}
[23.612174] (-) TimerEvent: {}
[23.675785] (yhs_can_interfaces) StdoutLine: {'line': b'[ 53%] \x1b[32mBuilding CXX object CMakeFiles/yhs_can_interfaces__rosidl_typesupport_fastrtps_cpp.dir/rosidl_typesupport_fastrtps_cpp/yhs_can_interfaces/msg/detail/dds_fastrtps/ultrasonic__type_support.cpp.o\x1b[0m\n'}
[23.712326] (-) TimerEvent: {}
[23.812850] (-) TimerEvent: {}
[23.862812] (yhs_can_interfaces) StdoutLine: {'line': b'[ 53%] \x1b[32mBuilding CXX object CMakeFiles/yhs_can_interfaces__rosidl_typesupport_fastrtps_c.dir/rosidl_typesupport_fastrtps_c/yhs_can_interfaces/msg/detail/ultrasonic__type_support_c.cpp.o\x1b[0m\n'}
[23.913012] (-) TimerEvent: {}
[24.013823] (-) TimerEvent: {}
[24.114636] (-) TimerEvent: {}
[24.168263] (yhs_can_interfaces) StdoutLine: {'line': b'[ 53%] \x1b[32mBuilding CXX object CMakeFiles/yhs_can_interfaces__rosidl_typesupport_introspection_cpp.dir/rosidl_typesupport_introspection_cpp/yhs_can_interfaces/msg/detail/motor_cmd__type_support.cpp.o\x1b[0m\n'}
[24.214800] (-) TimerEvent: {}
[24.315369] (-) TimerEvent: {}
[24.415975] (-) TimerEvent: {}
[24.516544] (-) TimerEvent: {}
[24.617081] (-) TimerEvent: {}
[24.624750] (yhs_can_interfaces) StdoutLine: {'line': b'[ 54%] \x1b[32mBuilding CXX object CMakeFiles/yhs_can_interfaces__rosidl_typesupport_fastrtps_cpp.dir/rosidl_typesupport_fastrtps_cpp/yhs_can_interfaces/msg/detail/dds_fastrtps/error_fb__type_support.cpp.o\x1b[0m\n'}
[24.666941] (yhs_can_interfaces) StdoutLine: {'line': b'[ 55%] \x1b[32mBuilding CXX object CMakeFiles/yhs_can_interfaces__rosidl_typesupport_fastrtps_c.dir/rosidl_typesupport_fastrtps_c/yhs_can_interfaces/msg/detail/error_fb__type_support_c.cpp.o\x1b[0m\n'}
[24.717260] (-) TimerEvent: {}
[24.725354] (yhs_can_interfaces) StdoutLine: {'line': b'[ 55%] \x1b[32mBuilding C object CMakeFiles/yhs_can_interfaces__rosidl_typesupport_introspection_c.dir/rosidl_typesupport_introspection_c/yhs_can_interfaces/msg/detail/bms_flag_fb__type_support.c.o\x1b[0m\n'}
[24.798869] (yhs_can_interfaces) StdoutLine: {'line': b'[ 56%] \x1b[32mBuilding C object CMakeFiles/yhs_can_interfaces__rosidl_typesupport_introspection_c.dir/rosidl_typesupport_introspection_c/yhs_can_interfaces/msg/detail/bms_fb__type_support.c.o\x1b[0m\n'}
[24.817430] (-) TimerEvent: {}
[24.878590] (yhs_can_interfaces) StdoutLine: {'line': b'[ 56%] \x1b[32mBuilding C object CMakeFiles/yhs_can_interfaces__rosidl_typesupport_introspection_c.dir/rosidl_typesupport_introspection_c/yhs_can_interfaces/msg/detail/chassis_info_fb__type_support.c.o\x1b[0m\n'}
[24.917607] (-) TimerEvent: {}
[24.972546] (yhs_can_interfaces) StdoutLine: {'line': b'[ 57%] \x1b[32mBuilding C object CMakeFiles/yhs_can_interfaces__rosidl_typesupport_introspection_c.dir/rosidl_typesupport_introspection_c/yhs_can_interfaces/msg/detail/ctrl_cmd__type_support.c.o\x1b[0m\n'}
[25.017778] (-) TimerEvent: {}
[25.050590] (yhs_can_interfaces) StdoutLine: {'line': b'[ 58%] \x1b[32mBuilding C object CMakeFiles/yhs_can_interfaces__rosidl_typesupport_introspection_c.dir/rosidl_typesupport_introspection_c/yhs_can_interfaces/msg/detail/ctrl_fb__type_support.c.o\x1b[0m\n'}
[25.071932] (yhs_can_interfaces) StdoutLine: {'line': b'[ 59%] \x1b[32mBuilding CXX object CMakeFiles/yhs_can_interfaces__rosidl_typesupport_introspection_cpp.dir/rosidl_typesupport_introspection_cpp/yhs_can_interfaces/msg/detail/motor_fb__type_support.cpp.o\x1b[0m\n'}
[25.116935] (yhs_can_interfaces) StdoutLine: {'line': b'[ 59%] \x1b[32mBuilding C object CMakeFiles/yhs_can_interfaces__rosidl_typesupport_introspection_c.dir/rosidl_typesupport_introspection_c/yhs_can_interfaces/msg/detail/steering_ctrl_cmd__type_support.c.o\x1b[0m\n'}
[25.117909] (-) TimerEvent: {}
[25.198223] (yhs_can_interfaces) StdoutLine: {'line': b'[ 60%] \x1b[32mBuilding C object CMakeFiles/yhs_can_interfaces__rosidl_typesupport_introspection_c.dir/rosidl_typesupport_introspection_c/yhs_can_interfaces/msg/detail/steering_ctrl_fb__type_support.c.o\x1b[0m\n'}
[25.218074] (-) TimerEvent: {}
[25.265700] (yhs_can_interfaces) StdoutLine: {'line': b'[ 60%] \x1b[32mBuilding C object CMakeFiles/yhs_can_interfaces__rosidl_typesupport_introspection_c.dir/rosidl_typesupport_introspection_c/yhs_can_interfaces/msg/detail/front_angle_fb__type_support.c.o\x1b[0m\n'}
[25.318232] (-) TimerEvent: {}
[25.346884] (yhs_can_interfaces) StdoutLine: {'line': b'[ 61%] \x1b[32mBuilding C object CMakeFiles/yhs_can_interfaces__rosidl_typesupport_introspection_c.dir/rosidl_typesupport_introspection_c/yhs_can_interfaces/msg/detail/io_cmd__type_support.c.o\x1b[0m\n'}
[25.415130] (yhs_can_interfaces) StdoutLine: {'line': b'[ 61%] \x1b[32mBuilding C object CMakeFiles/yhs_can_interfaces__rosidl_typesupport_introspection_c.dir/rosidl_typesupport_introspection_c/yhs_can_interfaces/msg/detail/io_fb__type_support.c.o\x1b[0m\n'}
[25.418389] (-) TimerEvent: {}
[25.464583] (yhs_can_interfaces) StdoutLine: {'line': b'[ 61%] \x1b[32mBuilding CXX object CMakeFiles/yhs_can_interfaces__rosidl_typesupport_fastrtps_c.dir/rosidl_typesupport_fastrtps_c/yhs_can_interfaces/msg/detail/motor_cmd__type_support_c.cpp.o\x1b[0m\n'}
[25.486381] (yhs_can_interfaces) StdoutLine: {'line': b'[ 62%] \x1b[32mBuilding C object CMakeFiles/yhs_can_interfaces__rosidl_typesupport_introspection_c.dir/rosidl_typesupport_introspection_c/yhs_can_interfaces/msg/detail/lr_wheel_fb__type_support.c.o\x1b[0m\n'}
[25.518580] (-) TimerEvent: {}
[25.548488] (yhs_can_interfaces) StdoutLine: {'line': b'[ 62%] \x1b[32mBuilding CXX object CMakeFiles/yhs_can_interfaces__rosidl_typesupport_fastrtps_cpp.dir/rosidl_typesupport_fastrtps_cpp/yhs_can_interfaces/msg/detail/dds_fastrtps/motor_cmd__type_support.cpp.o\x1b[0m\n'}
[25.549903] (yhs_can_interfaces) StdoutLine: {'line': b'[ 62%] \x1b[32mBuilding C object CMakeFiles/yhs_can_interfaces__rosidl_typesupport_introspection_c.dir/rosidl_typesupport_introspection_c/yhs_can_interfaces/msg/detail/rr_wheel_fb__type_support.c.o\x1b[0m\n'}
[25.618736] (-) TimerEvent: {}
[25.626010] (yhs_can_interfaces) StdoutLine: {'line': b'[ 63%] \x1b[32mBuilding C object CMakeFiles/yhs_can_interfaces__rosidl_typesupport_introspection_c.dir/rosidl_typesupport_introspection_c/yhs_can_interfaces/msg/detail/lf_wheel_fb__type_support.c.o\x1b[0m\n'}
[25.690956] (yhs_can_interfaces) StdoutLine: {'line': b'[ 63%] \x1b[32mBuilding C object CMakeFiles/yhs_can_interfaces__rosidl_typesupport_introspection_c.dir/rosidl_typesupport_introspection_c/yhs_can_interfaces/msg/detail/rf_wheel_fb__type_support.c.o\x1b[0m\n'}
[25.718901] (-) TimerEvent: {}
[25.775194] (yhs_can_interfaces) StdoutLine: {'line': b'[ 64%] \x1b[32mBuilding C object CMakeFiles/yhs_can_interfaces__rosidl_typesupport_introspection_c.dir/rosidl_typesupport_introspection_c/yhs_can_interfaces/msg/detail/rear_angle_fb__type_support.c.o\x1b[0m\n'}
[25.819070] (-) TimerEvent: {}
[25.843561] (yhs_can_interfaces) StdoutLine: {'line': b'[ 64%] \x1b[32mBuilding C object CMakeFiles/yhs_can_interfaces__rosidl_typesupport_introspection_c.dir/rosidl_typesupport_introspection_c/yhs_can_interfaces/msg/detail/ultrasonic__type_support.c.o\x1b[0m\n'}
[25.919250] (-) TimerEvent: {}
[25.926769] (yhs_can_interfaces) StdoutLine: {'line': b'[ 65%] \x1b[32mBuilding C object CMakeFiles/yhs_can_interfaces__rosidl_typesupport_introspection_c.dir/rosidl_typesupport_introspection_c/yhs_can_interfaces/msg/detail/error_fb__type_support.c.o\x1b[0m\n'}
[25.973330] (yhs_can_interfaces) StdoutLine: {'line': b'[ 65%] \x1b[32mBuilding CXX object CMakeFiles/yhs_can_interfaces__rosidl_typesupport_introspection_cpp.dir/rosidl_typesupport_introspection_cpp/yhs_can_interfaces/msg/detail/drive_motor_current_fb__type_support.cpp.o\x1b[0m\n'}
[25.994202] (yhs_can_interfaces) StdoutLine: {'line': b'[ 65%] \x1b[32mBuilding C object CMakeFiles/yhs_can_interfaces__rosidl_typesupport_introspection_c.dir/rosidl_typesupport_introspection_c/yhs_can_interfaces/msg/detail/motor_cmd__type_support.c.o\x1b[0m\n'}
[26.019414] (-) TimerEvent: {}
[26.074526] (yhs_can_interfaces) StdoutLine: {'line': b'[ 66%] \x1b[32mBuilding C object CMakeFiles/yhs_can_interfaces__rosidl_typesupport_introspection_c.dir/rosidl_typesupport_introspection_c/yhs_can_interfaces/msg/detail/motor_fb__type_support.c.o\x1b[0m\n'}
[26.119585] (-) TimerEvent: {}
[26.141340] (yhs_can_interfaces) StdoutLine: {'line': b'[ 66%] \x1b[32mBuilding C object CMakeFiles/yhs_can_interfaces__rosidl_typesupport_introspection_c.dir/rosidl_typesupport_introspection_c/yhs_can_interfaces/msg/detail/drive_motor_current_fb__type_support.c.o\x1b[0m\n'}
[26.219763] (-) TimerEvent: {}
[26.222283] (yhs_can_interfaces) StdoutLine: {'line': b'[ 67%] \x1b[32mBuilding C object CMakeFiles/yhs_can_interfaces__rosidl_typesupport_introspection_c.dir/rosidl_typesupport_introspection_c/yhs_can_interfaces/msg/detail/steering_motor_current_fb__type_support.c.o\x1b[0m\n'}
[26.266330] (yhs_can_interfaces) StdoutLine: {'line': b'[ 68%] \x1b[32mBuilding CXX object CMakeFiles/yhs_can_interfaces__rosidl_typesupport_fastrtps_c.dir/rosidl_typesupport_fastrtps_c/yhs_can_interfaces/msg/detail/motor_fb__type_support_c.cpp.o\x1b[0m\n'}
[26.290397] (yhs_can_interfaces) StdoutLine: {'line': b'[ 68%] \x1b[32m\x1b[1mLinking C shared library libyhs_can_interfaces__rosidl_typesupport_introspection_c.so\x1b[0m\n'}
[26.319921] (-) TimerEvent: {}
[26.368148] (yhs_can_interfaces) StdoutLine: {'line': b'[ 68%] Built target yhs_can_interfaces__rosidl_typesupport_introspection_c\n'}
[26.388680] (yhs_can_interfaces) StdoutLine: {'line': b'[ 69%] \x1b[34m\x1b[1mGenerating C type support dispatch for ROS interfaces\x1b[0m\n'}
[26.420094] (-) TimerEvent: {}
[26.488764] (yhs_can_interfaces) StdoutLine: {'line': b'[ 70%] \x1b[32mBuilding CXX object CMakeFiles/yhs_can_interfaces__rosidl_typesupport_fastrtps_cpp.dir/rosidl_typesupport_fastrtps_cpp/yhs_can_interfaces/msg/detail/dds_fastrtps/motor_fb__type_support.cpp.o\x1b[0m\n'}
[26.520250] (-) TimerEvent: {}
[26.620762] (-) TimerEvent: {}
[26.721301] (-) TimerEvent: {}
[26.821852] (-) TimerEvent: {}
[26.857122] (yhs_can_interfaces) StdoutLine: {'line': b'[ 71%] \x1b[32mBuilding CXX object CMakeFiles/yhs_can_interfaces__rosidl_typesupport_introspection_cpp.dir/rosidl_typesupport_introspection_cpp/yhs_can_interfaces/msg/detail/steering_motor_current_fb__type_support.cpp.o\x1b[0m\n'}
[26.922002] (-) TimerEvent: {}
[27.022839] (-) TimerEvent: {}
[27.068612] (yhs_can_interfaces) StdoutLine: {'line': b'[ 71%] \x1b[32mBuilding CXX object CMakeFiles/yhs_can_interfaces__rosidl_typesupport_fastrtps_c.dir/rosidl_typesupport_fastrtps_c/yhs_can_interfaces/msg/detail/drive_motor_current_fb__type_support_c.cpp.o\x1b[0m\n'}
[27.122991] (-) TimerEvent: {}
[27.223911] (-) TimerEvent: {}
[27.324743] (-) TimerEvent: {}
[27.412365] (yhs_can_interfaces) StdoutLine: {'line': b'[ 71%] \x1b[32mBuilding CXX object CMakeFiles/yhs_can_interfaces__rosidl_typesupport_fastrtps_cpp.dir/rosidl_typesupport_fastrtps_cpp/yhs_can_interfaces/msg/detail/dds_fastrtps/drive_motor_current_fb__type_support.cpp.o\x1b[0m\n'}
[27.424910] (-) TimerEvent: {}
[27.525460] (-) TimerEvent: {}
[27.626050] (-) TimerEvent: {}
[27.726552] (-) TimerEvent: {}
[27.735609] (yhs_can_interfaces) StdoutLine: {'line': b'[ 72%] \x1b[32m\x1b[1mLinking CXX shared library libyhs_can_interfaces__rosidl_typesupport_introspection_cpp.so\x1b[0m\n'}
[27.826701] (-) TimerEvent: {}
[27.884801] (yhs_can_interfaces) StdoutLine: {'line': b'[ 73%] \x1b[32mBuilding CXX object CMakeFiles/yhs_can_interfaces__rosidl_typesupport_fastrtps_c.dir/rosidl_typesupport_fastrtps_c/yhs_can_interfaces/msg/detail/steering_motor_current_fb__type_support_c.cpp.o\x1b[0m\n'}
[27.897313] (yhs_can_interfaces) StdoutLine: {'line': b'[ 73%] Built target yhs_can_interfaces__rosidl_typesupport_introspection_cpp\n'}
[27.913459] (yhs_can_interfaces) StdoutLine: {'line': b'[ 74%] \x1b[32mBuilding CXX object CMakeFiles/yhs_can_interfaces__rosidl_typesupport_fastrtps_cpp.dir/rosidl_typesupport_fastrtps_cpp/yhs_can_interfaces/msg/detail/dds_fastrtps/steering_motor_current_fb__type_support.cpp.o\x1b[0m\n'}
[27.926853] (-) TimerEvent: {}
[28.027606] (-) TimerEvent: {}
[28.128382] (-) TimerEvent: {}
[28.229185] (-) TimerEvent: {}
[28.330112] (-) TimerEvent: {}
[28.430920] (-) TimerEvent: {}
[28.452892] (yhs_can_interfaces) StdoutLine: {'line': b'[ 75%] \x1b[32mBuilding CXX object CMakeFiles/yhs_can_interfaces__rosidl_typesupport_c.dir/rosidl_typesupport_c/yhs_can_interfaces/msg/bms_fb__type_support.cpp.o\x1b[0m\n'}
[28.453441] (yhs_can_interfaces) StdoutLine: {'line': b'[ 75%] \x1b[32mBuilding CXX object CMakeFiles/yhs_can_interfaces__rosidl_typesupport_c.dir/rosidl_typesupport_c/yhs_can_interfaces/msg/bms_flag_fb__type_support.cpp.o\x1b[0m\n'}
[28.518036] (yhs_can_interfaces) StdoutLine: {'line': b'[ 76%] \x1b[32mBuilding CXX object CMakeFiles/yhs_can_interfaces__rosidl_typesupport_c.dir/rosidl_typesupport_c/yhs_can_interfaces/msg/chassis_info_fb__type_support.cpp.o\x1b[0m\n'}
[28.518498] (yhs_can_interfaces) StdoutLine: {'line': b'[ 76%] \x1b[32mBuilding CXX object CMakeFiles/yhs_can_interfaces__rosidl_typesupport_c.dir/rosidl_typesupport_c/yhs_can_interfaces/msg/ctrl_cmd__type_support.cpp.o\x1b[0m\n'}
[28.531103] (-) TimerEvent: {}
[28.577773] (yhs_can_interfaces) StdoutLine: {'line': b'[ 76%] \x1b[32mBuilding CXX object CMakeFiles/yhs_can_interfaces__rosidl_typesupport_c.dir/rosidl_typesupport_c/yhs_can_interfaces/msg/ctrl_fb__type_support.cpp.o\x1b[0m\n'}
[28.585530] (yhs_can_interfaces) StdoutLine: {'line': b'[ 77%] \x1b[32mBuilding CXX object CMakeFiles/yhs_can_interfaces__rosidl_typesupport_c.dir/rosidl_typesupport_c/yhs_can_interfaces/msg/steering_ctrl_cmd__type_support.cpp.o\x1b[0m\n'}
[28.631269] (-) TimerEvent: {}
[28.639458] (yhs_can_interfaces) StdoutLine: {'line': b'[ 77%] \x1b[32mBuilding CXX object CMakeFiles/yhs_can_interfaces__rosidl_typesupport_c.dir/rosidl_typesupport_c/yhs_can_interfaces/msg/steering_ctrl_fb__type_support.cpp.o\x1b[0m\n'}
[28.644960] (yhs_can_interfaces) StdoutLine: {'line': b'[ 78%] \x1b[32mBuilding CXX object CMakeFiles/yhs_can_interfaces__rosidl_typesupport_c.dir/rosidl_typesupport_c/yhs_can_interfaces/msg/front_angle_fb__type_support.cpp.o\x1b[0m\n'}
[28.680624] (yhs_can_interfaces) StdoutLine: {'line': b'[ 78%] \x1b[32m\x1b[1mLinking CXX shared library libyhs_can_interfaces__rosidl_typesupport_fastrtps_c.so\x1b[0m\n'}
[28.700589] (yhs_can_interfaces) StdoutLine: {'line': b'[ 78%] \x1b[32mBuilding CXX object CMakeFiles/yhs_can_interfaces__rosidl_typesupport_c.dir/rosidl_typesupport_c/yhs_can_interfaces/msg/io_cmd__type_support.cpp.o\x1b[0m\n'}
[28.702608] (yhs_can_interfaces) StdoutLine: {'line': b'[ 79%] \x1b[32mBuilding CXX object CMakeFiles/yhs_can_interfaces__rosidl_typesupport_c.dir/rosidl_typesupport_c/yhs_can_interfaces/msg/io_fb__type_support.cpp.o\x1b[0m\n'}
[28.731441] (-) TimerEvent: {}
[28.762933] (yhs_can_interfaces) StdoutLine: {'line': b'[ 80%] \x1b[32mBuilding CXX object CMakeFiles/yhs_can_interfaces__rosidl_typesupport_c.dir/rosidl_typesupport_c/yhs_can_interfaces/msg/lr_wheel_fb__type_support.cpp.o\x1b[0m\n'}
[28.763555] (yhs_can_interfaces) StdoutLine: {'line': b'[ 80%] \x1b[32mBuilding CXX object CMakeFiles/yhs_can_interfaces__rosidl_typesupport_c.dir/rosidl_typesupport_c/yhs_can_interfaces/msg/rr_wheel_fb__type_support.cpp.o\x1b[0m\n'}
[28.831959] (-) TimerEvent: {}
[28.846554] (yhs_can_interfaces) StdoutLine: {'line': b'[ 80%] \x1b[32mBuilding CXX object CMakeFiles/yhs_can_interfaces__rosidl_typesupport_c.dir/rosidl_typesupport_c/yhs_can_interfaces/msg/lf_wheel_fb__type_support.cpp.o\x1b[0m\n'}
[28.848038] (yhs_can_interfaces) StdoutLine: {'line': b'[ 81%] \x1b[32mBuilding CXX object CMakeFiles/yhs_can_interfaces__rosidl_typesupport_c.dir/rosidl_typesupport_c/yhs_can_interfaces/msg/rf_wheel_fb__type_support.cpp.o\x1b[0m\n'}
[28.857535] (yhs_can_interfaces) StdoutLine: {'line': b'[ 81%] \x1b[32m\x1b[1mLinking CXX shared library libyhs_can_interfaces__rosidl_typesupport_fastrtps_cpp.so\x1b[0m\n'}
[28.873211] (yhs_can_interfaces) StdoutLine: {'line': b'[ 81%] Built target yhs_can_interfaces__rosidl_typesupport_fastrtps_c\n'}
[28.888330] (yhs_can_interfaces) StdoutLine: {'line': b'[ 81%] \x1b[32mBuilding CXX object CMakeFiles/yhs_can_interfaces__rosidl_typesupport_c.dir/rosidl_typesupport_c/yhs_can_interfaces/msg/rear_angle_fb__type_support.cpp.o\x1b[0m\n'}
[28.904445] (yhs_can_interfaces) StdoutLine: {'line': b'[ 82%] \x1b[32mBuilding CXX object CMakeFiles/yhs_can_interfaces__rosidl_typesupport_c.dir/rosidl_typesupport_c/yhs_can_interfaces/msg/ultrasonic__type_support.cpp.o\x1b[0m\n'}
[28.906532] (yhs_can_interfaces) StdoutLine: {'line': b'[ 83%] \x1b[32mBuilding CXX object CMakeFiles/yhs_can_interfaces__rosidl_typesupport_c.dir/rosidl_typesupport_c/yhs_can_interfaces/msg/error_fb__type_support.cpp.o\x1b[0m\n'}
[28.932116] (-) TimerEvent: {}
[28.950047] (yhs_can_interfaces) StdoutLine: {'line': b'[ 83%] \x1b[32mBuilding CXX object CMakeFiles/yhs_can_interfaces__rosidl_typesupport_c.dir/rosidl_typesupport_c/yhs_can_interfaces/msg/motor_cmd__type_support.cpp.o\x1b[0m\n'}
[28.965844] (yhs_can_interfaces) StdoutLine: {'line': b'[ 84%] \x1b[32mBuilding CXX object CMakeFiles/yhs_can_interfaces__rosidl_typesupport_c.dir/rosidl_typesupport_c/yhs_can_interfaces/msg/motor_fb__type_support.cpp.o\x1b[0m\n'}
[28.967710] (yhs_can_interfaces) StdoutLine: {'line': b'[ 84%] \x1b[32mBuilding CXX object CMakeFiles/yhs_can_interfaces__rosidl_typesupport_c.dir/rosidl_typesupport_c/yhs_can_interfaces/msg/drive_motor_current_fb__type_support.cpp.o\x1b[0m\n'}
[29.013918] (yhs_can_interfaces) StdoutLine: {'line': b'[ 85%] \x1b[32mBuilding CXX object CMakeFiles/yhs_can_interfaces__rosidl_typesupport_c.dir/rosidl_typesupport_c/yhs_can_interfaces/msg/steering_motor_current_fb__type_support.cpp.o\x1b[0m\n'}
[29.032304] (-) TimerEvent: {}
[29.049459] (yhs_can_interfaces) StdoutLine: {'line': b'[ 85%] Built target yhs_can_interfaces__rosidl_typesupport_fastrtps_cpp\n'}
[29.062642] (yhs_can_interfaces) StdoutLine: {'line': b'[ 85%] \x1b[32m\x1b[1mLinking CXX shared library libyhs_can_interfaces__rosidl_typesupport_c.so\x1b[0m\n'}
[29.120301] (yhs_can_interfaces) StdoutLine: {'line': b'[ 85%] Built target yhs_can_interfaces__rosidl_typesupport_c\n'}
[29.132466] (-) TimerEvent: {}
[29.143040] (yhs_can_interfaces) StdoutLine: {'line': b'[ 85%] Built target yhs_can_interfaces\n'}
[29.167379] (yhs_can_interfaces) StdoutLine: {'line': b'[ 86%] \x1b[34m\x1b[1mGenerating Python code for ROS interfaces\x1b[0m\n'}
[29.232627] (-) TimerEvent: {}
[29.333008] (-) TimerEvent: {}
[29.433362] (-) TimerEvent: {}
[29.533714] (-) TimerEvent: {}
[29.634071] (-) TimerEvent: {}
[29.734424] (-) TimerEvent: {}
[29.834785] (-) TimerEvent: {}
[29.935106] (-) TimerEvent: {}
[30.035412] (-) TimerEvent: {}
[30.135701] (-) TimerEvent: {}
[30.236014] (-) TimerEvent: {}
[30.336346] (-) TimerEvent: {}
[30.436734] (-) TimerEvent: {}
[30.537120] (-) TimerEvent: {}
[30.637421] (-) TimerEvent: {}
[30.737722] (-) TimerEvent: {}
[30.838028] (-) TimerEvent: {}
[30.938337] (-) TimerEvent: {}
[31.038663] (-) TimerEvent: {}
[31.138998] (-) TimerEvent: {}
[31.239331] (-) TimerEvent: {}
[31.339667] (-) TimerEvent: {}
[31.439999] (-) TimerEvent: {}
[31.540343] (-) TimerEvent: {}
[31.640694] (-) TimerEvent: {}
[31.741039] (-) TimerEvent: {}
[31.841381] (-) TimerEvent: {}
[31.941729] (-) TimerEvent: {}
[32.042066] (-) TimerEvent: {}
[32.142398] (-) TimerEvent: {}
[32.242700] (-) TimerEvent: {}
[32.343049] (-) TimerEvent: {}
[32.443457] (-) TimerEvent: {}
[32.529060] (yhs_can_interfaces) StdoutLine: {'line': b'[ 86%] Built target yhs_can_interfaces__py\n'}
[32.543611] (-) TimerEvent: {}
[32.557187] (yhs_can_interfaces) StdoutLine: {'line': b'[ 88%] \x1b[32mBuilding C object CMakeFiles/yhs_can_interfaces__rosidl_generator_py.dir/rosidl_generator_py/yhs_can_interfaces/msg/_ctrl_cmd_s.c.o\x1b[0m\n'}
[32.557592] (yhs_can_interfaces) StdoutLine: {'line': b'[ 88%] \x1b[32mBuilding C object CMakeFiles/yhs_can_interfaces__rosidl_generator_py.dir/rosidl_generator_py/yhs_can_interfaces/msg/_bms_fb_s.c.o\x1b[0m\n'}
[32.557991] (yhs_can_interfaces) StdoutLine: {'line': b'[ 88%] \x1b[32mBuilding C object CMakeFiles/yhs_can_interfaces__rosidl_generator_py.dir/rosidl_generator_py/yhs_can_interfaces/msg/_bms_flag_fb_s.c.o\x1b[0m\n'}
[32.558621] (yhs_can_interfaces) StdoutLine: {'line': b'[ 88%] \x1b[32mBuilding C object CMakeFiles/yhs_can_interfaces__rosidl_generator_py.dir/rosidl_generator_py/yhs_can_interfaces/msg/_chassis_info_fb_s.c.o\x1b[0m\n'}
[32.643779] (-) TimerEvent: {}
[32.744310] (-) TimerEvent: {}
[32.829285] (yhs_can_interfaces) StdoutLine: {'line': b'[ 88%] \x1b[32mBuilding C object CMakeFiles/yhs_can_interfaces__rosidl_generator_py.dir/rosidl_generator_py/yhs_can_interfaces/msg/_ctrl_fb_s.c.o\x1b[0m\n'}
[32.837273] (yhs_can_interfaces) StdoutLine: {'line': b'[ 89%] \x1b[32mBuilding C object CMakeFiles/yhs_can_interfaces__rosidl_generator_py.dir/rosidl_generator_py/yhs_can_interfaces/msg/_steering_ctrl_cmd_s.c.o\x1b[0m\n'}
[32.844478] (-) TimerEvent: {}
[32.847589] (yhs_can_interfaces) StdoutLine: {'line': b'[ 89%] \x1b[32mBuilding C object CMakeFiles/yhs_can_interfaces__rosidl_generator_py.dir/rosidl_generator_py/yhs_can_interfaces/msg/_steering_ctrl_fb_s.c.o\x1b[0m\n'}
[32.849857] (yhs_can_interfaces) StdoutLine: {'line': b'[ 90%] \x1b[32mBuilding C object CMakeFiles/yhs_can_interfaces__rosidl_generator_py.dir/rosidl_generator_py/yhs_can_interfaces/msg/_front_angle_fb_s.c.o\x1b[0m\n'}
[32.944642] (-) TimerEvent: {}
[33.045204] (-) TimerEvent: {}
[33.048299] (yhs_can_interfaces) StdoutLine: {'line': b'[ 90%] \x1b[32mBuilding C object CMakeFiles/yhs_can_interfaces__rosidl_generator_py.dir/rosidl_generator_py/yhs_can_interfaces/msg/_io_cmd_s.c.o\x1b[0m\n'}
[33.056794] (yhs_can_interfaces) StdoutLine: {'line': b'[ 91%] \x1b[32mBuilding C object CMakeFiles/yhs_can_interfaces__rosidl_generator_py.dir/rosidl_generator_py/yhs_can_interfaces/msg/_io_fb_s.c.o\x1b[0m\n'}
[33.062460] (yhs_can_interfaces) StdoutLine: {'line': b'[ 92%] \x1b[32mBuilding C object CMakeFiles/yhs_can_interfaces__rosidl_generator_py.dir/rosidl_generator_py/yhs_can_interfaces/msg/_lr_wheel_fb_s.c.o\x1b[0m\n'}
[33.062826] (yhs_can_interfaces) StdoutLine: {'line': b'[ 92%] \x1b[32mBuilding C object CMakeFiles/yhs_can_interfaces__rosidl_generator_py.dir/rosidl_generator_py/yhs_can_interfaces/msg/_rr_wheel_fb_s.c.o\x1b[0m\n'}
[33.145368] (-) TimerEvent: {}
[33.245917] (-) TimerEvent: {}
[33.274662] (yhs_can_interfaces) StdoutLine: {'line': b'[ 92%] \x1b[32mBuilding C object CMakeFiles/yhs_can_interfaces__rosidl_generator_py.dir/rosidl_generator_py/yhs_can_interfaces/msg/_lf_wheel_fb_s.c.o\x1b[0m\n'}
[33.275386] (yhs_can_interfaces) StdoutLine: {'line': b'[ 93%] \x1b[32mBuilding C object CMakeFiles/yhs_can_interfaces__rosidl_generator_py.dir/rosidl_generator_py/yhs_can_interfaces/msg/_rf_wheel_fb_s.c.o\x1b[0m\n'}
[33.282732] (yhs_can_interfaces) StdoutLine: {'line': b'[ 93%] \x1b[32mBuilding C object CMakeFiles/yhs_can_interfaces__rosidl_generator_py.dir/rosidl_generator_py/yhs_can_interfaces/msg/_rear_angle_fb_s.c.o\x1b[0m\n'}
[33.313188] (yhs_can_interfaces) StdoutLine: {'line': b'[ 94%] \x1b[32mBuilding C object CMakeFiles/yhs_can_interfaces__rosidl_generator_py.dir/rosidl_generator_py/yhs_can_interfaces/msg/_ultrasonic_s.c.o\x1b[0m\n'}
[33.346080] (-) TimerEvent: {}
[33.446855] (-) TimerEvent: {}
[33.488009] (yhs_can_interfaces) StdoutLine: {'line': b'[ 95%] \x1b[32mBuilding C object CMakeFiles/yhs_can_interfaces__rosidl_generator_py.dir/rosidl_generator_py/yhs_can_interfaces/msg/_error_fb_s.c.o\x1b[0m\n'}
[33.488482] (yhs_can_interfaces) StdoutLine: {'line': b'[ 95%] \x1b[32mBuilding C object CMakeFiles/yhs_can_interfaces__rosidl_generator_py.dir/rosidl_generator_py/yhs_can_interfaces/msg/_motor_cmd_s.c.o\x1b[0m\n'}
[33.495504] (yhs_can_interfaces) StdoutLine: {'line': b'[ 96%] \x1b[32mBuilding C object CMakeFiles/yhs_can_interfaces__rosidl_generator_py.dir/rosidl_generator_py/yhs_can_interfaces/msg/_motor_fb_s.c.o\x1b[0m\n'}
[33.538027] (yhs_can_interfaces) StdoutLine: {'line': b'[ 96%] \x1b[32mBuilding C object CMakeFiles/yhs_can_interfaces__rosidl_generator_py.dir/rosidl_generator_py/yhs_can_interfaces/msg/_drive_motor_current_fb_s.c.o\x1b[0m\n'}
[33.547008] (-) TimerEvent: {}
[33.647558] (-) TimerEvent: {}
[33.707377] (yhs_can_interfaces) StdoutLine: {'line': b'[ 97%] \x1b[32mBuilding C object CMakeFiles/yhs_can_interfaces__rosidl_generator_py.dir/rosidl_generator_py/yhs_can_interfaces/msg/_steering_motor_current_fb_s.c.o\x1b[0m\n'}
[33.747720] (-) TimerEvent: {}
[33.848119] (-) TimerEvent: {}
[33.852687] (yhs_can_interfaces) StdoutLine: {'line': b'[ 97%] \x1b[32m\x1b[1mLinking C shared library rosidl_generator_py/yhs_can_interfaces/libyhs_can_interfaces__rosidl_generator_py.so\x1b[0m\n'}
[33.912607] (yhs_can_interfaces) StdoutLine: {'line': b'[ 97%] Built target yhs_can_interfaces__rosidl_generator_py\n'}
[33.944974] (yhs_can_interfaces) StdoutLine: {'line': b'[100%] \x1b[32mBuilding C object CMakeFiles/yhs_can_interfaces__rosidl_typesupport_fastrtps_c__pyext.dir/rosidl_generator_py/yhs_can_interfaces/_yhs_can_interfaces_s.ep.rosidl_typesupport_fastrtps_c.c.o\x1b[0m\n'}
[33.945373] (yhs_can_interfaces) StdoutLine: {'line': b'[100%] \x1b[32mBuilding C object CMakeFiles/yhs_can_interfaces__rosidl_typesupport_c__pyext.dir/rosidl_generator_py/yhs_can_interfaces/_yhs_can_interfaces_s.ep.rosidl_typesupport_c.c.o\x1b[0m\n'}
[33.945563] (yhs_can_interfaces) StdoutLine: {'line': b'[100%] \x1b[32mBuilding C object CMakeFiles/yhs_can_interfaces__rosidl_typesupport_introspection_c__pyext.dir/rosidl_generator_py/yhs_can_interfaces/_yhs_can_interfaces_s.ep.rosidl_typesupport_introspection_c.c.o\x1b[0m\n'}
[33.948278] (-) TimerEvent: {}
[34.048745] (-) TimerEvent: {}
[34.149525] (-) TimerEvent: {}
[34.250085] (-) TimerEvent: {}
[34.271021] (yhs_can_interfaces) StdoutLine: {'line': b'[100%] \x1b[32m\x1b[1mLinking C shared library rosidl_generator_py/yhs_can_interfaces/yhs_can_interfaces_s__rosidl_typesupport_introspection_c.cpython-310-x86_64-linux-gnu.so\x1b[0m\n'}
[34.271382] (yhs_can_interfaces) StdoutLine: {'line': b'[100%] \x1b[32m\x1b[1mLinking C shared library rosidl_generator_py/yhs_can_interfaces/yhs_can_interfaces_s__rosidl_typesupport_fastrtps_c.cpython-310-x86_64-linux-gnu.so\x1b[0m\n'}
[34.271554] (yhs_can_interfaces) StdoutLine: {'line': b'[100%] \x1b[32m\x1b[1mLinking C shared library rosidl_generator_py/yhs_can_interfaces/yhs_can_interfaces_s__rosidl_typesupport_c.cpython-310-x86_64-linux-gnu.so\x1b[0m\n'}
[34.350271] (-) TimerEvent: {}
[34.353702] (yhs_can_interfaces) StdoutLine: {'line': b'[100%] Built target yhs_can_interfaces__rosidl_typesupport_introspection_c__pyext\n'}
[34.354063] (yhs_can_interfaces) StdoutLine: {'line': b'[100%] Built target yhs_can_interfaces__rosidl_typesupport_c__pyext\n'}
[34.354611] (yhs_can_interfaces) StdoutLine: {'line': b'[100%] Built target yhs_can_interfaces__rosidl_typesupport_fastrtps_c__pyext\n'}
[34.371729] (yhs_can_interfaces) CommandEnded: {'returncode': 0}
[34.372654] (yhs_can_interfaces) JobProgress: {'identifier': 'yhs_can_interfaces', 'progress': 'install'}
[34.383667] (yhs_can_interfaces) Command: {'cmd': ['/usr/bin/cmake', '--install', '/home/jenter/package/work/build/yhs_can_interfaces'], 'cwd': '/home/jenter/package/work/build/yhs_can_interfaces', 'env': OrderedDict([('LESSOPEN', '| /usr/bin/lesspipe %s'), ('USER', 'jenter'), ('SSH_CLIENT', '192.168.0.4 53959 22'), ('LC_TIME', 'zh_CN.UTF-8'), ('XDG_SESSION_TYPE', 'tty'), ('SHLVL', '1'), ('LD_LIBRARY_PATH', '/opt/ros/humble/opt/rviz_ogre_vendor/lib:/opt/ros/humble/lib/x86_64-linux-gnu:/opt/ros/humble/lib'), ('MOTD_SHOWN', 'pam'), ('HOME', '/home/jenter'), ('OLDPWD', '/home/jenter/package/work/src'), ('SSH_TTY', '/dev/pts/1'), ('ROS_PYTHON_VERSION', '3'), ('LC_MONETARY', 'zh_CN.UTF-8'), ('DBUS_SESSION_BUS_ADDRESS', 'unix:path=/run/user/1000/bus'), ('ROS_DISTRO', 'humble'), ('LOGNAME', 'jenter'), ('_', '/usr/bin/colcon'), ('ROS_VERSION', '2'), ('XDG_SESSION_CLASS', 'user'), ('TERM', 'vt100'), ('XDG_SESSION_ID', '5'), ('ROS_LOCALHOST_ONLY', '0'), ('PATH', '/opt/ros/humble/bin:/usr/local/sbin:/usr/local/bin:/usr/sbin:/usr/bin:/sbin:/bin:/usr/games:/usr/local/games:/snap/bin'), ('LC_ADDRESS', 'zh_CN.UTF-8'), ('XDG_RUNTIME_DIR', '/run/user/1000'), ('LANG', 'en_US.UTF-8'), ('LC_TELEPHONE', 'zh_CN.UTF-8'), ('LS_COLORS', 'rs=0:di=01;34:ln=01;36:mh=00:pi=40;33:so=01;35:do=01;35:bd=40;33;01:cd=40;33;01:or=40;31;01:mi=00:su=37;41:sg=30;43:ca=30;41:tw=30;42:ow=34;42:st=37;44:ex=01;32:*.tar=01;31:*.tgz=01;31:*.arc=01;31:*.arj=01;31:*.taz=01;31:*.lha=01;31:*.lz4=01;31:*.lzh=01;31:*.lzma=01;31:*.tlz=01;31:*.txz=01;31:*.tzo=01;31:*.t7z=01;31:*.zip=01;31:*.z=01;31:*.dz=01;31:*.gz=01;31:*.lrz=01;31:*.lz=01;31:*.lzo=01;31:*.xz=01;31:*.zst=01;31:*.tzst=01;31:*.bz2=01;31:*.bz=01;31:*.tbz=01;31:*.tbz2=01;31:*.tz=01;31:*.deb=01;31:*.rpm=01;31:*.jar=01;31:*.war=01;31:*.ear=01;31:*.sar=01;31:*.rar=01;31:*.alz=01;31:*.ace=01;31:*.zoo=01;31:*.cpio=01;31:*.7z=01;31:*.rz=01;31:*.cab=01;31:*.wim=01;31:*.swm=01;31:*.dwm=01;31:*.esd=01;31:*.jpg=01;35:*.jpeg=01;35:*.mjpg=01;35:*.mjpeg=01;35:*.gif=01;35:*.bmp=01;35:*.pbm=01;35:*.pgm=01;35:*.ppm=01;35:*.tga=01;35:*.xbm=01;35:*.xpm=01;35:*.tif=01;35:*.tiff=01;35:*.png=01;35:*.svg=01;35:*.svgz=01;35:*.mng=01;35:*.pcx=01;35:*.mov=01;35:*.mpg=01;35:*.mpeg=01;35:*.m2v=01;35:*.mkv=01;35:*.webm=01;35:*.webp=01;35:*.ogm=01;35:*.mp4=01;35:*.m4v=01;35:*.mp4v=01;35:*.vob=01;35:*.qt=01;35:*.nuv=01;35:*.wmv=01;35:*.asf=01;35:*.rm=01;35:*.rmvb=01;35:*.flc=01;35:*.avi=01;35:*.fli=01;35:*.flv=01;35:*.gl=01;35:*.dl=01;35:*.xcf=01;35:*.xwd=01;35:*.yuv=01;35:*.cgm=01;35:*.emf=01;35:*.ogv=01;35:*.ogx=01;35:*.aac=00;36:*.au=00;36:*.flac=00;36:*.m4a=00;36:*.mid=00;36:*.midi=00;36:*.mka=00;36:*.mp3=00;36:*.mpc=00;36:*.ogg=00;36:*.ra=00;36:*.wav=00;36:*.oga=00;36:*.opus=00;36:*.spx=00;36:*.xspf=00;36:'), ('AMENT_PREFIX_PATH', '/opt/ros/humble'), ('SHELL', '/bin/bash'), ('LC_NAME', 'zh_CN.UTF-8'), ('LESSCLOSE', '/usr/bin/lesspipe %s %s'), ('LC_MEASUREMENT', 'zh_CN.UTF-8'), ('LC_IDENTIFICATION', 'zh_CN.UTF-8'), ('PWD', '/home/jenter/package/work/build/yhs_can_interfaces'), ('LC_ALL', 'en_US.UTF-8'), ('SSH_CONNECTION', '192.168.0.4 53959 192.168.0.26 22'), ('XDG_DATA_DIRS', '/usr/share/gnome:/usr/local/share:/usr/share:/var/lib/snapd/desktop'), ('PYTHONPATH', '/opt/ros/humble/lib/python3.10/site-packages:/opt/ros/humble/local/lib/python3.10/dist-packages'), ('LC_NUMERIC', 'zh_CN.UTF-8'), ('LC_PAPER', 'zh_CN.UTF-8'), ('COLCON', '1'), ('CMAKE_PREFIX_PATH', '/opt/ros/humble')]), 'shell': False}
[34.393198] (yhs_can_interfaces) StdoutLine: {'line': b'-- Install configuration: ""\n'}
[34.393473] (yhs_can_interfaces) StdoutLine: {'line': b'-- Installing: /home/jenter/package/work/install/yhs_can_interfaces/share/ament_index/resource_index/rosidl_interfaces/yhs_can_interfaces\n'}
[34.393832] (yhs_can_interfaces) StdoutLine: {'line': b'-- Installing: /home/jenter/package/work/install/yhs_can_interfaces/include/yhs_can_interfaces/yhs_can_interfaces\n'}
[34.394123] (yhs_can_interfaces) StdoutLine: {'line': b'-- Installing: /home/jenter/package/work/install/yhs_can_interfaces/include/yhs_can_interfaces/yhs_can_interfaces/msg\n'}
[34.394278] (yhs_can_interfaces) StdoutLine: {'line': b'-- Installing: /home/jenter/package/work/install/yhs_can_interfaces/include/yhs_can_interfaces/yhs_can_interfaces/msg/rr_wheel_fb.h\n'}
[34.394502] (yhs_can_interfaces) StdoutLine: {'line': b'-- Installing: /home/jenter/package/work/install/yhs_can_interfaces/include/yhs_can_interfaces/yhs_can_interfaces/msg/io_fb.h\n'}
[34.394694] (yhs_can_interfaces) StdoutLine: {'line': b'-- Installing: /home/jenter/package/work/install/yhs_can_interfaces/include/yhs_can_interfaces/yhs_can_interfaces/msg/detail\n'}
[34.394806] (yhs_can_interfaces) StdoutLine: {'line': b'-- Installing: /home/jenter/package/work/install/yhs_can_interfaces/include/yhs_can_interfaces/yhs_can_interfaces/msg/detail/lr_wheel_fb__functions.c\n'}
[34.394955] (yhs_can_interfaces) StdoutLine: {'line': b'-- Installing: /home/jenter/package/work/install/yhs_can_interfaces/include/yhs_can_interfaces/yhs_can_interfaces/msg/detail/rear_angle_fb__functions.h\n'}
[34.395075] (yhs_can_interfaces) StdoutLine: {'line': b'-- Installing: /home/jenter/package/work/install/yhs_can_interfaces/include/yhs_can_interfaces/yhs_can_interfaces/msg/detail/lf_wheel_fb__struct.h\n'}
[34.395195] (yhs_can_interfaces) StdoutLine: {'line': b'-- Installing: /home/jenter/package/work/install/yhs_can_interfaces/include/yhs_can_interfaces/yhs_can_interfaces/msg/detail/io_cmd__functions.c\n'}
[34.395315] (yhs_can_interfaces) StdoutLine: {'line': b'-- Installing: /home/jenter/package/work/install/yhs_can_interfaces/include/yhs_can_interfaces/yhs_can_interfaces/msg/detail/rf_wheel_fb__struct.h\n'}
[34.395414] (yhs_can_interfaces) StdoutLine: {'line': b'-- Installing: /home/jenter/package/work/install/yhs_can_interfaces/include/yhs_can_interfaces/yhs_can_interfaces/msg/detail/steering_motor_current_fb__functions.h\n'}
[34.395533] (yhs_can_interfaces) StdoutLine: {'line': b'-- Installing: /home/jenter/package/work/install/yhs_can_interfaces/include/yhs_can_interfaces/yhs_can_interfaces/msg/detail/steering_ctrl_fb__functions.h\n'}
[34.395652] (yhs_can_interfaces) StdoutLine: {'line': b'-- Installing: /home/jenter/package/work/install/yhs_can_interfaces/include/yhs_can_interfaces/yhs_can_interfaces/msg/detail/io_fb__functions.c\n'}
[34.395770] (yhs_can_interfaces) StdoutLine: {'line': b'-- Installing: /home/jenter/package/work/install/yhs_can_interfaces/include/yhs_can_interfaces/yhs_can_interfaces/msg/detail/lf_wheel_fb__type_support.h\n'}
[34.395894] (yhs_can_interfaces) StdoutLine: {'line': b'-- Installing: /home/jenter/package/work/install/yhs_can_interfaces/include/yhs_can_interfaces/yhs_can_interfaces/msg/detail/drive_motor_current_fb__functions.c\n'}
[34.396016] (yhs_can_interfaces) StdoutLine: {'line': b'-- Installing: /home/jenter/package/work/install/yhs_can_interfaces/include/yhs_can_interfaces/yhs_can_interfaces/msg/detail/rear_angle_fb__functions.c\n'}
[34.396134] (yhs_can_interfaces) StdoutLine: {'line': b'-- Installing: /home/jenter/package/work/install/yhs_can_interfaces/include/yhs_can_interfaces/yhs_can_interfaces/msg/detail/io_fb__struct.h\n'}
[34.396250] (yhs_can_interfaces) StdoutLine: {'line': b'-- Installing: /home/jenter/package/work/install/yhs_can_interfaces/include/yhs_can_interfaces/yhs_can_interfaces/msg/detail/error_fb__functions.c\n'}
[34.396353] (yhs_can_interfaces) StdoutLine: {'line': b'-- Installing: /home/jenter/package/work/install/yhs_can_interfaces/include/yhs_can_interfaces/yhs_can_interfaces/msg/detail/error_fb__struct.h\n'}
[34.396474] (yhs_can_interfaces) StdoutLine: {'line': b'-- Installing: /home/jenter/package/work/install/yhs_can_interfaces/include/yhs_can_interfaces/yhs_can_interfaces/msg/detail/motor_cmd__struct.h\n'}
[34.396597] (yhs_can_interfaces) StdoutLine: {'line': b'-- Installing: /home/jenter/package/work/install/yhs_can_interfaces/include/yhs_can_interfaces/yhs_can_interfaces/msg/detail/ctrl_fb__type_support.h\n'}
[34.396721] (yhs_can_interfaces) StdoutLine: {'line': b'-- Installing: /home/jenter/package/work/install/yhs_can_interfaces/include/yhs_can_interfaces/yhs_can_interfaces/msg/detail/lr_wheel_fb__type_support.h\n'}
[34.396850] (yhs_can_interfaces) StdoutLine: {'line': b'-- Installing: /home/jenter/package/work/install/yhs_can_interfaces/include/yhs_can_interfaces/yhs_can_interfaces/msg/detail/ctrl_fb__functions.h\n'}
[34.396980] (yhs_can_interfaces) StdoutLine: {'line': b'-- Installing: /home/jenter/package/work/install/yhs_can_interfaces/include/yhs_can_interfaces/yhs_can_interfaces/msg/detail/motor_cmd__functions.h\n'}
[34.397110] (yhs_can_interfaces) StdoutLine: {'line': b'-- Installing: /home/jenter/package/work/install/yhs_can_interfaces/include/yhs_can_interfaces/yhs_can_interfaces/msg/detail/steering_motor_current_fb__functions.c\n'}
[34.397245] (yhs_can_interfaces) StdoutLine: {'line': b'-- Installing: /home/jenter/package/work/install/yhs_can_interfaces/include/yhs_can_interfaces/yhs_can_interfaces/msg/detail/io_fb__type_support.h\n'}
[34.397375] (yhs_can_interfaces) StdoutLine: {'line': b'-- Installing: /home/jenter/package/work/install/yhs_can_interfaces/include/yhs_can_interfaces/yhs_can_interfaces/msg/detail/ctrl_cmd__type_support.h\n'}
[34.397505] (yhs_can_interfaces) StdoutLine: {'line': b'-- Installing: /home/jenter/package/work/install/yhs_can_interfaces/include/yhs_can_interfaces/yhs_can_interfaces/msg/detail/io_cmd__type_support.h\n'}
[34.397702] (yhs_can_interfaces) StdoutLine: {'line': b'-- Installing: /home/jenter/package/work/install/yhs_can_interfaces/include/yhs_can_interfaces/yhs_can_interfaces/msg/detail/rr_wheel_fb__type_support.h\n'}
[34.397870] (yhs_can_interfaces) StdoutLine: {'line': b'-- Installing: /home/jenter/package/work/install/yhs_can_interfaces/include/yhs_can_interfaces/yhs_can_interfaces/msg/detail/ultrasonic__functions.c\n'}
[34.398010] (yhs_can_interfaces) StdoutLine: {'line': b'-- Installing: /home/jenter/package/work/install/yhs_can_interfaces/include/yhs_can_interfaces/yhs_can_interfaces/msg/detail/drive_motor_current_fb__functions.h\n'}
[34.398154] (yhs_can_interfaces) StdoutLine: {'line': b'-- Installing: /home/jenter/package/work/install/yhs_can_interfaces/include/yhs_can_interfaces/yhs_can_interfaces/msg/detail/front_angle_fb__type_support.h\n'}
[34.398285] (yhs_can_interfaces) StdoutLine: {'line': b'-- Installing: /home/jenter/package/work/install/yhs_can_interfaces/include/yhs_can_interfaces/yhs_can_interfaces/msg/detail/drive_motor_current_fb__struct.h\n'}
[34.398433] (yhs_can_interfaces) StdoutLine: {'line': b'-- Installing: /home/jenter/package/work/install/yhs_can_interfaces/include/yhs_can_interfaces/yhs_can_interfaces/msg/detail/motor_fb__functions.c\n'}
[34.398581] (yhs_can_interfaces) StdoutLine: {'line': b'-- Installing: /home/jenter/package/work/install/yhs_can_interfaces/include/yhs_can_interfaces/yhs_can_interfaces/msg/detail/bms_fb__struct.h\n'}
[34.398729] (yhs_can_interfaces) StdoutLine: {'line': b'-- Installing: /home/jenter/package/work/install/yhs_can_interfaces/include/yhs_can_interfaces/yhs_can_interfaces/msg/detail/bms_flag_fb__struct.h\n'}
[34.398877] (yhs_can_interfaces) StdoutLine: {'line': b'-- Installing: /home/jenter/package/work/install/yhs_can_interfaces/include/yhs_can_interfaces/yhs_can_interfaces/msg/detail/rr_wheel_fb__functions.h\n'}
[34.399025] (yhs_can_interfaces) StdoutLine: {'line': b'-- Installing: /home/jenter/package/work/install/yhs_can_interfaces/include/yhs_can_interfaces/yhs_can_interfaces/msg/detail/rf_wheel_fb__functions.h\n'}
[34.399176] (yhs_can_interfaces) StdoutLine: {'line': b'-- Installing: /home/jenter/package/work/install/yhs_can_interfaces/include/yhs_can_interfaces/yhs_can_interfaces/msg/detail/steering_motor_current_fb__type_support.h\n'}
[34.399321] (yhs_can_interfaces) StdoutLine: {'line': b'-- Installing: /home/jenter/package/work/install/yhs_can_interfaces/include/yhs_can_interfaces/yhs_can_interfaces/msg/detail/ultrasonic__struct.h\n'}
[34.399464] (yhs_can_interfaces) StdoutLine: {'line': b'-- Installing: /home/jenter/package/work/install/yhs_can_interfaces/include/yhs_can_interfaces/yhs_can_interfaces/msg/detail/motor_fb__functions.h\n'}
[34.399616] (yhs_can_interfaces) StdoutLine: {'line': b'-- Installing: /home/jenter/package/work/install/yhs_can_interfaces/include/yhs_can_interfaces/yhs_can_interfaces/msg/detail/steering_ctrl_fb__struct.h\n'}
[34.399761] (yhs_can_interfaces) StdoutLine: {'line': b'-- Installing: /home/jenter/package/work/install/yhs_can_interfaces/include/yhs_can_interfaces/yhs_can_interfaces/msg/detail/steering_ctrl_cmd__functions.c\n'}
[34.399915] (yhs_can_interfaces) StdoutLine: {'line': b'-- Installing: /home/jenter/package/work/install/yhs_can_interfaces/include/yhs_can_interfaces/yhs_can_interfaces/msg/detail/bms_fb__functions.h\n'}
[34.400068] (yhs_can_interfaces) StdoutLine: {'line': b'-- Installing: /home/jenter/package/work/install/yhs_can_interfaces/include/yhs_can_interfaces/yhs_can_interfaces/msg/detail/error_fb__type_support.h\n'}
[34.400212] (yhs_can_interfaces) StdoutLine: {'line': b'-- Installing: /home/jenter/package/work/install/yhs_can_interfaces/include/yhs_can_interfaces/yhs_can_interfaces/msg/detail/bms_flag_fb__functions.c\n'}
[34.400376] (yhs_can_interfaces) StdoutLine: {'line': b'-- Installing: /home/jenter/package/work/install/yhs_can_interfaces/include/yhs_can_interfaces/yhs_can_interfaces/msg/detail/steering_ctrl_cmd__functions.h\n'}
[34.400530] (yhs_can_interfaces) StdoutLine: {'line': b'-- Installing: /home/jenter/package/work/install/yhs_can_interfaces/include/yhs_can_interfaces/yhs_can_interfaces/msg/detail/lr_wheel_fb__struct.h\n'}
[34.400677] (yhs_can_interfaces) StdoutLine: {'line': b'-- Installing: /home/jenter/package/work/install/yhs_can_interfaces/include/yhs_can_interfaces/yhs_can_interfaces/msg/detail/chassis_info_fb__struct.h\n'}
[34.400825] (yhs_can_interfaces) StdoutLine: {'line': b'-- Installing: /home/jenter/package/work/install/yhs_can_interfaces/include/yhs_can_interfaces/yhs_can_interfaces/msg/detail/chassis_info_fb__type_support.h\n'}
[34.400977] (yhs_can_interfaces) StdoutLine: {'line': b'-- Installing: /home/jenter/package/work/install/yhs_can_interfaces/include/yhs_can_interfaces/yhs_can_interfaces/msg/detail/ctrl_fb__functions.c\n'}
[34.401140] (yhs_can_interfaces) StdoutLine: {'line': b'-- Installing: /home/jenter/package/work/install/yhs_can_interfaces/include/yhs_can_interfaces/yhs_can_interfaces/msg/detail/io_cmd__struct.h\n'}
[34.401319] (yhs_can_interfaces) StdoutLine: {'line': b'-- Installing: /home/jenter/package/work/install/yhs_can_interfaces/include/yhs_can_interfaces/yhs_can_interfaces/msg/detail/io_fb__functions.h\n'}
[34.401475] (yhs_can_interfaces) StdoutLine: {'line': b'-- Installing: /home/jenter/package/work/install/yhs_can_interfaces/include/yhs_can_interfaces/yhs_can_interfaces/msg/detail/rf_wheel_fb__functions.c\n'}
[34.401645] (yhs_can_interfaces) StdoutLine: {'line': b'-- Installing: /home/jenter/package/work/install/yhs_can_interfaces/include/yhs_can_interfaces/yhs_can_interfaces/msg/detail/ctrl_cmd__functions.h\n'}
[34.401806] (yhs_can_interfaces) StdoutLine: {'line': b'-- Installing: /home/jenter/package/work/install/yhs_can_interfaces/include/yhs_can_interfaces/yhs_can_interfaces/msg/detail/bms_fb__type_support.h\n'}
[34.401960] (yhs_can_interfaces) StdoutLine: {'line': b'-- Installing: /home/jenter/package/work/install/yhs_can_interfaces/include/yhs_can_interfaces/yhs_can_interfaces/msg/detail/ctrl_cmd__functions.c\n'}
[34.402123] (yhs_can_interfaces) StdoutLine: {'line': b'-- Installing: /home/jenter/package/work/install/yhs_can_interfaces/include/yhs_can_interfaces/yhs_can_interfaces/msg/detail/motor_fb__struct.h\n'}
[34.402277] (yhs_can_interfaces) StdoutLine: {'line': b'-- Installing: /home/jenter/package/work/install/yhs_can_interfaces/include/yhs_can_interfaces/yhs_can_interfaces/msg/detail/rf_wheel_fb__type_support.h\n'}
[34.402432] (yhs_can_interfaces) StdoutLine: {'line': b'-- Installing: /home/jenter/package/work/install/yhs_can_interfaces/include/yhs_can_interfaces/yhs_can_interfaces/msg/detail/lr_wheel_fb__functions.h\n'}
[34.402596] (yhs_can_interfaces) StdoutLine: {'line': b'-- Installing: /home/jenter/package/work/install/yhs_can_interfaces/include/yhs_can_interfaces/yhs_can_interfaces/msg/detail/front_angle_fb__functions.h\n'}
[34.402782] (yhs_can_interfaces) StdoutLine: {'line': b'-- Installing: /home/jenter/package/work/install/yhs_can_interfaces/include/yhs_can_interfaces/yhs_can_interfaces/msg/detail/ultrasonic__type_support.h\n'}
[34.402946] (yhs_can_interfaces) StdoutLine: {'line': b'-- Installing: /home/jenter/package/work/install/yhs_can_interfaces/include/yhs_can_interfaces/yhs_can_interfaces/msg/detail/steering_ctrl_cmd__struct.h\n'}
[34.403107] (yhs_can_interfaces) StdoutLine: {'line': b'-- Installing: /home/jenter/package/work/install/yhs_can_interfaces/include/yhs_can_interfaces/yhs_can_interfaces/msg/detail/drive_motor_current_fb__type_support.h\n'}
[34.403269] (yhs_can_interfaces) StdoutLine: {'line': b'-- Installing: /home/jenter/package/work/install/yhs_can_interfaces/include/yhs_can_interfaces/yhs_can_interfaces/msg/detail/rear_angle_fb__struct.h\n'}
[34.403425] (yhs_can_interfaces) StdoutLine: {'line': b'-- Installing: /home/jenter/package/work/install/yhs_can_interfaces/include/yhs_can_interfaces/yhs_can_interfaces/msg/detail/motor_cmd__functions.c\n'}
[34.403598] (yhs_can_interfaces) StdoutLine: {'line': b'-- Installing: /home/jenter/package/work/install/yhs_can_interfaces/include/yhs_can_interfaces/yhs_can_interfaces/msg/detail/front_angle_fb__struct.h\n'}
[34.403754] (yhs_can_interfaces) StdoutLine: {'line': b'-- Installing: /home/jenter/package/work/install/yhs_can_interfaces/include/yhs_can_interfaces/yhs_can_interfaces/msg/detail/lf_wheel_fb__functions.h\n'}
[34.403920] (yhs_can_interfaces) StdoutLine: {'line': b'-- Installing: /home/jenter/package/work/install/yhs_can_interfaces/include/yhs_can_interfaces/yhs_can_interfaces/msg/detail/motor_fb__type_support.h\n'}
[34.404087] (yhs_can_interfaces) StdoutLine: {'line': b'-- Installing: /home/jenter/package/work/install/yhs_can_interfaces/include/yhs_can_interfaces/yhs_can_interfaces/msg/detail/steering_ctrl_fb__type_support.h\n'}
[34.404253] (yhs_can_interfaces) StdoutLine: {'line': b'-- Installing: /home/jenter/package/work/install/yhs_can_interfaces/include/yhs_can_interfaces/yhs_can_interfaces/msg/detail/front_angle_fb__functions.c\n'}
[34.404428] (yhs_can_interfaces) StdoutLine: {'line': b'-- Installing: /home/jenter/package/work/install/yhs_can_interfaces/include/yhs_can_interfaces/yhs_can_interfaces/msg/detail/ctrl_fb__struct.h\n'}
[34.404585] (yhs_can_interfaces) StdoutLine: {'line': b'-- Installing: /home/jenter/package/work/install/yhs_can_interfaces/include/yhs_can_interfaces/yhs_can_interfaces/msg/detail/bms_flag_fb__functions.h\n'}
[34.404750] (yhs_can_interfaces) StdoutLine: {'line': b'-- Installing: /home/jenter/package/work/install/yhs_can_interfaces/include/yhs_can_interfaces/yhs_can_interfaces/msg/detail/ctrl_cmd__struct.h\n'}
[34.404910] (yhs_can_interfaces) StdoutLine: {'line': b'-- Installing: /home/jenter/package/work/install/yhs_can_interfaces/include/yhs_can_interfaces/yhs_can_interfaces/msg/detail/chassis_info_fb__functions.c\n'}
[34.405100] (yhs_can_interfaces) StdoutLine: {'line': b'-- Installing: /home/jenter/package/work/install/yhs_can_interfaces/include/yhs_can_interfaces/yhs_can_interfaces/msg/detail/chassis_info_fb__functions.h\n'}
[34.405266] (yhs_can_interfaces) StdoutLine: {'line': b'-- Installing: /home/jenter/package/work/install/yhs_can_interfaces/include/yhs_can_interfaces/yhs_can_interfaces/msg/detail/rr_wheel_fb__functions.c\n'}
[34.405448] (yhs_can_interfaces) StdoutLine: {'line': b'-- Installing: /home/jenter/package/work/install/yhs_can_interfaces/include/yhs_can_interfaces/yhs_can_interfaces/msg/detail/steering_motor_current_fb__struct.h\n'}
[34.405624] (yhs_can_interfaces) StdoutLine: {'line': b'-- Installing: /home/jenter/package/work/install/yhs_can_interfaces/include/yhs_can_interfaces/yhs_can_interfaces/msg/detail/rr_wheel_fb__struct.h\n'}
[34.405786] (yhs_can_interfaces) StdoutLine: {'line': b'-- Installing: /home/jenter/package/work/install/yhs_can_interfaces/include/yhs_can_interfaces/yhs_can_interfaces/msg/detail/lf_wheel_fb__functions.c\n'}
[34.405952] (yhs_can_interfaces) StdoutLine: {'line': b'-- Installing: /home/jenter/package/work/install/yhs_can_interfaces/include/yhs_can_interfaces/yhs_can_interfaces/msg/detail/motor_cmd__type_support.h\n'}
[34.406109] (yhs_can_interfaces) StdoutLine: {'line': b'-- Installing: /home/jenter/package/work/install/yhs_can_interfaces/include/yhs_can_interfaces/yhs_can_interfaces/msg/detail/rear_angle_fb__type_support.h\n'}
[34.406266] (yhs_can_interfaces) StdoutLine: {'line': b'-- Installing: /home/jenter/package/work/install/yhs_can_interfaces/include/yhs_can_interfaces/yhs_can_interfaces/msg/detail/io_cmd__functions.h\n'}
[34.406434] (yhs_can_interfaces) StdoutLine: {'line': b'-- Installing: /home/jenter/package/work/install/yhs_can_interfaces/include/yhs_can_interfaces/yhs_can_interfaces/msg/detail/bms_fb__functions.c\n'}
[34.406606] (yhs_can_interfaces) StdoutLine: {'line': b'-- Installing: /home/jenter/package/work/install/yhs_can_interfaces/include/yhs_can_interfaces/yhs_can_interfaces/msg/detail/steering_ctrl_fb__functions.c\n'}
[34.406775] (yhs_can_interfaces) StdoutLine: {'line': b'-- Installing: /home/jenter/package/work/install/yhs_can_interfaces/include/yhs_can_interfaces/yhs_can_interfaces/msg/detail/bms_flag_fb__type_support.h\n'}
[34.406933] (yhs_can_interfaces) StdoutLine: {'line': b'-- Installing: /home/jenter/package/work/install/yhs_can_interfaces/include/yhs_can_interfaces/yhs_can_interfaces/msg/detail/steering_ctrl_cmd__type_support.h\n'}
[34.407091] (yhs_can_interfaces) StdoutLine: {'line': b'-- Installing: /home/jenter/package/work/install/yhs_can_interfaces/include/yhs_can_interfaces/yhs_can_interfaces/msg/detail/error_fb__functions.h\n'}
[34.407265] (yhs_can_interfaces) StdoutLine: {'line': b'-- Installing: /home/jenter/package/work/install/yhs_can_interfaces/include/yhs_can_interfaces/yhs_can_interfaces/msg/detail/ultrasonic__functions.h\n'}
[34.407449] (yhs_can_interfaces) StdoutLine: {'line': b'-- Installing: /home/jenter/package/work/install/yhs_can_interfaces/include/yhs_can_interfaces/yhs_can_interfaces/msg/bms_fb.h\n'}
[34.407615] (yhs_can_interfaces) StdoutLine: {'line': b'-- Installing: /home/jenter/package/work/install/yhs_can_interfaces/include/yhs_can_interfaces/yhs_can_interfaces/msg/bms_flag_fb.h\n'}
[34.407771] (yhs_can_interfaces) StdoutLine: {'line': b'-- Installing: /home/jenter/package/work/install/yhs_can_interfaces/include/yhs_can_interfaces/yhs_can_interfaces/msg/io_cmd.h\n'}
[34.407928] (yhs_can_interfaces) StdoutLine: {'line': b'-- Installing: /home/jenter/package/work/install/yhs_can_interfaces/include/yhs_can_interfaces/yhs_can_interfaces/msg/chassis_info_fb.h\n'}
[34.408085] (yhs_can_interfaces) StdoutLine: {'line': b'-- Installing: /home/jenter/package/work/install/yhs_can_interfaces/include/yhs_can_interfaces/yhs_can_interfaces/msg/motor_fb.h\n'}
[34.408242] (yhs_can_interfaces) StdoutLine: {'line': b'-- Installing: /home/jenter/package/work/install/yhs_can_interfaces/include/yhs_can_interfaces/yhs_can_interfaces/msg/motor_cmd.h\n'}
[34.408397] (yhs_can_interfaces) StdoutLine: {'line': b'-- Installing: /home/jenter/package/work/install/yhs_can_interfaces/include/yhs_can_interfaces/yhs_can_interfaces/msg/steering_ctrl_cmd.h\n'}
[34.408554] (yhs_can_interfaces) StdoutLine: {'line': b'-- Installing: /home/jenter/package/work/install/yhs_can_interfaces/include/yhs_can_interfaces/yhs_can_interfaces/msg/lr_wheel_fb.h\n'}
[34.408712] (yhs_can_interfaces) StdoutLine: {'line': b'-- Installing: /home/jenter/package/work/install/yhs_can_interfaces/include/yhs_can_interfaces/yhs_can_interfaces/msg/rear_angle_fb.h\n'}
[34.408858] (yhs_can_interfaces) StdoutLine: {'line': b'-- Installing: /home/jenter/package/work/install/yhs_can_interfaces/include/yhs_can_interfaces/yhs_can_interfaces/msg/steering_motor_current_fb.h\n'}
[34.409004] (yhs_can_interfaces) StdoutLine: {'line': b'-- Installing: /home/jenter/package/work/install/yhs_can_interfaces/include/yhs_can_interfaces/yhs_can_interfaces/msg/error_fb.h\n'}
[34.409148] (yhs_can_interfaces) StdoutLine: {'line': b'-- Installing: /home/jenter/package/work/install/yhs_can_interfaces/include/yhs_can_interfaces/yhs_can_interfaces/msg/drive_motor_current_fb.h\n'}
[34.409294] (yhs_can_interfaces) StdoutLine: {'line': b'-- Installing: /home/jenter/package/work/install/yhs_can_interfaces/include/yhs_can_interfaces/yhs_can_interfaces/msg/ultrasonic.h\n'}
[34.409434] (yhs_can_interfaces) StdoutLine: {'line': b'-- Installing: /home/jenter/package/work/install/yhs_can_interfaces/include/yhs_can_interfaces/yhs_can_interfaces/msg/ctrl_cmd.h\n'}
[34.409588] (yhs_can_interfaces) StdoutLine: {'line': b'-- Installing: /home/jenter/package/work/install/yhs_can_interfaces/include/yhs_can_interfaces/yhs_can_interfaces/msg/front_angle_fb.h\n'}
[34.409866] (yhs_can_interfaces) StdoutLine: {'line': b'-- Installing: /home/jenter/package/work/install/yhs_can_interfaces/include/yhs_can_interfaces/yhs_can_interfaces/msg/rf_wheel_fb.h\n'}
[34.410035] (yhs_can_interfaces) StdoutLine: {'line': b'-- Installing: /home/jenter/package/work/install/yhs_can_interfaces/include/yhs_can_interfaces/yhs_can_interfaces/msg/lf_wheel_fb.h\n'}
[34.410192] (yhs_can_interfaces) StdoutLine: {'line': b'-- Installing: /home/jenter/package/work/install/yhs_can_interfaces/include/yhs_can_interfaces/yhs_can_interfaces/msg/ctrl_fb.h\n'}
[34.410348] (yhs_can_interfaces) StdoutLine: {'line': b'-- Installing: /home/jenter/package/work/install/yhs_can_interfaces/include/yhs_can_interfaces/yhs_can_interfaces/msg/rosidl_generator_c__visibility_control.h\n'}
[34.410504] (yhs_can_interfaces) StdoutLine: {'line': b'-- Installing: /home/jenter/package/work/install/yhs_can_interfaces/include/yhs_can_interfaces/yhs_can_interfaces/msg/steering_ctrl_fb.h\n'}
[34.410860] (yhs_can_interfaces) StdoutLine: {'line': b'-- Installing: /home/jenter/package/work/install/yhs_can_interfaces/share/yhs_can_interfaces/environment/library_path.sh\n'}
[34.411108] (yhs_can_interfaces) StdoutLine: {'line': b'-- Installing: /home/jenter/package/work/install/yhs_can_interfaces/share/yhs_can_interfaces/environment/library_path.dsv\n'}
[34.411418] (yhs_can_interfaces) StdoutLine: {'line': b'-- Installing: /home/jenter/package/work/install/yhs_can_interfaces/lib/libyhs_can_interfaces__rosidl_generator_c.so\n'}
[34.412155] (yhs_can_interfaces) StdoutLine: {'line': b'-- Set runtime path of "/home/jenter/package/work/install/yhs_can_interfaces/lib/libyhs_can_interfaces__rosidl_generator_c.so" to ""\n'}
[34.412316] (yhs_can_interfaces) StdoutLine: {'line': b'-- Up-to-date: /home/jenter/package/work/install/yhs_can_interfaces/include/yhs_can_interfaces/yhs_can_interfaces\n'}
[34.412477] (yhs_can_interfaces) StdoutLine: {'line': b'-- Up-to-date: /home/jenter/package/work/install/yhs_can_interfaces/include/yhs_can_interfaces/yhs_can_interfaces/msg\n'}
[34.412625] (yhs_can_interfaces) StdoutLine: {'line': b'-- Installing: /home/jenter/package/work/install/yhs_can_interfaces/include/yhs_can_interfaces/yhs_can_interfaces/msg/rosidl_typesupport_fastrtps_c__visibility_control.h\n'}
[34.412771] (yhs_can_interfaces) StdoutLine: {'line': b'-- Up-to-date: /home/jenter/package/work/install/yhs_can_interfaces/include/yhs_can_interfaces/yhs_can_interfaces/msg/detail\n'}
[34.412908] (yhs_can_interfaces) StdoutLine: {'line': b'-- Installing: /home/jenter/package/work/install/yhs_can_interfaces/include/yhs_can_interfaces/yhs_can_interfaces/msg/detail/drive_motor_current_fb__rosidl_typesupport_fastrtps_c.h\n'}
[34.413046] (yhs_can_interfaces) StdoutLine: {'line': b'-- Installing: /home/jenter/package/work/install/yhs_can_interfaces/include/yhs_can_interfaces/yhs_can_interfaces/msg/detail/lf_wheel_fb__rosidl_typesupport_fastrtps_c.h\n'}
[34.413183] (yhs_can_interfaces) StdoutLine: {'line': b'-- Installing: /home/jenter/package/work/install/yhs_can_interfaces/include/yhs_can_interfaces/yhs_can_interfaces/msg/detail/steering_motor_current_fb__rosidl_typesupport_fastrtps_c.h\n'}
[34.413318] (yhs_can_interfaces) StdoutLine: {'line': b'-- Installing: /home/jenter/package/work/install/yhs_can_interfaces/include/yhs_can_interfaces/yhs_can_interfaces/msg/detail/bms_fb__rosidl_typesupport_fastrtps_c.h\n'}
[34.413433] (yhs_can_interfaces) StdoutLine: {'line': b'-- Installing: /home/jenter/package/work/install/yhs_can_interfaces/include/yhs_can_interfaces/yhs_can_interfaces/msg/detail/rf_wheel_fb__rosidl_typesupport_fastrtps_c.h\n'}
[34.413569] (yhs_can_interfaces) StdoutLine: {'line': b'-- Installing: /home/jenter/package/work/install/yhs_can_interfaces/include/yhs_can_interfaces/yhs_can_interfaces/msg/detail/ctrl_fb__rosidl_typesupport_fastrtps_c.h\n'}
[34.413719] (yhs_can_interfaces) StdoutLine: {'line': b'-- Installing: /home/jenter/package/work/install/yhs_can_interfaces/include/yhs_can_interfaces/yhs_can_interfaces/msg/detail/io_cmd__rosidl_typesupport_fastrtps_c.h\n'}
[34.413857] (yhs_can_interfaces) StdoutLine: {'line': b'-- Installing: /home/jenter/package/work/install/yhs_can_interfaces/include/yhs_can_interfaces/yhs_can_interfaces/msg/detail/bms_flag_fb__rosidl_typesupport_fastrtps_c.h\n'}
[34.413993] (yhs_can_interfaces) StdoutLine: {'line': b'-- Installing: /home/jenter/package/work/install/yhs_can_interfaces/include/yhs_can_interfaces/yhs_can_interfaces/msg/detail/ultrasonic__rosidl_typesupport_fastrtps_c.h\n'}
[34.414129] (yhs_can_interfaces) StdoutLine: {'line': b'-- Installing: /home/jenter/package/work/install/yhs_can_interfaces/include/yhs_can_interfaces/yhs_can_interfaces/msg/detail/chassis_info_fb__rosidl_typesupport_fastrtps_c.h\n'}
[34.414266] (yhs_can_interfaces) StdoutLine: {'line': b'-- Installing: /home/jenter/package/work/install/yhs_can_interfaces/include/yhs_can_interfaces/yhs_can_interfaces/msg/detail/lr_wheel_fb__rosidl_typesupport_fastrtps_c.h\n'}
[34.414400] (yhs_can_interfaces) StdoutLine: {'line': b'-- Installing: /home/jenter/package/work/install/yhs_can_interfaces/include/yhs_can_interfaces/yhs_can_interfaces/msg/detail/io_fb__rosidl_typesupport_fastrtps_c.h\n'}
[34.414546] (yhs_can_interfaces) StdoutLine: {'line': b'-- Installing: /home/jenter/package/work/install/yhs_can_interfaces/include/yhs_can_interfaces/yhs_can_interfaces/msg/detail/motor_cmd__rosidl_typesupport_fastrtps_c.h\n'}
[34.414707] (yhs_can_interfaces) StdoutLine: {'line': b'-- Installing: /home/jenter/package/work/install/yhs_can_interfaces/include/yhs_can_interfaces/yhs_can_interfaces/msg/detail/steering_ctrl_fb__rosidl_typesupport_fastrtps_c.h\n'}
[34.414854] (yhs_can_interfaces) StdoutLine: {'line': b'-- Installing: /home/jenter/package/work/install/yhs_can_interfaces/include/yhs_can_interfaces/yhs_can_interfaces/msg/detail/ctrl_cmd__rosidl_typesupport_fastrtps_c.h\n'}
[34.415001] (yhs_can_interfaces) StdoutLine: {'line': b'-- Installing: /home/jenter/package/work/install/yhs_can_interfaces/include/yhs_can_interfaces/yhs_can_interfaces/msg/detail/error_fb__rosidl_typesupport_fastrtps_c.h\n'}
[34.415143] (yhs_can_interfaces) StdoutLine: {'line': b'-- Installing: /home/jenter/package/work/install/yhs_can_interfaces/include/yhs_can_interfaces/yhs_can_interfaces/msg/detail/rear_angle_fb__rosidl_typesupport_fastrtps_c.h\n'}
[34.415307] (yhs_can_interfaces) StdoutLine: {'line': b'-- Installing: /home/jenter/package/work/install/yhs_can_interfaces/include/yhs_can_interfaces/yhs_can_interfaces/msg/detail/motor_fb__rosidl_typesupport_fastrtps_c.h\n'}
[34.415462] (yhs_can_interfaces) StdoutLine: {'line': b'-- Installing: /home/jenter/package/work/install/yhs_can_interfaces/include/yhs_can_interfaces/yhs_can_interfaces/msg/detail/steering_ctrl_cmd__rosidl_typesupport_fastrtps_c.h\n'}
[34.415612] (yhs_can_interfaces) StdoutLine: {'line': b'-- Installing: /home/jenter/package/work/install/yhs_can_interfaces/include/yhs_can_interfaces/yhs_can_interfaces/msg/detail/rr_wheel_fb__rosidl_typesupport_fastrtps_c.h\n'}
[34.415764] (yhs_can_interfaces) StdoutLine: {'line': b'-- Installing: /home/jenter/package/work/install/yhs_can_interfaces/include/yhs_can_interfaces/yhs_can_interfaces/msg/detail/front_angle_fb__rosidl_typesupport_fastrtps_c.h\n'}
[34.416013] (yhs_can_interfaces) StdoutLine: {'line': b'-- Installing: /home/jenter/package/work/install/yhs_can_interfaces/lib/libyhs_can_interfaces__rosidl_typesupport_fastrtps_c.so\n'}
[34.416661] (yhs_can_interfaces) StdoutLine: {'line': b'-- Set runtime path of "/home/jenter/package/work/install/yhs_can_interfaces/lib/libyhs_can_interfaces__rosidl_typesupport_fastrtps_c.so" to ""\n'}
[34.416825] (yhs_can_interfaces) StdoutLine: {'line': b'-- Up-to-date: /home/jenter/package/work/install/yhs_can_interfaces/include/yhs_can_interfaces/yhs_can_interfaces\n'}
[34.416964] (yhs_can_interfaces) StdoutLine: {'line': b'-- Up-to-date: /home/jenter/package/work/install/yhs_can_interfaces/include/yhs_can_interfaces/yhs_can_interfaces/msg\n'}
[34.417100] (yhs_can_interfaces) StdoutLine: {'line': b'-- Installing: /home/jenter/package/work/install/yhs_can_interfaces/include/yhs_can_interfaces/yhs_can_interfaces/msg/rosidl_typesupport_introspection_c__visibility_control.h\n'}
[34.417238] (yhs_can_interfaces) StdoutLine: {'line': b'-- Up-to-date: /home/jenter/package/work/install/yhs_can_interfaces/include/yhs_can_interfaces/yhs_can_interfaces/msg/detail\n'}
[34.417375] (yhs_can_interfaces) StdoutLine: {'line': b'-- Installing: /home/jenter/package/work/install/yhs_can_interfaces/include/yhs_can_interfaces/yhs_can_interfaces/msg/detail/steering_motor_current_fb__type_support.c\n'}
[34.417489] (yhs_can_interfaces) StdoutLine: {'line': b'-- Installing: /home/jenter/package/work/install/yhs_can_interfaces/include/yhs_can_interfaces/yhs_can_interfaces/msg/detail/steering_ctrl_cmd__rosidl_typesupport_introspection_c.h\n'}
[34.417704] (yhs_can_interfaces) StdoutLine: {'line': b'-- Installing: /home/jenter/package/work/install/yhs_can_interfaces/include/yhs_can_interfaces/yhs_can_interfaces/msg/detail/rf_wheel_fb__type_support.c\n'}
[34.417860] (yhs_can_interfaces) StdoutLine: {'line': b'-- Installing: /home/jenter/package/work/install/yhs_can_interfaces/include/yhs_can_interfaces/yhs_can_interfaces/msg/detail/bms_flag_fb__type_support.c\n'}
[34.418007] (yhs_can_interfaces) StdoutLine: {'line': b'-- Installing: /home/jenter/package/work/install/yhs_can_interfaces/include/yhs_can_interfaces/yhs_can_interfaces/msg/detail/chassis_info_fb__rosidl_typesupport_introspection_c.h\n'}
[34.418167] (yhs_can_interfaces) StdoutLine: {'line': b'-- Installing: /home/jenter/package/work/install/yhs_can_interfaces/include/yhs_can_interfaces/yhs_can_interfaces/msg/detail/steering_ctrl_cmd__type_support.c\n'}
[34.418320] (yhs_can_interfaces) StdoutLine: {'line': b'-- Installing: /home/jenter/package/work/install/yhs_can_interfaces/include/yhs_can_interfaces/yhs_can_interfaces/msg/detail/steering_ctrl_fb__rosidl_typesupport_introspection_c.h\n'}
[34.418471] (yhs_can_interfaces) StdoutLine: {'line': b'-- Installing: /home/jenter/package/work/install/yhs_can_interfaces/include/yhs_can_interfaces/yhs_can_interfaces/msg/detail/motor_cmd__rosidl_typesupport_introspection_c.h\n'}
[34.418620] (yhs_can_interfaces) StdoutLine: {'line': b'-- Installing: /home/jenter/package/work/install/yhs_can_interfaces/include/yhs_can_interfaces/yhs_can_interfaces/msg/detail/ultrasonic__type_support.c\n'}
[34.418787] (yhs_can_interfaces) StdoutLine: {'line': b'-- Installing: /home/jenter/package/work/install/yhs_can_interfaces/include/yhs_can_interfaces/yhs_can_interfaces/msg/detail/rr_wheel_fb__rosidl_typesupport_introspection_c.h\n'}
[34.418941] (yhs_can_interfaces) StdoutLine: {'line': b'-- Installing: /home/jenter/package/work/install/yhs_can_interfaces/include/yhs_can_interfaces/yhs_can_interfaces/msg/detail/steering_ctrl_fb__type_support.c\n'}
[34.419100] (yhs_can_interfaces) StdoutLine: {'line': b'-- Installing: /home/jenter/package/work/install/yhs_can_interfaces/include/yhs_can_interfaces/yhs_can_interfaces/msg/detail/ultrasonic__rosidl_typesupport_introspection_c.h\n'}
[34.419250] (yhs_can_interfaces) StdoutLine: {'line': b'-- Installing: /home/jenter/package/work/install/yhs_can_interfaces/include/yhs_can_interfaces/yhs_can_interfaces/msg/detail/rr_wheel_fb__type_support.c\n'}
[34.419414] (yhs_can_interfaces) StdoutLine: {'line': b'-- Installing: /home/jenter/package/work/install/yhs_can_interfaces/include/yhs_can_interfaces/yhs_can_interfaces/msg/detail/rear_angle_fb__rosidl_typesupport_introspection_c.h\n'}
[34.419564] (yhs_can_interfaces) StdoutLine: {'line': b'-- Installing: /home/jenter/package/work/install/yhs_can_interfaces/include/yhs_can_interfaces/yhs_can_interfaces/msg/detail/io_cmd__type_support.c\n'}
[34.419735] (yhs_can_interfaces) StdoutLine: {'line': b'-- Installing: /home/jenter/package/work/install/yhs_can_interfaces/include/yhs_can_interfaces/yhs_can_interfaces/msg/detail/motor_cmd__type_support.c\n'}
[34.419907] (yhs_can_interfaces) StdoutLine: {'line': b'-- Installing: /home/jenter/package/work/install/yhs_can_interfaces/include/yhs_can_interfaces/yhs_can_interfaces/msg/detail/bms_flag_fb__rosidl_typesupport_introspection_c.h\n'}
[34.420067] (yhs_can_interfaces) StdoutLine: {'line': b'-- Installing: /home/jenter/package/work/install/yhs_can_interfaces/include/yhs_can_interfaces/yhs_can_interfaces/msg/detail/motor_fb__rosidl_typesupport_introspection_c.h\n'}
[34.420215] (yhs_can_interfaces) StdoutLine: {'line': b'-- Installing: /home/jenter/package/work/install/yhs_can_interfaces/include/yhs_can_interfaces/yhs_can_interfaces/msg/detail/error_fb__rosidl_typesupport_introspection_c.h\n'}
[34.420364] (yhs_can_interfaces) StdoutLine: {'line': b'-- Installing: /home/jenter/package/work/install/yhs_can_interfaces/include/yhs_can_interfaces/yhs_can_interfaces/msg/detail/drive_motor_current_fb__rosidl_typesupport_introspection_c.h\n'}
[34.420514] (yhs_can_interfaces) StdoutLine: {'line': b'-- Installing: /home/jenter/package/work/install/yhs_can_interfaces/include/yhs_can_interfaces/yhs_can_interfaces/msg/detail/io_cmd__rosidl_typesupport_introspection_c.h\n'}
[34.420665] (yhs_can_interfaces) StdoutLine: {'line': b'-- Installing: /home/jenter/package/work/install/yhs_can_interfaces/include/yhs_can_interfaces/yhs_can_interfaces/msg/detail/lr_wheel_fb__rosidl_typesupport_introspection_c.h\n'}
[34.420815] (yhs_can_interfaces) StdoutLine: {'line': b'-- Installing: /home/jenter/package/work/install/yhs_can_interfaces/include/yhs_can_interfaces/yhs_can_interfaces/msg/detail/error_fb__type_support.c\n'}
[34.420980] (yhs_can_interfaces) StdoutLine: {'line': b'-- Installing: /home/jenter/package/work/install/yhs_can_interfaces/include/yhs_can_interfaces/yhs_can_interfaces/msg/detail/ctrl_fb__rosidl_typesupport_introspection_c.h\n'}
[34.421128] (yhs_can_interfaces) StdoutLine: {'line': b'-- Installing: /home/jenter/package/work/install/yhs_can_interfaces/include/yhs_can_interfaces/yhs_can_interfaces/msg/detail/io_fb__type_support.c\n'}
[34.421313] (yhs_can_interfaces) StdoutLine: {'line': b'-- Installing: /home/jenter/package/work/install/yhs_can_interfaces/include/yhs_can_interfaces/yhs_can_interfaces/msg/detail/lf_wheel_fb__rosidl_typesupport_introspection_c.h\n'}
[34.421462] (yhs_can_interfaces) StdoutLine: {'line': b'-- Installing: /home/jenter/package/work/install/yhs_can_interfaces/include/yhs_can_interfaces/yhs_can_interfaces/msg/detail/bms_fb__type_support.c\n'}
[34.421631] (yhs_can_interfaces) StdoutLine: {'line': b'-- Installing: /home/jenter/package/work/install/yhs_can_interfaces/include/yhs_can_interfaces/yhs_can_interfaces/msg/detail/io_fb__rosidl_typesupport_introspection_c.h\n'}
[34.421786] (yhs_can_interfaces) StdoutLine: {'line': b'-- Installing: /home/jenter/package/work/install/yhs_can_interfaces/include/yhs_can_interfaces/yhs_can_interfaces/msg/detail/lf_wheel_fb__type_support.c\n'}
[34.421943] (yhs_can_interfaces) StdoutLine: {'line': b'-- Installing: /home/jenter/package/work/install/yhs_can_interfaces/include/yhs_can_interfaces/yhs_can_interfaces/msg/detail/motor_fb__type_support.c\n'}
[34.422114] (yhs_can_interfaces) StdoutLine: {'line': b'-- Installing: /home/jenter/package/work/install/yhs_can_interfaces/include/yhs_can_interfaces/yhs_can_interfaces/msg/detail/rear_angle_fb__type_support.c\n'}
[34.422274] (yhs_can_interfaces) StdoutLine: {'line': b'-- Installing: /home/jenter/package/work/install/yhs_can_interfaces/include/yhs_can_interfaces/yhs_can_interfaces/msg/detail/ctrl_fb__type_support.c\n'}
[34.422431] (yhs_can_interfaces) StdoutLine: {'line': b'-- Installing: /home/jenter/package/work/install/yhs_can_interfaces/include/yhs_can_interfaces/yhs_can_interfaces/msg/detail/front_angle_fb__type_support.c\n'}
[34.422589] (yhs_can_interfaces) StdoutLine: {'line': b'-- Installing: /home/jenter/package/work/install/yhs_can_interfaces/include/yhs_can_interfaces/yhs_can_interfaces/msg/detail/chassis_info_fb__type_support.c\n'}
[34.422785] (yhs_can_interfaces) StdoutLine: {'line': b'-- Installing: /home/jenter/package/work/install/yhs_can_interfaces/include/yhs_can_interfaces/yhs_can_interfaces/msg/detail/bms_fb__rosidl_typesupport_introspection_c.h\n'}
[34.422945] (yhs_can_interfaces) StdoutLine: {'line': b'-- Installing: /home/jenter/package/work/install/yhs_can_interfaces/include/yhs_can_interfaces/yhs_can_interfaces/msg/detail/drive_motor_current_fb__type_support.c\n'}
[34.423124] (yhs_can_interfaces) StdoutLine: {'line': b'-- Installing: /home/jenter/package/work/install/yhs_can_interfaces/include/yhs_can_interfaces/yhs_can_interfaces/msg/detail/front_angle_fb__rosidl_typesupport_introspection_c.h\n'}
[34.423275] (yhs_can_interfaces) StdoutLine: {'line': b'-- Installing: /home/jenter/package/work/install/yhs_can_interfaces/include/yhs_can_interfaces/yhs_can_interfaces/msg/detail/lr_wheel_fb__type_support.c\n'}
[34.423437] (yhs_can_interfaces) StdoutLine: {'line': b'-- Installing: /home/jenter/package/work/install/yhs_can_interfaces/include/yhs_can_interfaces/yhs_can_interfaces/msg/detail/steering_motor_current_fb__rosidl_typesupport_introspection_c.h\n'}
[34.423590] (yhs_can_interfaces) StdoutLine: {'line': b'-- Installing: /home/jenter/package/work/install/yhs_can_interfaces/include/yhs_can_interfaces/yhs_can_interfaces/msg/detail/ctrl_cmd__rosidl_typesupport_introspection_c.h\n'}
[34.423740] (yhs_can_interfaces) StdoutLine: {'line': b'-- Installing: /home/jenter/package/work/install/yhs_can_interfaces/include/yhs_can_interfaces/yhs_can_interfaces/msg/detail/ctrl_cmd__type_support.c\n'}
[34.423902] (yhs_can_interfaces) StdoutLine: {'line': b'-- Installing: /home/jenter/package/work/install/yhs_can_interfaces/include/yhs_can_interfaces/yhs_can_interfaces/msg/detail/rf_wheel_fb__rosidl_typesupport_introspection_c.h\n'}
[34.424163] (yhs_can_interfaces) StdoutLine: {'line': b'-- Installing: /home/jenter/package/work/install/yhs_can_interfaces/lib/libyhs_can_interfaces__rosidl_typesupport_introspection_c.so\n'}
[34.424790] (yhs_can_interfaces) StdoutLine: {'line': b'-- Set runtime path of "/home/jenter/package/work/install/yhs_can_interfaces/lib/libyhs_can_interfaces__rosidl_typesupport_introspection_c.so" to ""\n'}
[34.424945] (yhs_can_interfaces) StdoutLine: {'line': b'-- Installing: /home/jenter/package/work/install/yhs_can_interfaces/lib/libyhs_can_interfaces__rosidl_typesupport_c.so\n'}
[34.425406] (yhs_can_interfaces) StdoutLine: {'line': b'-- Set runtime path of "/home/jenter/package/work/install/yhs_can_interfaces/lib/libyhs_can_interfaces__rosidl_typesupport_c.so" to ""\n'}
[34.425564] (yhs_can_interfaces) StdoutLine: {'line': b'-- Up-to-date: /home/jenter/package/work/install/yhs_can_interfaces/include/yhs_can_interfaces/yhs_can_interfaces\n'}
[34.425717] (yhs_can_interfaces) StdoutLine: {'line': b'-- Up-to-date: /home/jenter/package/work/install/yhs_can_interfaces/include/yhs_can_interfaces/yhs_can_interfaces/msg\n'}
[34.425832] (yhs_can_interfaces) StdoutLine: {'line': b'-- Installing: /home/jenter/package/work/install/yhs_can_interfaces/include/yhs_can_interfaces/yhs_can_interfaces/msg/ctrl_fb.hpp\n'}
[34.425970] (yhs_can_interfaces) StdoutLine: {'line': b'-- Installing: /home/jenter/package/work/install/yhs_can_interfaces/include/yhs_can_interfaces/yhs_can_interfaces/msg/steering_ctrl_fb.hpp\n'}
[34.426106] (yhs_can_interfaces) StdoutLine: {'line': b'-- Installing: /home/jenter/package/work/install/yhs_can_interfaces/include/yhs_can_interfaces/yhs_can_interfaces/msg/steering_ctrl_cmd.hpp\n'}
[34.426244] (yhs_can_interfaces) StdoutLine: {'line': b'-- Installing: /home/jenter/package/work/install/yhs_can_interfaces/include/yhs_can_interfaces/yhs_can_interfaces/msg/motor_cmd.hpp\n'}
[34.426381] (yhs_can_interfaces) StdoutLine: {'line': b'-- Up-to-date: /home/jenter/package/work/install/yhs_can_interfaces/include/yhs_can_interfaces/yhs_can_interfaces/msg/detail\n'}
[34.426518] (yhs_can_interfaces) StdoutLine: {'line': b'-- Installing: /home/jenter/package/work/install/yhs_can_interfaces/include/yhs_can_interfaces/yhs_can_interfaces/msg/detail/motor_fb__traits.hpp\n'}
[34.426655] (yhs_can_interfaces) StdoutLine: {'line': b'-- Installing: /home/jenter/package/work/install/yhs_can_interfaces/include/yhs_can_interfaces/yhs_can_interfaces/msg/detail/rr_wheel_fb__struct.hpp\n'}
[34.426790] (yhs_can_interfaces) StdoutLine: {'line': b'-- Installing: /home/jenter/package/work/install/yhs_can_interfaces/include/yhs_can_interfaces/yhs_can_interfaces/msg/detail/lf_wheel_fb__type_support.hpp\n'}
[34.426937] (yhs_can_interfaces) StdoutLine: {'line': b'-- Installing: /home/jenter/package/work/install/yhs_can_interfaces/include/yhs_can_interfaces/yhs_can_interfaces/msg/detail/bms_flag_fb__builder.hpp\n'}
[34.427104] (yhs_can_interfaces) StdoutLine: {'line': b'-- Installing: /home/jenter/package/work/install/yhs_can_interfaces/include/yhs_can_interfaces/yhs_can_interfaces/msg/detail/error_fb__struct.hpp\n'}
[34.427264] (yhs_can_interfaces) StdoutLine: {'line': b'-- Installing: /home/jenter/package/work/install/yhs_can_interfaces/include/yhs_can_interfaces/yhs_can_interfaces/msg/detail/motor_cmd__type_support.hpp\n'}
[34.427416] (yhs_can_interfaces) StdoutLine: {'line': b'-- Installing: /home/jenter/package/work/install/yhs_can_interfaces/include/yhs_can_interfaces/yhs_can_interfaces/msg/detail/steering_ctrl_cmd__traits.hpp\n'}
[34.427569] (yhs_can_interfaces) StdoutLine: {'line': b'-- Installing: /home/jenter/package/work/install/yhs_can_interfaces/include/yhs_can_interfaces/yhs_can_interfaces/msg/detail/ctrl_cmd__builder.hpp\n'}
[34.427721] (yhs_can_interfaces) StdoutLine: {'line': b'-- Installing: /home/jenter/package/work/install/yhs_can_interfaces/include/yhs_can_interfaces/yhs_can_interfaces/msg/detail/rr_wheel_fb__builder.hpp\n'}
[34.427882] (yhs_can_interfaces) StdoutLine: {'line': b'-- Installing: /home/jenter/package/work/install/yhs_can_interfaces/include/yhs_can_interfaces/yhs_can_interfaces/msg/detail/steering_motor_current_fb__struct.hpp\n'}
[34.428052] (yhs_can_interfaces) StdoutLine: {'line': b'-- Installing: /home/jenter/package/work/install/yhs_can_interfaces/include/yhs_can_interfaces/yhs_can_interfaces/msg/detail/rf_wheel_fb__struct.hpp\n'}
[34.428211] (yhs_can_interfaces) StdoutLine: {'line': b'-- Installing: /home/jenter/package/work/install/yhs_can_interfaces/include/yhs_can_interfaces/yhs_can_interfaces/msg/detail/error_fb__type_support.hpp\n'}
[34.428363] (yhs_can_interfaces) StdoutLine: {'line': b'-- Installing: /home/jenter/package/work/install/yhs_can_interfaces/include/yhs_can_interfaces/yhs_can_interfaces/msg/detail/bms_fb__struct.hpp\n'}
[34.428521] (yhs_can_interfaces) StdoutLine: {'line': b'-- Installing: /home/jenter/package/work/install/yhs_can_interfaces/include/yhs_can_interfaces/yhs_can_interfaces/msg/detail/lr_wheel_fb__struct.hpp\n'}
[34.428681] (yhs_can_interfaces) StdoutLine: {'line': b'-- Installing: /home/jenter/package/work/install/yhs_can_interfaces/include/yhs_can_interfaces/yhs_can_interfaces/msg/detail/ctrl_cmd__struct.hpp\n'}
[34.428843] (yhs_can_interfaces) StdoutLine: {'line': b'-- Installing: /home/jenter/package/work/install/yhs_can_interfaces/include/yhs_can_interfaces/yhs_can_interfaces/msg/detail/motor_cmd__traits.hpp\n'}
[34.429004] (yhs_can_interfaces) StdoutLine: {'line': b'-- Installing: /home/jenter/package/work/install/yhs_can_interfaces/include/yhs_can_interfaces/yhs_can_interfaces/msg/detail/front_angle_fb__builder.hpp\n'}
[34.429159] (yhs_can_interfaces) StdoutLine: {'line': b'-- Installing: /home/jenter/package/work/install/yhs_can_interfaces/include/yhs_can_interfaces/yhs_can_interfaces/msg/detail/ctrl_fb__type_support.hpp\n'}
[34.429312] (yhs_can_interfaces) StdoutLine: {'line': b'-- Installing: /home/jenter/package/work/install/yhs_can_interfaces/include/yhs_can_interfaces/yhs_can_interfaces/msg/detail/motor_fb__builder.hpp\n'}
[34.429474] (yhs_can_interfaces) StdoutLine: {'line': b'-- Installing: /home/jenter/package/work/install/yhs_can_interfaces/include/yhs_can_interfaces/yhs_can_interfaces/msg/detail/steering_ctrl_fb__builder.hpp\n'}
[34.429643] (yhs_can_interfaces) StdoutLine: {'line': b'-- Installing: /home/jenter/package/work/install/yhs_can_interfaces/include/yhs_can_interfaces/yhs_can_interfaces/msg/detail/ctrl_cmd__traits.hpp\n'}
[34.429800] (yhs_can_interfaces) StdoutLine: {'line': b'-- Installing: /home/jenter/package/work/install/yhs_can_interfaces/include/yhs_can_interfaces/yhs_can_interfaces/msg/detail/rear_angle_fb__struct.hpp\n'}
[34.429959] (yhs_can_interfaces) StdoutLine: {'line': b'-- Installing: /home/jenter/package/work/install/yhs_can_interfaces/include/yhs_can_interfaces/yhs_can_interfaces/msg/detail/steering_ctrl_cmd__struct.hpp\n'}
[34.430120] (yhs_can_interfaces) StdoutLine: {'line': b'-- Installing: /home/jenter/package/work/install/yhs_can_interfaces/include/yhs_can_interfaces/yhs_can_interfaces/msg/detail/bms_fb__type_support.hpp\n'}
[34.430283] (yhs_can_interfaces) StdoutLine: {'line': b'-- Installing: /home/jenter/package/work/install/yhs_can_interfaces/include/yhs_can_interfaces/yhs_can_interfaces/msg/detail/ctrl_fb__builder.hpp\n'}
[34.430440] (yhs_can_interfaces) StdoutLine: {'line': b'-- Installing: /home/jenter/package/work/install/yhs_can_interfaces/include/yhs_can_interfaces/yhs_can_interfaces/msg/detail/bms_flag_fb__traits.hpp\n'}
[34.430609] (yhs_can_interfaces) StdoutLine: {'line': b'-- Installing: /home/jenter/package/work/install/yhs_can_interfaces/include/yhs_can_interfaces/yhs_can_interfaces/msg/detail/ctrl_fb__struct.hpp\n'}
[34.430771] (yhs_can_interfaces) StdoutLine: {'line': b'-- Installing: /home/jenter/package/work/install/yhs_can_interfaces/include/yhs_can_interfaces/yhs_can_interfaces/msg/detail/steering_ctrl_fb__type_support.hpp\n'}
[34.430925] (yhs_can_interfaces) StdoutLine: {'line': b'-- Installing: /home/jenter/package/work/install/yhs_can_interfaces/include/yhs_can_interfaces/yhs_can_interfaces/msg/detail/ultrasonic__struct.hpp\n'}
[34.431086] (yhs_can_interfaces) StdoutLine: {'line': b'-- Installing: /home/jenter/package/work/install/yhs_can_interfaces/include/yhs_can_interfaces/yhs_can_interfaces/msg/detail/steering_motor_current_fb__type_support.hpp\n'}
[34.431300] (yhs_can_interfaces) StdoutLine: {'line': b'-- Installing: /home/jenter/package/work/install/yhs_can_interfaces/include/yhs_can_interfaces/yhs_can_interfaces/msg/detail/chassis_info_fb__builder.hpp\n'}
[34.431457] (yhs_can_interfaces) StdoutLine: {'line': b'-- Installing: /home/jenter/package/work/install/yhs_can_interfaces/include/yhs_can_interfaces/yhs_can_interfaces/msg/detail/lf_wheel_fb__traits.hpp\n'}
[34.431607] (yhs_can_interfaces) StdoutLine: {'line': b'-- Installing: /home/jenter/package/work/install/yhs_can_interfaces/include/yhs_can_interfaces/yhs_can_interfaces/msg/detail/ultrasonic__builder.hpp\n'}
[34.431758] (yhs_can_interfaces) StdoutLine: {'line': b'-- Installing: /home/jenter/package/work/install/yhs_can_interfaces/include/yhs_can_interfaces/yhs_can_interfaces/msg/detail/rear_angle_fb__traits.hpp\n'}
[34.431909] (yhs_can_interfaces) StdoutLine: {'line': b'-- Installing: /home/jenter/package/work/install/yhs_can_interfaces/include/yhs_can_interfaces/yhs_can_interfaces/msg/detail/rf_wheel_fb__builder.hpp\n'}
[34.432059] (yhs_can_interfaces) StdoutLine: {'line': b'-- Installing: /home/jenter/package/work/install/yhs_can_interfaces/include/yhs_can_interfaces/yhs_can_interfaces/msg/detail/rr_wheel_fb__type_support.hpp\n'}
[34.432215] (yhs_can_interfaces) StdoutLine: {'line': b'-- Installing: /home/jenter/package/work/install/yhs_can_interfaces/include/yhs_can_interfaces/yhs_can_interfaces/msg/detail/ultrasonic__type_support.hpp\n'}
[34.432377] (yhs_can_interfaces) StdoutLine: {'line': b'-- Installing: /home/jenter/package/work/install/yhs_can_interfaces/include/yhs_can_interfaces/yhs_can_interfaces/msg/detail/io_fb__builder.hpp\n'}
[34.432553] (yhs_can_interfaces) StdoutLine: {'line': b'-- Installing: /home/jenter/package/work/install/yhs_can_interfaces/include/yhs_can_interfaces/yhs_can_interfaces/msg/detail/rear_angle_fb__type_support.hpp\n'}
[34.432701] (yhs_can_interfaces) StdoutLine: {'line': b'-- Installing: /home/jenter/package/work/install/yhs_can_interfaces/include/yhs_can_interfaces/yhs_can_interfaces/msg/detail/rr_wheel_fb__traits.hpp\n'}
[34.432854] (yhs_can_interfaces) StdoutLine: {'line': b'-- Installing: /home/jenter/package/work/install/yhs_can_interfaces/include/yhs_can_interfaces/yhs_can_interfaces/msg/detail/bms_flag_fb__type_support.hpp\n'}
[34.433002] (yhs_can_interfaces) StdoutLine: {'line': b'-- Installing: /home/jenter/package/work/install/yhs_can_interfaces/include/yhs_can_interfaces/yhs_can_interfaces/msg/detail/rf_wheel_fb__traits.hpp\n'}
[34.433151] (yhs_can_interfaces) StdoutLine: {'line': b'-- Installing: /home/jenter/package/work/install/yhs_can_interfaces/include/yhs_can_interfaces/yhs_can_interfaces/msg/detail/motor_cmd__builder.hpp\n'}
[34.433310] (yhs_can_interfaces) StdoutLine: {'line': b'-- Installing: /home/jenter/package/work/install/yhs_can_interfaces/include/yhs_can_interfaces/yhs_can_interfaces/msg/detail/io_fb__struct.hpp\n'}
[34.433481] (yhs_can_interfaces) StdoutLine: {'line': b'-- Installing: /home/jenter/package/work/install/yhs_can_interfaces/include/yhs_can_interfaces/yhs_can_interfaces/msg/detail/bms_flag_fb__struct.hpp\n'}
[34.433720] (yhs_can_interfaces) StdoutLine: {'line': b'-- Installing: /home/jenter/package/work/install/yhs_can_interfaces/include/yhs_can_interfaces/yhs_can_interfaces/msg/detail/drive_motor_current_fb__traits.hpp\n'}
[34.433892] (yhs_can_interfaces) StdoutLine: {'line': b'-- Installing: /home/jenter/package/work/install/yhs_can_interfaces/include/yhs_can_interfaces/yhs_can_interfaces/msg/detail/motor_fb__type_support.hpp\n'}
[34.434045] (yhs_can_interfaces) StdoutLine: {'line': b'-- Installing: /home/jenter/package/work/install/yhs_can_interfaces/include/yhs_can_interfaces/yhs_can_interfaces/msg/detail/error_fb__builder.hpp\n'}
[34.434198] (yhs_can_interfaces) StdoutLine: {'line': b'-- Installing: /home/jenter/package/work/install/yhs_can_interfaces/include/yhs_can_interfaces/yhs_can_interfaces/msg/detail/front_angle_fb__traits.hpp\n'}
[34.434348] (yhs_can_interfaces) StdoutLine: {'line': b'-- Installing: /home/jenter/package/work/install/yhs_can_interfaces/include/yhs_can_interfaces/yhs_can_interfaces/msg/detail/ultrasonic__traits.hpp\n'}
[34.434507] (yhs_can_interfaces) StdoutLine: {'line': b'-- Installing: /home/jenter/package/work/install/yhs_can_interfaces/include/yhs_can_interfaces/yhs_can_interfaces/msg/detail/io_cmd__struct.hpp\n'}
[34.434667] (yhs_can_interfaces) StdoutLine: {'line': b'-- Installing: /home/jenter/package/work/install/yhs_can_interfaces/include/yhs_can_interfaces/yhs_can_interfaces/msg/detail/lr_wheel_fb__traits.hpp\n'}
[34.434827] (yhs_can_interfaces) StdoutLine: {'line': b'-- Installing: /home/jenter/package/work/install/yhs_can_interfaces/include/yhs_can_interfaces/yhs_can_interfaces/msg/detail/io_cmd__builder.hpp\n'}
[34.434989] (yhs_can_interfaces) StdoutLine: {'line': b'-- Installing: /home/jenter/package/work/install/yhs_can_interfaces/include/yhs_can_interfaces/yhs_can_interfaces/msg/detail/steering_ctrl_fb__struct.hpp\n'}
[34.435147] (yhs_can_interfaces) StdoutLine: {'line': b'-- Installing: /home/jenter/package/work/install/yhs_can_interfaces/include/yhs_can_interfaces/yhs_can_interfaces/msg/detail/steering_ctrl_cmd__builder.hpp\n'}
[34.435305] (yhs_can_interfaces) StdoutLine: {'line': b'-- Installing: /home/jenter/package/work/install/yhs_can_interfaces/include/yhs_can_interfaces/yhs_can_interfaces/msg/detail/rear_angle_fb__builder.hpp\n'}
[34.435459] (yhs_can_interfaces) StdoutLine: {'line': b'-- Installing: /home/jenter/package/work/install/yhs_can_interfaces/include/yhs_can_interfaces/yhs_can_interfaces/msg/detail/steering_ctrl_fb__traits.hpp\n'}
[34.435614] (yhs_can_interfaces) StdoutLine: {'line': b'-- Installing: /home/jenter/package/work/install/yhs_can_interfaces/include/yhs_can_interfaces/yhs_can_interfaces/msg/detail/motor_fb__struct.hpp\n'}
[34.435774] (yhs_can_interfaces) StdoutLine: {'line': b'-- Installing: /home/jenter/package/work/install/yhs_can_interfaces/include/yhs_can_interfaces/yhs_can_interfaces/msg/detail/drive_motor_current_fb__type_support.hpp\n'}
[34.435928] (yhs_can_interfaces) StdoutLine: {'line': b'-- Installing: /home/jenter/package/work/install/yhs_can_interfaces/include/yhs_can_interfaces/yhs_can_interfaces/msg/detail/lf_wheel_fb__struct.hpp\n'}
[34.436088] (yhs_can_interfaces) StdoutLine: {'line': b'-- Installing: /home/jenter/package/work/install/yhs_can_interfaces/include/yhs_can_interfaces/yhs_can_interfaces/msg/detail/front_angle_fb__struct.hpp\n'}
[34.436249] (yhs_can_interfaces) StdoutLine: {'line': b'-- Installing: /home/jenter/package/work/install/yhs_can_interfaces/include/yhs_can_interfaces/yhs_can_interfaces/msg/detail/chassis_info_fb__traits.hpp\n'}
[34.436433] (yhs_can_interfaces) StdoutLine: {'line': b'-- Installing: /home/jenter/package/work/install/yhs_can_interfaces/include/yhs_can_interfaces/yhs_can_interfaces/msg/detail/chassis_info_fb__type_support.hpp\n'}
[34.436587] (yhs_can_interfaces) StdoutLine: {'line': b'-- Installing: /home/jenter/package/work/install/yhs_can_interfaces/include/yhs_can_interfaces/yhs_can_interfaces/msg/detail/rf_wheel_fb__type_support.hpp\n'}
[34.436744] (yhs_can_interfaces) StdoutLine: {'line': b'-- Installing: /home/jenter/package/work/install/yhs_can_interfaces/include/yhs_can_interfaces/yhs_can_interfaces/msg/detail/bms_fb__traits.hpp\n'}
[34.436897] (yhs_can_interfaces) StdoutLine: {'line': b'-- Installing: /home/jenter/package/work/install/yhs_can_interfaces/include/yhs_can_interfaces/yhs_can_interfaces/msg/detail/lr_wheel_fb__type_support.hpp\n'}
[34.437049] (yhs_can_interfaces) StdoutLine: {'line': b'-- Installing: /home/jenter/package/work/install/yhs_can_interfaces/include/yhs_can_interfaces/yhs_can_interfaces/msg/detail/drive_motor_current_fb__builder.hpp\n'}
[34.437217] (yhs_can_interfaces) StdoutLine: {'line': b'-- Installing: /home/jenter/package/work/install/yhs_can_interfaces/include/yhs_can_interfaces/yhs_can_interfaces/msg/detail/io_cmd__traits.hpp\n'}
[34.437396] (yhs_can_interfaces) StdoutLine: {'line': b'-- Installing: /home/jenter/package/work/install/yhs_can_interfaces/include/yhs_can_interfaces/yhs_can_interfaces/msg/detail/steering_motor_current_fb__builder.hpp\n'}
[34.437560] (yhs_can_interfaces) StdoutLine: {'line': b'-- Installing: /home/jenter/package/work/install/yhs_can_interfaces/include/yhs_can_interfaces/yhs_can_interfaces/msg/detail/bms_fb__builder.hpp\n'}
[34.437930] (yhs_can_interfaces) StdoutLine: {'line': b'-- Installing: /home/jenter/package/work/install/yhs_can_interfaces/include/yhs_can_interfaces/yhs_can_interfaces/msg/detail/io_fb__traits.hpp\n'}
[34.438064] (yhs_can_interfaces) StdoutLine: {'line': b'-- Installing: /home/jenter/package/work/install/yhs_can_interfaces/include/yhs_can_interfaces/yhs_can_interfaces/msg/detail/error_fb__traits.hpp\n'}
[34.438202] (yhs_can_interfaces) StdoutLine: {'line': b'-- Installing: /home/jenter/package/work/install/yhs_can_interfaces/include/yhs_can_interfaces/yhs_can_interfaces/msg/detail/lr_wheel_fb__builder.hpp\n'}
[34.438338] (yhs_can_interfaces) StdoutLine: {'line': b'-- Installing: /home/jenter/package/work/install/yhs_can_interfaces/include/yhs_can_interfaces/yhs_can_interfaces/msg/detail/ctrl_fb__traits.hpp\n'}
[34.438475] (yhs_can_interfaces) StdoutLine: {'line': b'-- Installing: /home/jenter/package/work/install/yhs_can_interfaces/include/yhs_can_interfaces/yhs_can_interfaces/msg/detail/steering_motor_current_fb__traits.hpp\n'}
[34.438621] (yhs_can_interfaces) StdoutLine: {'line': b'-- Installing: /home/jenter/package/work/install/yhs_can_interfaces/include/yhs_can_interfaces/yhs_can_interfaces/msg/detail/io_cmd__type_support.hpp\n'}
[34.438759] (yhs_can_interfaces) StdoutLine: {'line': b'-- Installing: /home/jenter/package/work/install/yhs_can_interfaces/include/yhs_can_interfaces/yhs_can_interfaces/msg/detail/chassis_info_fb__struct.hpp\n'}
[34.438936] (yhs_can_interfaces) StdoutLine: {'line': b'-- Installing: /home/jenter/package/work/install/yhs_can_interfaces/include/yhs_can_interfaces/yhs_can_interfaces/msg/detail/drive_motor_current_fb__struct.hpp\n'}
[34.439092] (yhs_can_interfaces) StdoutLine: {'line': b'-- Installing: /home/jenter/package/work/install/yhs_can_interfaces/include/yhs_can_interfaces/yhs_can_interfaces/msg/detail/lf_wheel_fb__builder.hpp\n'}
[34.439243] (yhs_can_interfaces) StdoutLine: {'line': b'-- Installing: /home/jenter/package/work/install/yhs_can_interfaces/include/yhs_can_interfaces/yhs_can_interfaces/msg/detail/motor_cmd__struct.hpp\n'}
[34.439399] (yhs_can_interfaces) StdoutLine: {'line': b'-- Installing: /home/jenter/package/work/install/yhs_can_interfaces/include/yhs_can_interfaces/yhs_can_interfaces/msg/detail/io_fb__type_support.hpp\n'}
[34.439548] (yhs_can_interfaces) StdoutLine: {'line': b'-- Installing: /home/jenter/package/work/install/yhs_can_interfaces/include/yhs_can_interfaces/yhs_can_interfaces/msg/detail/steering_ctrl_cmd__type_support.hpp\n'}
[34.439706] (yhs_can_interfaces) StdoutLine: {'line': b'-- Installing: /home/jenter/package/work/install/yhs_can_interfaces/include/yhs_can_interfaces/yhs_can_interfaces/msg/detail/ctrl_cmd__type_support.hpp\n'}
[34.439854] (yhs_can_interfaces) StdoutLine: {'line': b'-- Installing: /home/jenter/package/work/install/yhs_can_interfaces/include/yhs_can_interfaces/yhs_can_interfaces/msg/detail/front_angle_fb__type_support.hpp\n'}
[34.440015] (yhs_can_interfaces) StdoutLine: {'line': b'-- Installing: /home/jenter/package/work/install/yhs_can_interfaces/include/yhs_can_interfaces/yhs_can_interfaces/msg/io_cmd.hpp\n'}
[34.440162] (yhs_can_interfaces) StdoutLine: {'line': b'-- Installing: /home/jenter/package/work/install/yhs_can_interfaces/include/yhs_can_interfaces/yhs_can_interfaces/msg/bms_fb.hpp\n'}
[34.440315] (yhs_can_interfaces) StdoutLine: {'line': b'-- Installing: /home/jenter/package/work/install/yhs_can_interfaces/include/yhs_can_interfaces/yhs_can_interfaces/msg/chassis_info_fb.hpp\n'}
[34.440490] (yhs_can_interfaces) StdoutLine: {'line': b'-- Installing: /home/jenter/package/work/install/yhs_can_interfaces/include/yhs_can_interfaces/yhs_can_interfaces/msg/lr_wheel_fb.hpp\n'}
[34.440630] (yhs_can_interfaces) StdoutLine: {'line': b'-- Installing: /home/jenter/package/work/install/yhs_can_interfaces/include/yhs_can_interfaces/yhs_can_interfaces/msg/ultrasonic.hpp\n'}
[34.440768] (yhs_can_interfaces) StdoutLine: {'line': b'-- Installing: /home/jenter/package/work/install/yhs_can_interfaces/include/yhs_can_interfaces/yhs_can_interfaces/msg/motor_fb.hpp\n'}
[34.440904] (yhs_can_interfaces) StdoutLine: {'line': b'-- Installing: /home/jenter/package/work/install/yhs_can_interfaces/include/yhs_can_interfaces/yhs_can_interfaces/msg/rr_wheel_fb.hpp\n'}
[34.441042] (yhs_can_interfaces) StdoutLine: {'line': b'-- Installing: /home/jenter/package/work/install/yhs_can_interfaces/include/yhs_can_interfaces/yhs_can_interfaces/msg/lf_wheel_fb.hpp\n'}
[34.441188] (yhs_can_interfaces) StdoutLine: {'line': b'-- Installing: /home/jenter/package/work/install/yhs_can_interfaces/include/yhs_can_interfaces/yhs_can_interfaces/msg/io_fb.hpp\n'}
[34.441321] (yhs_can_interfaces) StdoutLine: {'line': b'-- Installing: /home/jenter/package/work/install/yhs_can_interfaces/include/yhs_can_interfaces/yhs_can_interfaces/msg/rf_wheel_fb.hpp\n'}
[34.441465] (yhs_can_interfaces) StdoutLine: {'line': b'-- Installing: /home/jenter/package/work/install/yhs_can_interfaces/include/yhs_can_interfaces/yhs_can_interfaces/msg/drive_motor_current_fb.hpp\n'}
[34.441620] (yhs_can_interfaces) StdoutLine: {'line': b'-- Installing: /home/jenter/package/work/install/yhs_can_interfaces/include/yhs_can_interfaces/yhs_can_interfaces/msg/bms_flag_fb.hpp\n'}
[34.441832] (yhs_can_interfaces) StdoutLine: {'line': b'-- Installing: /home/jenter/package/work/install/yhs_can_interfaces/include/yhs_can_interfaces/yhs_can_interfaces/msg/error_fb.hpp\n'}
[34.441974] (yhs_can_interfaces) StdoutLine: {'line': b'-- Installing: /home/jenter/package/work/install/yhs_can_interfaces/include/yhs_can_interfaces/yhs_can_interfaces/msg/front_angle_fb.hpp\n'}
[34.442115] (yhs_can_interfaces) StdoutLine: {'line': b'-- Installing: /home/jenter/package/work/install/yhs_can_interfaces/include/yhs_can_interfaces/yhs_can_interfaces/msg/ctrl_cmd.hpp\n'}
[34.442260] (yhs_can_interfaces) StdoutLine: {'line': b'-- Installing: /home/jenter/package/work/install/yhs_can_interfaces/include/yhs_can_interfaces/yhs_can_interfaces/msg/rosidl_generator_cpp__visibility_control.hpp\n'}
[34.442415] (yhs_can_interfaces) StdoutLine: {'line': b'-- Installing: /home/jenter/package/work/install/yhs_can_interfaces/include/yhs_can_interfaces/yhs_can_interfaces/msg/rear_angle_fb.hpp\n'}
[34.442558] (yhs_can_interfaces) StdoutLine: {'line': b'-- Installing: /home/jenter/package/work/install/yhs_can_interfaces/include/yhs_can_interfaces/yhs_can_interfaces/msg/steering_motor_current_fb.hpp\n'}
[34.442810] (yhs_can_interfaces) StdoutLine: {'line': b'-- Up-to-date: /home/jenter/package/work/install/yhs_can_interfaces/include/yhs_can_interfaces/yhs_can_interfaces\n'}
[34.442963] (yhs_can_interfaces) StdoutLine: {'line': b'-- Up-to-date: /home/jenter/package/work/install/yhs_can_interfaces/include/yhs_can_interfaces/yhs_can_interfaces/msg\n'}
[34.443101] (yhs_can_interfaces) StdoutLine: {'line': b'-- Up-to-date: /home/jenter/package/work/install/yhs_can_interfaces/include/yhs_can_interfaces/yhs_can_interfaces/msg/detail\n'}
[34.443238] (yhs_can_interfaces) StdoutLine: {'line': b'-- Installing: /home/jenter/package/work/install/yhs_can_interfaces/include/yhs_can_interfaces/yhs_can_interfaces/msg/detail/rear_angle_fb__rosidl_typesupport_fastrtps_cpp.hpp\n'}
[34.443375] (yhs_can_interfaces) StdoutLine: {'line': b'-- Installing: /home/jenter/package/work/install/yhs_can_interfaces/include/yhs_can_interfaces/yhs_can_interfaces/msg/detail/dds_fastrtps\n'}
[34.443518] (yhs_can_interfaces) StdoutLine: {'line': b'-- Installing: /home/jenter/package/work/install/yhs_can_interfaces/include/yhs_can_interfaces/yhs_can_interfaces/msg/detail/motor_fb__rosidl_typesupport_fastrtps_cpp.hpp\n'}
[34.443633] (yhs_can_interfaces) StdoutLine: {'line': b'-- Installing: /home/jenter/package/work/install/yhs_can_interfaces/include/yhs_can_interfaces/yhs_can_interfaces/msg/detail/steering_ctrl_cmd__rosidl_typesupport_fastrtps_cpp.hpp\n'}
[34.443769] (yhs_can_interfaces) StdoutLine: {'line': b'-- Installing: /home/jenter/package/work/install/yhs_can_interfaces/include/yhs_can_interfaces/yhs_can_interfaces/msg/detail/error_fb__rosidl_typesupport_fastrtps_cpp.hpp\n'}
[34.443906] (yhs_can_interfaces) StdoutLine: {'line': b'-- Installing: /home/jenter/package/work/install/yhs_can_interfaces/include/yhs_can_interfaces/yhs_can_interfaces/msg/detail/io_fb__rosidl_typesupport_fastrtps_cpp.hpp\n'}
[34.444050] (yhs_can_interfaces) StdoutLine: {'line': b'-- Installing: /home/jenter/package/work/install/yhs_can_interfaces/include/yhs_can_interfaces/yhs_can_interfaces/msg/detail/lr_wheel_fb__rosidl_typesupport_fastrtps_cpp.hpp\n'}
[34.444187] (yhs_can_interfaces) StdoutLine: {'line': b'-- Installing: /home/jenter/package/work/install/yhs_can_interfaces/include/yhs_can_interfaces/yhs_can_interfaces/msg/detail/ctrl_cmd__rosidl_typesupport_fastrtps_cpp.hpp\n'}
[34.444324] (yhs_can_interfaces) StdoutLine: {'line': b'-- Installing: /home/jenter/package/work/install/yhs_can_interfaces/include/yhs_can_interfaces/yhs_can_interfaces/msg/detail/front_angle_fb__rosidl_typesupport_fastrtps_cpp.hpp\n'}
[34.444459] (yhs_can_interfaces) StdoutLine: {'line': b'-- Installing: /home/jenter/package/work/install/yhs_can_interfaces/include/yhs_can_interfaces/yhs_can_interfaces/msg/detail/bms_fb__rosidl_typesupport_fastrtps_cpp.hpp\n'}
[34.444608] (yhs_can_interfaces) StdoutLine: {'line': b'-- Installing: /home/jenter/package/work/install/yhs_can_interfaces/include/yhs_can_interfaces/yhs_can_interfaces/msg/detail/motor_cmd__rosidl_typesupport_fastrtps_cpp.hpp\n'}
[34.444758] (yhs_can_interfaces) StdoutLine: {'line': b'-- Installing: /home/jenter/package/work/install/yhs_can_interfaces/include/yhs_can_interfaces/yhs_can_interfaces/msg/detail/rf_wheel_fb__rosidl_typesupport_fastrtps_cpp.hpp\n'}
[34.444891] (yhs_can_interfaces) StdoutLine: {'line': b'-- Installing: /home/jenter/package/work/install/yhs_can_interfaces/include/yhs_can_interfaces/yhs_can_interfaces/msg/detail/bms_flag_fb__rosidl_typesupport_fastrtps_cpp.hpp\n'}
[34.445038] (yhs_can_interfaces) StdoutLine: {'line': b'-- Installing: /home/jenter/package/work/install/yhs_can_interfaces/include/yhs_can_interfaces/yhs_can_interfaces/msg/detail/steering_motor_current_fb__rosidl_typesupport_fastrtps_cpp.hpp\n'}
[34.445188] (yhs_can_interfaces) StdoutLine: {'line': b'-- Installing: /home/jenter/package/work/install/yhs_can_interfaces/include/yhs_can_interfaces/yhs_can_interfaces/msg/detail/chassis_info_fb__rosidl_typesupport_fastrtps_cpp.hpp\n'}
[34.445339] (yhs_can_interfaces) StdoutLine: {'line': b'-- Installing: /home/jenter/package/work/install/yhs_can_interfaces/include/yhs_can_interfaces/yhs_can_interfaces/msg/detail/drive_motor_current_fb__rosidl_typesupport_fastrtps_cpp.hpp\n'}
[34.445495] (yhs_can_interfaces) StdoutLine: {'line': b'-- Installing: /home/jenter/package/work/install/yhs_can_interfaces/include/yhs_can_interfaces/yhs_can_interfaces/msg/detail/io_cmd__rosidl_typesupport_fastrtps_cpp.hpp\n'}
[34.445648] (yhs_can_interfaces) StdoutLine: {'line': b'-- Installing: /home/jenter/package/work/install/yhs_can_interfaces/include/yhs_can_interfaces/yhs_can_interfaces/msg/detail/lf_wheel_fb__rosidl_typesupport_fastrtps_cpp.hpp\n'}
[34.445805] (yhs_can_interfaces) StdoutLine: {'line': b'-- Installing: /home/jenter/package/work/install/yhs_can_interfaces/include/yhs_can_interfaces/yhs_can_interfaces/msg/detail/rr_wheel_fb__rosidl_typesupport_fastrtps_cpp.hpp\n'}
[34.445958] (yhs_can_interfaces) StdoutLine: {'line': b'-- Installing: /home/jenter/package/work/install/yhs_can_interfaces/include/yhs_can_interfaces/yhs_can_interfaces/msg/detail/ultrasonic__rosidl_typesupport_fastrtps_cpp.hpp\n'}
[34.446124] (yhs_can_interfaces) StdoutLine: {'line': b'-- Installing: /home/jenter/package/work/install/yhs_can_interfaces/include/yhs_can_interfaces/yhs_can_interfaces/msg/detail/ctrl_fb__rosidl_typesupport_fastrtps_cpp.hpp\n'}
[34.446272] (yhs_can_interfaces) StdoutLine: {'line': b'-- Installing: /home/jenter/package/work/install/yhs_can_interfaces/include/yhs_can_interfaces/yhs_can_interfaces/msg/detail/steering_ctrl_fb__rosidl_typesupport_fastrtps_cpp.hpp\n'}
[34.446420] (yhs_can_interfaces) StdoutLine: {'line': b'-- Installing: /home/jenter/package/work/install/yhs_can_interfaces/include/yhs_can_interfaces/yhs_can_interfaces/msg/rosidl_typesupport_fastrtps_cpp__visibility_control.h\n'}
[34.446673] (yhs_can_interfaces) StdoutLine: {'line': b'-- Installing: /home/jenter/package/work/install/yhs_can_interfaces/lib/libyhs_can_interfaces__rosidl_typesupport_fastrtps_cpp.so\n'}
[34.447400] (yhs_can_interfaces) StdoutLine: {'line': b'-- Set runtime path of "/home/jenter/package/work/install/yhs_can_interfaces/lib/libyhs_can_interfaces__rosidl_typesupport_fastrtps_cpp.so" to ""\n'}
[34.447561] (yhs_can_interfaces) StdoutLine: {'line': b'-- Up-to-date: /home/jenter/package/work/install/yhs_can_interfaces/include/yhs_can_interfaces/yhs_can_interfaces\n'}
[34.447714] (yhs_can_interfaces) StdoutLine: {'line': b'-- Up-to-date: /home/jenter/package/work/install/yhs_can_interfaces/include/yhs_can_interfaces/yhs_can_interfaces/msg\n'}
[34.447828] (yhs_can_interfaces) StdoutLine: {'line': b'-- Up-to-date: /home/jenter/package/work/install/yhs_can_interfaces/include/yhs_can_interfaces/yhs_can_interfaces/msg/detail\n'}
[34.447964] (yhs_can_interfaces) StdoutLine: {'line': b'-- Installing: /home/jenter/package/work/install/yhs_can_interfaces/include/yhs_can_interfaces/yhs_can_interfaces/msg/detail/lf_wheel_fb__type_support.cpp\n'}
[34.448108] (yhs_can_interfaces) StdoutLine: {'line': b'-- Installing: /home/jenter/package/work/install/yhs_can_interfaces/include/yhs_can_interfaces/yhs_can_interfaces/msg/detail/front_angle_fb__type_support.cpp\n'}
[34.448247] (yhs_can_interfaces) StdoutLine: {'line': b'-- Installing: /home/jenter/package/work/install/yhs_can_interfaces/include/yhs_can_interfaces/yhs_can_interfaces/msg/detail/ultrasonic__rosidl_typesupport_introspection_cpp.hpp\n'}
[34.448378] (yhs_can_interfaces) StdoutLine: {'line': b'-- Installing: /home/jenter/package/work/install/yhs_can_interfaces/include/yhs_can_interfaces/yhs_can_interfaces/msg/detail/steering_ctrl_cmd__type_support.cpp\n'}
[34.448493] (yhs_can_interfaces) StdoutLine: {'line': b'-- Installing: /home/jenter/package/work/install/yhs_can_interfaces/include/yhs_can_interfaces/yhs_can_interfaces/msg/detail/motor_fb__rosidl_typesupport_introspection_cpp.hpp\n'}
[34.448629] (yhs_can_interfaces) StdoutLine: {'line': b'-- Installing: /home/jenter/package/work/install/yhs_can_interfaces/include/yhs_can_interfaces/yhs_can_interfaces/msg/detail/ctrl_fb__rosidl_typesupport_introspection_cpp.hpp\n'}
[34.448764] (yhs_can_interfaces) StdoutLine: {'line': b'-- Installing: /home/jenter/package/work/install/yhs_can_interfaces/include/yhs_can_interfaces/yhs_can_interfaces/msg/detail/io_fb__rosidl_typesupport_introspection_cpp.hpp\n'}
[34.448901] (yhs_can_interfaces) StdoutLine: {'line': b'-- Installing: /home/jenter/package/work/install/yhs_can_interfaces/include/yhs_can_interfaces/yhs_can_interfaces/msg/detail/rr_wheel_fb__rosidl_typesupport_introspection_cpp.hpp\n'}
[34.449036] (yhs_can_interfaces) StdoutLine: {'line': b'-- Installing: /home/jenter/package/work/install/yhs_can_interfaces/include/yhs_can_interfaces/yhs_can_interfaces/msg/detail/bms_fb__type_support.cpp\n'}
[34.449170] (yhs_can_interfaces) StdoutLine: {'line': b'-- Installing: /home/jenter/package/work/install/yhs_can_interfaces/include/yhs_can_interfaces/yhs_can_interfaces/msg/detail/io_cmd__type_support.cpp\n'}
[34.449323] (yhs_can_interfaces) StdoutLine: {'line': b'-- Installing: /home/jenter/package/work/install/yhs_can_interfaces/include/yhs_can_interfaces/yhs_can_interfaces/msg/detail/error_fb__rosidl_typesupport_introspection_cpp.hpp\n'}
[34.449467] (yhs_can_interfaces) StdoutLine: {'line': b'-- Installing: /home/jenter/package/work/install/yhs_can_interfaces/include/yhs_can_interfaces/yhs_can_interfaces/msg/detail/rear_angle_fb__rosidl_typesupport_introspection_cpp.hpp\n'}
[34.449629] (yhs_can_interfaces) StdoutLine: {'line': b'-- Installing: /home/jenter/package/work/install/yhs_can_interfaces/include/yhs_can_interfaces/yhs_can_interfaces/msg/detail/lf_wheel_fb__rosidl_typesupport_introspection_cpp.hpp\n'}
[34.449873] (yhs_can_interfaces) StdoutLine: {'line': b'-- Installing: /home/jenter/package/work/install/yhs_can_interfaces/include/yhs_can_interfaces/yhs_can_interfaces/msg/detail/chassis_info_fb__rosidl_typesupport_introspection_cpp.hpp\n'}
[34.450023] (yhs_can_interfaces) StdoutLine: {'line': b'-- Installing: /home/jenter/package/work/install/yhs_can_interfaces/include/yhs_can_interfaces/yhs_can_interfaces/msg/detail/steering_motor_current_fb__type_support.cpp\n'}
[34.450197] (yhs_can_interfaces) StdoutLine: {'line': b'-- Installing: /home/jenter/package/work/install/yhs_can_interfaces/include/yhs_can_interfaces/yhs_can_interfaces/msg/detail/motor_cmd__type_support.cpp\n'}
[34.450312] (-) TimerEvent: {}
[34.450559] (yhs_can_interfaces) StdoutLine: {'line': b'-- Installing: /home/jenter/package/work/install/yhs_can_interfaces/include/yhs_can_interfaces/yhs_can_interfaces/msg/detail/steering_motor_current_fb__rosidl_typesupport_introspection_cpp.hpp\n'}
[34.450771] (yhs_can_interfaces) StdoutLine: {'line': b'-- Installing: /home/jenter/package/work/install/yhs_can_interfaces/include/yhs_can_interfaces/yhs_can_interfaces/msg/detail/bms_flag_fb__type_support.cpp\n'}
[34.450971] (yhs_can_interfaces) StdoutLine: {'line': b'-- Installing: /home/jenter/package/work/install/yhs_can_interfaces/include/yhs_can_interfaces/yhs_can_interfaces/msg/detail/chassis_info_fb__type_support.cpp\n'}
[34.451115] (yhs_can_interfaces) StdoutLine: {'line': b'-- Installing: /home/jenter/package/work/install/yhs_can_interfaces/include/yhs_can_interfaces/yhs_can_interfaces/msg/detail/bms_fb__rosidl_typesupport_introspection_cpp.hpp\n'}
[34.451257] (yhs_can_interfaces) StdoutLine: {'line': b'-- Installing: /home/jenter/package/work/install/yhs_can_interfaces/include/yhs_can_interfaces/yhs_can_interfaces/msg/detail/ultrasonic__type_support.cpp\n'}
[34.451376] (yhs_can_interfaces) StdoutLine: {'line': b'-- Installing: /home/jenter/package/work/install/yhs_can_interfaces/include/yhs_can_interfaces/yhs_can_interfaces/msg/detail/lr_wheel_fb__type_support.cpp\n'}
[34.451517] (yhs_can_interfaces) StdoutLine: {'line': b'-- Installing: /home/jenter/package/work/install/yhs_can_interfaces/include/yhs_can_interfaces/yhs_can_interfaces/msg/detail/rr_wheel_fb__type_support.cpp\n'}
[34.451658] (yhs_can_interfaces) StdoutLine: {'line': b'-- Installing: /home/jenter/package/work/install/yhs_can_interfaces/include/yhs_can_interfaces/yhs_can_interfaces/msg/detail/error_fb__type_support.cpp\n'}
[34.451805] (yhs_can_interfaces) StdoutLine: {'line': b'-- Installing: /home/jenter/package/work/install/yhs_can_interfaces/include/yhs_can_interfaces/yhs_can_interfaces/msg/detail/motor_fb__type_support.cpp\n'}
[34.451943] (yhs_can_interfaces) StdoutLine: {'line': b'-- Installing: /home/jenter/package/work/install/yhs_can_interfaces/include/yhs_can_interfaces/yhs_can_interfaces/msg/detail/drive_motor_current_fb__rosidl_typesupport_introspection_cpp.hpp\n'}
[34.452081] (yhs_can_interfaces) StdoutLine: {'line': b'-- Installing: /home/jenter/package/work/install/yhs_can_interfaces/include/yhs_can_interfaces/yhs_can_interfaces/msg/detail/rf_wheel_fb__type_support.cpp\n'}
[34.452216] (yhs_can_interfaces) StdoutLine: {'line': b'-- Installing: /home/jenter/package/work/install/yhs_can_interfaces/include/yhs_can_interfaces/yhs_can_interfaces/msg/detail/bms_flag_fb__rosidl_typesupport_introspection_cpp.hpp\n'}
[34.452355] (yhs_can_interfaces) StdoutLine: {'line': b'-- Installing: /home/jenter/package/work/install/yhs_can_interfaces/include/yhs_can_interfaces/yhs_can_interfaces/msg/detail/ctrl_fb__type_support.cpp\n'}
[34.452512] (yhs_can_interfaces) StdoutLine: {'line': b'-- Installing: /home/jenter/package/work/install/yhs_can_interfaces/include/yhs_can_interfaces/yhs_can_interfaces/msg/detail/steering_ctrl_fb__rosidl_typesupport_introspection_cpp.hpp\n'}
[34.452665] (yhs_can_interfaces) StdoutLine: {'line': b'-- Installing: /home/jenter/package/work/install/yhs_can_interfaces/include/yhs_can_interfaces/yhs_can_interfaces/msg/detail/front_angle_fb__rosidl_typesupport_introspection_cpp.hpp\n'}
[34.452816] (yhs_can_interfaces) StdoutLine: {'line': b'-- Installing: /home/jenter/package/work/install/yhs_can_interfaces/include/yhs_can_interfaces/yhs_can_interfaces/msg/detail/rear_angle_fb__type_support.cpp\n'}
[34.452971] (yhs_can_interfaces) StdoutLine: {'line': b'-- Installing: /home/jenter/package/work/install/yhs_can_interfaces/include/yhs_can_interfaces/yhs_can_interfaces/msg/detail/steering_ctrl_fb__type_support.cpp\n'}
[34.453139] (yhs_can_interfaces) StdoutLine: {'line': b'-- Installing: /home/jenter/package/work/install/yhs_can_interfaces/include/yhs_can_interfaces/yhs_can_interfaces/msg/detail/ctrl_cmd__rosidl_typesupport_introspection_cpp.hpp\n'}
[34.453291] (yhs_can_interfaces) StdoutLine: {'line': b'-- Installing: /home/jenter/package/work/install/yhs_can_interfaces/include/yhs_can_interfaces/yhs_can_interfaces/msg/detail/io_cmd__rosidl_typesupport_introspection_cpp.hpp\n'}
[34.453443] (yhs_can_interfaces) StdoutLine: {'line': b'-- Installing: /home/jenter/package/work/install/yhs_can_interfaces/include/yhs_can_interfaces/yhs_can_interfaces/msg/detail/rf_wheel_fb__rosidl_typesupport_introspection_cpp.hpp\n'}
[34.453596] (yhs_can_interfaces) StdoutLine: {'line': b'-- Installing: /home/jenter/package/work/install/yhs_can_interfaces/include/yhs_can_interfaces/yhs_can_interfaces/msg/detail/lr_wheel_fb__rosidl_typesupport_introspection_cpp.hpp\n'}
[34.453763] (yhs_can_interfaces) StdoutLine: {'line': b'-- Installing: /home/jenter/package/work/install/yhs_can_interfaces/include/yhs_can_interfaces/yhs_can_interfaces/msg/detail/steering_ctrl_cmd__rosidl_typesupport_introspection_cpp.hpp\n'}
[34.453919] (yhs_can_interfaces) StdoutLine: {'line': b'-- Installing: /home/jenter/package/work/install/yhs_can_interfaces/include/yhs_can_interfaces/yhs_can_interfaces/msg/detail/ctrl_cmd__type_support.cpp\n'}
[34.454077] (yhs_can_interfaces) StdoutLine: {'line': b'-- Installing: /home/jenter/package/work/install/yhs_can_interfaces/include/yhs_can_interfaces/yhs_can_interfaces/msg/detail/io_fb__type_support.cpp\n'}
[34.454287] (yhs_can_interfaces) StdoutLine: {'line': b'-- Installing: /home/jenter/package/work/install/yhs_can_interfaces/include/yhs_can_interfaces/yhs_can_interfaces/msg/detail/drive_motor_current_fb__type_support.cpp\n'}
[34.454453] (yhs_can_interfaces) StdoutLine: {'line': b'-- Installing: /home/jenter/package/work/install/yhs_can_interfaces/include/yhs_can_interfaces/yhs_can_interfaces/msg/detail/motor_cmd__rosidl_typesupport_introspection_cpp.hpp\n'}
[34.454771] (yhs_can_interfaces) StdoutLine: {'line': b'-- Installing: /home/jenter/package/work/install/yhs_can_interfaces/lib/libyhs_can_interfaces__rosidl_typesupport_introspection_cpp.so\n'}
[34.455543] (yhs_can_interfaces) StdoutLine: {'line': b'-- Set runtime path of "/home/jenter/package/work/install/yhs_can_interfaces/lib/libyhs_can_interfaces__rosidl_typesupport_introspection_cpp.so" to ""\n'}
[34.455720] (yhs_can_interfaces) StdoutLine: {'line': b'-- Installing: /home/jenter/package/work/install/yhs_can_interfaces/lib/libyhs_can_interfaces__rosidl_typesupport_cpp.so\n'}
[34.456219] (yhs_can_interfaces) StdoutLine: {'line': b'-- Set runtime path of "/home/jenter/package/work/install/yhs_can_interfaces/lib/libyhs_can_interfaces__rosidl_typesupport_cpp.so" to ""\n'}
[34.456377] (yhs_can_interfaces) StdoutLine: {'line': b'-- Installing: /home/jenter/package/work/install/yhs_can_interfaces/share/yhs_can_interfaces/environment/pythonpath.sh\n'}
[34.456537] (yhs_can_interfaces) StdoutLine: {'line': b'-- Installing: /home/jenter/package/work/install/yhs_can_interfaces/share/yhs_can_interfaces/environment/pythonpath.dsv\n'}
[34.456769] (yhs_can_interfaces) StdoutLine: {'line': b'-- Installing: /home/jenter/package/work/install/yhs_can_interfaces/local/lib/python3.10/dist-packages/yhs_can_interfaces-0.0.0-py3.10.egg-info\n'}
[34.456981] (yhs_can_interfaces) StdoutLine: {'line': b'-- Installing: /home/jenter/package/work/install/yhs_can_interfaces/local/lib/python3.10/dist-packages/yhs_can_interfaces-0.0.0-py3.10.egg-info/dependency_links.txt\n'}
[34.457137] (yhs_can_interfaces) StdoutLine: {'line': b'-- Installing: /home/jenter/package/work/install/yhs_can_interfaces/local/lib/python3.10/dist-packages/yhs_can_interfaces-0.0.0-py3.10.egg-info/SOURCES.txt\n'}
[34.457280] (yhs_can_interfaces) StdoutLine: {'line': b'-- Installing: /home/jenter/package/work/install/yhs_can_interfaces/local/lib/python3.10/dist-packages/yhs_can_interfaces-0.0.0-py3.10.egg-info/top_level.txt\n'}
[34.457426] (yhs_can_interfaces) StdoutLine: {'line': b'-- Installing: /home/jenter/package/work/install/yhs_can_interfaces/local/lib/python3.10/dist-packages/yhs_can_interfaces-0.0.0-py3.10.egg-info/PKG-INFO\n'}
[34.457769] (yhs_can_interfaces) StdoutLine: {'line': b'-- Installing: /home/jenter/package/work/install/yhs_can_interfaces/local/lib/python3.10/dist-packages/yhs_can_interfaces\n'}
[34.457927] (yhs_can_interfaces) StdoutLine: {'line': b'-- Installing: /home/jenter/package/work/install/yhs_can_interfaces/local/lib/python3.10/dist-packages/yhs_can_interfaces/libyhs_can_interfaces__rosidl_generator_py.so\n'}
[34.458320] (yhs_can_interfaces) StdoutLine: {'line': b'-- Installing: /home/jenter/package/work/install/yhs_can_interfaces/local/lib/python3.10/dist-packages/yhs_can_interfaces/yhs_can_interfaces_s__rosidl_typesupport_introspection_c.cpython-310-x86_64-linux-gnu.so\n'}
[34.458570] (yhs_can_interfaces) StdoutLine: {'line': b'-- Installing: /home/jenter/package/work/install/yhs_can_interfaces/local/lib/python3.10/dist-packages/yhs_can_interfaces/msg\n'}
[34.458721] (yhs_can_interfaces) StdoutLine: {'line': b'-- Installing: /home/jenter/package/work/install/yhs_can_interfaces/local/lib/python3.10/dist-packages/yhs_can_interfaces/msg/_lr_wheel_fb.py\n'}
[34.458869] (yhs_can_interfaces) StdoutLine: {'line': b'-- Installing: /home/jenter/package/work/install/yhs_can_interfaces/local/lib/python3.10/dist-packages/yhs_can_interfaces/msg/_chassis_info_fb.py\n'}
[34.459054] (yhs_can_interfaces) StdoutLine: {'line': b'-- Installing: /home/jenter/package/work/install/yhs_can_interfaces/local/lib/python3.10/dist-packages/yhs_can_interfaces/msg/_ultrasonic_s.c\n'}
[34.459206] (yhs_can_interfaces) StdoutLine: {'line': b'-- Installing: /home/jenter/package/work/install/yhs_can_interfaces/local/lib/python3.10/dist-packages/yhs_can_interfaces/msg/_steering_motor_current_fb.py\n'}
[34.459366] (yhs_can_interfaces) StdoutLine: {'line': b'-- Installing: /home/jenter/package/work/install/yhs_can_interfaces/local/lib/python3.10/dist-packages/yhs_can_interfaces/msg/_bms_fb_s.c\n'}
[34.459520] (yhs_can_interfaces) StdoutLine: {'line': b'-- Installing: /home/jenter/package/work/install/yhs_can_interfaces/local/lib/python3.10/dist-packages/yhs_can_interfaces/msg/_io_cmd.py\n'}
[34.459678] (yhs_can_interfaces) StdoutLine: {'line': b'-- Installing: /home/jenter/package/work/install/yhs_can_interfaces/local/lib/python3.10/dist-packages/yhs_can_interfaces/msg/_rr_wheel_fb_s.c\n'}
[34.459819] (yhs_can_interfaces) StdoutLine: {'line': b'-- Installing: /home/jenter/package/work/install/yhs_can_interfaces/local/lib/python3.10/dist-packages/yhs_can_interfaces/msg/_motor_cmd_s.c\n'}
[34.459964] (yhs_can_interfaces) StdoutLine: {'line': b'-- Installing: /home/jenter/package/work/install/yhs_can_interfaces/local/lib/python3.10/dist-packages/yhs_can_interfaces/msg/_error_fb.py\n'}
[34.460107] (yhs_can_interfaces) StdoutLine: {'line': b'-- Installing: /home/jenter/package/work/install/yhs_can_interfaces/local/lib/python3.10/dist-packages/yhs_can_interfaces/msg/_lf_wheel_fb_s.c\n'}
[34.460253] (yhs_can_interfaces) StdoutLine: {'line': b'-- Installing: /home/jenter/package/work/install/yhs_can_interfaces/local/lib/python3.10/dist-packages/yhs_can_interfaces/msg/_chassis_info_fb_s.c\n'}
[34.460414] (yhs_can_interfaces) StdoutLine: {'line': b'-- Installing: /home/jenter/package/work/install/yhs_can_interfaces/local/lib/python3.10/dist-packages/yhs_can_interfaces/msg/_front_angle_fb.py\n'}
[34.460558] (yhs_can_interfaces) StdoutLine: {'line': b'-- Installing: /home/jenter/package/work/install/yhs_can_interfaces/local/lib/python3.10/dist-packages/yhs_can_interfaces/msg/_rear_angle_fb.py\n'}
[34.460710] (yhs_can_interfaces) StdoutLine: {'line': b'-- Installing: /home/jenter/package/work/install/yhs_can_interfaces/local/lib/python3.10/dist-packages/yhs_can_interfaces/msg/_rf_wheel_fb_s.c\n'}
[34.460850] (yhs_can_interfaces) StdoutLine: {'line': b'-- Installing: /home/jenter/package/work/install/yhs_can_interfaces/local/lib/python3.10/dist-packages/yhs_can_interfaces/msg/_front_angle_fb_s.c\n'}
[34.460990] (yhs_can_interfaces) StdoutLine: {'line': b'-- Installing: /home/jenter/package/work/install/yhs_can_interfaces/local/lib/python3.10/dist-packages/yhs_can_interfaces/msg/_steering_ctrl_cmd_s.c\n'}
[34.461129] (yhs_can_interfaces) StdoutLine: {'line': b'-- Installing: /home/jenter/package/work/install/yhs_can_interfaces/local/lib/python3.10/dist-packages/yhs_can_interfaces/msg/_io_fb.py\n'}
[34.461300] (yhs_can_interfaces) StdoutLine: {'line': b'-- Installing: /home/jenter/package/work/install/yhs_can_interfaces/local/lib/python3.10/dist-packages/yhs_can_interfaces/msg/_ctrl_cmd.py\n'}
[34.461445] (yhs_can_interfaces) StdoutLine: {'line': b'-- Installing: /home/jenter/package/work/install/yhs_can_interfaces/local/lib/python3.10/dist-packages/yhs_can_interfaces/msg/__init__.py\n'}
[34.461581] (yhs_can_interfaces) StdoutLine: {'line': b'-- Installing: /home/jenter/package/work/install/yhs_can_interfaces/local/lib/python3.10/dist-packages/yhs_can_interfaces/msg/_lf_wheel_fb.py\n'}
[34.461745] (yhs_can_interfaces) StdoutLine: {'line': b'-- Installing: /home/jenter/package/work/install/yhs_can_interfaces/local/lib/python3.10/dist-packages/yhs_can_interfaces/msg/_ctrl_cmd_s.c\n'}
[34.461899] (yhs_can_interfaces) StdoutLine: {'line': b'-- Installing: /home/jenter/package/work/install/yhs_can_interfaces/local/lib/python3.10/dist-packages/yhs_can_interfaces/msg/_rear_angle_fb_s.c\n'}
[34.462044] (yhs_can_interfaces) StdoutLine: {'line': b'-- Installing: /home/jenter/package/work/install/yhs_can_interfaces/local/lib/python3.10/dist-packages/yhs_can_interfaces/msg/_steering_ctrl_fb.py\n'}
[34.462199] (yhs_can_interfaces) StdoutLine: {'line': b'-- Installing: /home/jenter/package/work/install/yhs_can_interfaces/local/lib/python3.10/dist-packages/yhs_can_interfaces/msg/_io_fb_s.c\n'}
[34.462379] (yhs_can_interfaces) StdoutLine: {'line': b'-- Installing: /home/jenter/package/work/install/yhs_can_interfaces/local/lib/python3.10/dist-packages/yhs_can_interfaces/msg/_io_cmd_s.c\n'}
[34.462552] (yhs_can_interfaces) StdoutLine: {'line': b'-- Installing: /home/jenter/package/work/install/yhs_can_interfaces/local/lib/python3.10/dist-packages/yhs_can_interfaces/msg/_bms_fb.py\n'}
[34.462705] (yhs_can_interfaces) StdoutLine: {'line': b'-- Installing: /home/jenter/package/work/install/yhs_can_interfaces/local/lib/python3.10/dist-packages/yhs_can_interfaces/msg/_rf_wheel_fb.py\n'}
[34.462859] (yhs_can_interfaces) StdoutLine: {'line': b'-- Installing: /home/jenter/package/work/install/yhs_can_interfaces/local/lib/python3.10/dist-packages/yhs_can_interfaces/msg/_motor_fb_s.c\n'}
[34.463012] (yhs_can_interfaces) StdoutLine: {'line': b'-- Installing: /home/jenter/package/work/install/yhs_can_interfaces/local/lib/python3.10/dist-packages/yhs_can_interfaces/msg/_ultrasonic.py\n'}
[34.463174] (yhs_can_interfaces) StdoutLine: {'line': b'-- Installing: /home/jenter/package/work/install/yhs_can_interfaces/local/lib/python3.10/dist-packages/yhs_can_interfaces/msg/_bms_flag_fb_s.c\n'}
[34.463345] (yhs_can_interfaces) StdoutLine: {'line': b'-- Installing: /home/jenter/package/work/install/yhs_can_interfaces/local/lib/python3.10/dist-packages/yhs_can_interfaces/msg/_bms_flag_fb.py\n'}
[34.463523] (yhs_can_interfaces) StdoutLine: {'line': b'-- Installing: /home/jenter/package/work/install/yhs_can_interfaces/local/lib/python3.10/dist-packages/yhs_can_interfaces/msg/_lr_wheel_fb_s.c\n'}
[34.463669] (yhs_can_interfaces) StdoutLine: {'line': b'-- Installing: /home/jenter/package/work/install/yhs_can_interfaces/local/lib/python3.10/dist-packages/yhs_can_interfaces/msg/_drive_motor_current_fb_s.c\n'}
[34.463823] (yhs_can_interfaces) StdoutLine: {'line': b'-- Installing: /home/jenter/package/work/install/yhs_can_interfaces/local/lib/python3.10/dist-packages/yhs_can_interfaces/msg/_ctrl_fb.py\n'}
[34.463975] (yhs_can_interfaces) StdoutLine: {'line': b'-- Installing: /home/jenter/package/work/install/yhs_can_interfaces/local/lib/python3.10/dist-packages/yhs_can_interfaces/msg/_steering_motor_current_fb_s.c\n'}
[34.464129] (yhs_can_interfaces) StdoutLine: {'line': b'-- Installing: /home/jenter/package/work/install/yhs_can_interfaces/local/lib/python3.10/dist-packages/yhs_can_interfaces/msg/_error_fb_s.c\n'}
[34.464280] (yhs_can_interfaces) StdoutLine: {'line': b'-- Installing: /home/jenter/package/work/install/yhs_can_interfaces/local/lib/python3.10/dist-packages/yhs_can_interfaces/msg/_steering_ctrl_fb_s.c\n'}
[34.464434] (yhs_can_interfaces) StdoutLine: {'line': b'-- Installing: /home/jenter/package/work/install/yhs_can_interfaces/local/lib/python3.10/dist-packages/yhs_can_interfaces/msg/_drive_motor_current_fb.py\n'}
[34.464608] (yhs_can_interfaces) StdoutLine: {'line': b'-- Installing: /home/jenter/package/work/install/yhs_can_interfaces/local/lib/python3.10/dist-packages/yhs_can_interfaces/msg/_motor_cmd.py\n'}
[34.464772] (yhs_can_interfaces) StdoutLine: {'line': b'-- Installing: /home/jenter/package/work/install/yhs_can_interfaces/local/lib/python3.10/dist-packages/yhs_can_interfaces/msg/_motor_fb.py\n'}
[34.464935] (yhs_can_interfaces) StdoutLine: {'line': b'-- Installing: /home/jenter/package/work/install/yhs_can_interfaces/local/lib/python3.10/dist-packages/yhs_can_interfaces/msg/_steering_ctrl_cmd.py\n'}
[34.465090] (yhs_can_interfaces) StdoutLine: {'line': b'-- Installing: /home/jenter/package/work/install/yhs_can_interfaces/local/lib/python3.10/dist-packages/yhs_can_interfaces/msg/_rr_wheel_fb.py\n'}
[34.465254] (yhs_can_interfaces) StdoutLine: {'line': b'-- Installing: /home/jenter/package/work/install/yhs_can_interfaces/local/lib/python3.10/dist-packages/yhs_can_interfaces/msg/_ctrl_fb_s.c\n'}
[34.465405] (yhs_can_interfaces) StdoutLine: {'line': b'-- Installing: /home/jenter/package/work/install/yhs_can_interfaces/local/lib/python3.10/dist-packages/yhs_can_interfaces/yhs_can_interfaces_s__rosidl_typesupport_c.cpython-310-x86_64-linux-gnu.so\n'}
[34.465779] (yhs_can_interfaces) StdoutLine: {'line': b'-- Installing: /home/jenter/package/work/install/yhs_can_interfaces/local/lib/python3.10/dist-packages/yhs_can_interfaces/__init__.py\n'}
[34.465936] (yhs_can_interfaces) StdoutLine: {'line': b'-- Installing: /home/jenter/package/work/install/yhs_can_interfaces/local/lib/python3.10/dist-packages/yhs_can_interfaces/_yhs_can_interfaces_s.ep.rosidl_typesupport_introspection_c.c\n'}
[34.466247] (yhs_can_interfaces) StdoutLine: {'line': b'-- Installing: /home/jenter/package/work/install/yhs_can_interfaces/local/lib/python3.10/dist-packages/yhs_can_interfaces/_yhs_can_interfaces_s.ep.rosidl_typesupport_fastrtps_c.c\n'}
[34.466598] (yhs_can_interfaces) StdoutLine: {'line': b'-- Installing: /home/jenter/package/work/install/yhs_can_interfaces/local/lib/python3.10/dist-packages/yhs_can_interfaces/_yhs_can_interfaces_s.ep.rosidl_typesupport_c.c\n'}
[34.466925] (yhs_can_interfaces) StdoutLine: {'line': b'-- Installing: /home/jenter/package/work/install/yhs_can_interfaces/local/lib/python3.10/dist-packages/yhs_can_interfaces/yhs_can_interfaces_s__rosidl_typesupport_fastrtps_c.cpython-310-x86_64-linux-gnu.so\n'}
[34.550470] (-) TimerEvent: {}
[34.555624] (yhs_can_interfaces) StdoutLine: {'line': b"Listing '/home/jenter/package/work/install/yhs_can_interfaces/local/lib/python3.10/dist-packages/yhs_can_interfaces'...\n"}
[34.555889] (yhs_can_interfaces) StdoutLine: {'line': b"Compiling '/home/jenter/package/work/install/yhs_can_interfaces/local/lib/python3.10/dist-packages/yhs_can_interfaces/__init__.py'...\n"}
[34.556006] (yhs_can_interfaces) StdoutLine: {'line': b"Listing '/home/jenter/package/work/install/yhs_can_interfaces/local/lib/python3.10/dist-packages/yhs_can_interfaces/msg'...\n"}
[34.556103] (yhs_can_interfaces) StdoutLine: {'line': b"Compiling '/home/jenter/package/work/install/yhs_can_interfaces/local/lib/python3.10/dist-packages/yhs_can_interfaces/msg/__init__.py'...\n"}
[34.556196] (yhs_can_interfaces) StdoutLine: {'line': b"Compiling '/home/jenter/package/work/install/yhs_can_interfaces/local/lib/python3.10/dist-packages/yhs_can_interfaces/msg/_bms_fb.py'...\n"}
[34.556287] (yhs_can_interfaces) StdoutLine: {'line': b"Compiling '/home/jenter/package/work/install/yhs_can_interfaces/local/lib/python3.10/dist-packages/yhs_can_interfaces/msg/_bms_flag_fb.py'...\n"}
[34.556378] (yhs_can_interfaces) StdoutLine: {'line': b"Compiling '/home/jenter/package/work/install/yhs_can_interfaces/local/lib/python3.10/dist-packages/yhs_can_interfaces/msg/_chassis_info_fb.py'...\n"}
[34.556468] (yhs_can_interfaces) StdoutLine: {'line': b"Compiling '/home/jenter/package/work/install/yhs_can_interfaces/local/lib/python3.10/dist-packages/yhs_can_interfaces/msg/_ctrl_cmd.py'...\n"}
[34.556557] (yhs_can_interfaces) StdoutLine: {'line': b"Compiling '/home/jenter/package/work/install/yhs_can_interfaces/local/lib/python3.10/dist-packages/yhs_can_interfaces/msg/_ctrl_fb.py'...\n"}
[34.556645] (yhs_can_interfaces) StdoutLine: {'line': b"Compiling '/home/jenter/package/work/install/yhs_can_interfaces/local/lib/python3.10/dist-packages/yhs_can_interfaces/msg/_drive_motor_current_fb.py'...\n"}
[34.556738] (yhs_can_interfaces) StdoutLine: {'line': b"Compiling '/home/jenter/package/work/install/yhs_can_interfaces/local/lib/python3.10/dist-packages/yhs_can_interfaces/msg/_error_fb.py'...\n"}
[34.556832] (yhs_can_interfaces) StdoutLine: {'line': b"Compiling '/home/jenter/package/work/install/yhs_can_interfaces/local/lib/python3.10/dist-packages/yhs_can_interfaces/msg/_front_angle_fb.py'...\n"}
[34.556927] (yhs_can_interfaces) StdoutLine: {'line': b"Compiling '/home/jenter/package/work/install/yhs_can_interfaces/local/lib/python3.10/dist-packages/yhs_can_interfaces/msg/_io_cmd.py'...\n"}
[34.557023] (yhs_can_interfaces) StdoutLine: {'line': b"Compiling '/home/jenter/package/work/install/yhs_can_interfaces/local/lib/python3.10/dist-packages/yhs_can_interfaces/msg/_io_fb.py'...\n"}
[34.557115] (yhs_can_interfaces) StdoutLine: {'line': b"Compiling '/home/jenter/package/work/install/yhs_can_interfaces/local/lib/python3.10/dist-packages/yhs_can_interfaces/msg/_lf_wheel_fb.py'...\n"}
[34.557209] (yhs_can_interfaces) StdoutLine: {'line': b"Compiling '/home/jenter/package/work/install/yhs_can_interfaces/local/lib/python3.10/dist-packages/yhs_can_interfaces/msg/_lr_wheel_fb.py'...\n"}
[34.557304] (yhs_can_interfaces) StdoutLine: {'line': b"Compiling '/home/jenter/package/work/install/yhs_can_interfaces/local/lib/python3.10/dist-packages/yhs_can_interfaces/msg/_motor_cmd.py'...\n"}
[34.557400] (yhs_can_interfaces) StdoutLine: {'line': b"Compiling '/home/jenter/package/work/install/yhs_can_interfaces/local/lib/python3.10/dist-packages/yhs_can_interfaces/msg/_motor_fb.py'...\n"}
[34.557497] (yhs_can_interfaces) StdoutLine: {'line': b"Compiling '/home/jenter/package/work/install/yhs_can_interfaces/local/lib/python3.10/dist-packages/yhs_can_interfaces/msg/_rear_angle_fb.py'...\n"}
[34.557594] (yhs_can_interfaces) StdoutLine: {'line': b"Compiling '/home/jenter/package/work/install/yhs_can_interfaces/local/lib/python3.10/dist-packages/yhs_can_interfaces/msg/_rf_wheel_fb.py'...\n"}
[34.557740] (yhs_can_interfaces) StdoutLine: {'line': b"Compiling '/home/jenter/package/work/install/yhs_can_interfaces/local/lib/python3.10/dist-packages/yhs_can_interfaces/msg/_rr_wheel_fb.py'...\n"}
[34.557856] (yhs_can_interfaces) StdoutLine: {'line': b"Compiling '/home/jenter/package/work/install/yhs_can_interfaces/local/lib/python3.10/dist-packages/yhs_can_interfaces/msg/_steering_ctrl_cmd.py'...\n"}
[34.557954] (yhs_can_interfaces) StdoutLine: {'line': b"Compiling '/home/jenter/package/work/install/yhs_can_interfaces/local/lib/python3.10/dist-packages/yhs_can_interfaces/msg/_steering_ctrl_fb.py'...\n"}
[34.558051] (yhs_can_interfaces) StdoutLine: {'line': b"Compiling '/home/jenter/package/work/install/yhs_can_interfaces/local/lib/python3.10/dist-packages/yhs_can_interfaces/msg/_steering_motor_current_fb.py'...\n"}
[34.558147] (yhs_can_interfaces) StdoutLine: {'line': b"Compiling '/home/jenter/package/work/install/yhs_can_interfaces/local/lib/python3.10/dist-packages/yhs_can_interfaces/msg/_ultrasonic.py'...\n"}
[34.563753] (yhs_can_interfaces) StdoutLine: {'line': b'-- Installing: /home/jenter/package/work/install/yhs_can_interfaces/local/lib/python3.10/dist-packages/yhs_can_interfaces/yhs_can_interfaces_s__rosidl_typesupport_fastrtps_c.cpython-310-x86_64-linux-gnu.so\n'}
[34.564299] (yhs_can_interfaces) StdoutLine: {'line': b'-- Set runtime path of "/home/jenter/package/work/install/yhs_can_interfaces/local/lib/python3.10/dist-packages/yhs_can_interfaces/yhs_can_interfaces_s__rosidl_typesupport_fastrtps_c.cpython-310-x86_64-linux-gnu.so" to ""\n'}
[34.564539] (yhs_can_interfaces) StdoutLine: {'line': b'-- Installing: /home/jenter/package/work/install/yhs_can_interfaces/local/lib/python3.10/dist-packages/yhs_can_interfaces/yhs_can_interfaces_s__rosidl_typesupport_introspection_c.cpython-310-x86_64-linux-gnu.so\n'}
[34.565079] (yhs_can_interfaces) StdoutLine: {'line': b'-- Set runtime path of "/home/jenter/package/work/install/yhs_can_interfaces/local/lib/python3.10/dist-packages/yhs_can_interfaces/yhs_can_interfaces_s__rosidl_typesupport_introspection_c.cpython-310-x86_64-linux-gnu.so" to ""\n'}
[34.565312] (yhs_can_interfaces) StdoutLine: {'line': b'-- Installing: /home/jenter/package/work/install/yhs_can_interfaces/local/lib/python3.10/dist-packages/yhs_can_interfaces/yhs_can_interfaces_s__rosidl_typesupport_c.cpython-310-x86_64-linux-gnu.so\n'}
[34.565898] (yhs_can_interfaces) StdoutLine: {'line': b'-- Set runtime path of "/home/jenter/package/work/install/yhs_can_interfaces/local/lib/python3.10/dist-packages/yhs_can_interfaces/yhs_can_interfaces_s__rosidl_typesupport_c.cpython-310-x86_64-linux-gnu.so" to ""\n'}
[34.566090] (yhs_can_interfaces) StdoutLine: {'line': b'-- Installing: /home/jenter/package/work/install/yhs_can_interfaces/lib/libyhs_can_interfaces__rosidl_generator_py.so\n'}
[34.566710] (yhs_can_interfaces) StdoutLine: {'line': b'-- Set runtime path of "/home/jenter/package/work/install/yhs_can_interfaces/lib/libyhs_can_interfaces__rosidl_generator_py.so" to ""\n'}
[34.566999] (yhs_can_interfaces) StdoutLine: {'line': b'-- Installing: /home/jenter/package/work/install/yhs_can_interfaces/share/yhs_can_interfaces/msg/BmsFlagFb.idl\n'}
[34.567155] (yhs_can_interfaces) StdoutLine: {'line': b'-- Installing: /home/jenter/package/work/install/yhs_can_interfaces/share/yhs_can_interfaces/msg/BmsFb.idl\n'}
[34.567306] (yhs_can_interfaces) StdoutLine: {'line': b'-- Installing: /home/jenter/package/work/install/yhs_can_interfaces/share/yhs_can_interfaces/msg/ChassisInfoFb.idl\n'}
[34.567514] (yhs_can_interfaces) StdoutLine: {'line': b'-- Installing: /home/jenter/package/work/install/yhs_can_interfaces/share/yhs_can_interfaces/msg/CtrlCmd.idl\n'}
[34.567692] (yhs_can_interfaces) StdoutLine: {'line': b'-- Installing: /home/jenter/package/work/install/yhs_can_interfaces/share/yhs_can_interfaces/msg/CtrlFb.idl\n'}
[34.567840] (yhs_can_interfaces) StdoutLine: {'line': b'-- Installing: /home/jenter/package/work/install/yhs_can_interfaces/share/yhs_can_interfaces/msg/SteeringCtrlCmd.idl\n'}
[34.567979] (yhs_can_interfaces) StdoutLine: {'line': b'-- Installing: /home/jenter/package/work/install/yhs_can_interfaces/share/yhs_can_interfaces/msg/SteeringCtrlFb.idl\n'}
[34.568172] (yhs_can_interfaces) StdoutLine: {'line': b'-- Installing: /home/jenter/package/work/install/yhs_can_interfaces/share/yhs_can_interfaces/msg/FrontAngleFb.idl\n'}
[34.568383] (yhs_can_interfaces) StdoutLine: {'line': b'-- Installing: /home/jenter/package/work/install/yhs_can_interfaces/share/yhs_can_interfaces/msg/IoCmd.idl\n'}
[34.568583] (yhs_can_interfaces) StdoutLine: {'line': b'-- Installing: /home/jenter/package/work/install/yhs_can_interfaces/share/yhs_can_interfaces/msg/IoFb.idl\n'}
[34.568800] (yhs_can_interfaces) StdoutLine: {'line': b'-- Installing: /home/jenter/package/work/install/yhs_can_interfaces/share/yhs_can_interfaces/msg/LrWheelFb.idl\n'}
[34.569001] (yhs_can_interfaces) StdoutLine: {'line': b'-- Installing: /home/jenter/package/work/install/yhs_can_interfaces/share/yhs_can_interfaces/msg/RrWheelFb.idl\n'}
[34.569211] (yhs_can_interfaces) StdoutLine: {'line': b'-- Installing: /home/jenter/package/work/install/yhs_can_interfaces/share/yhs_can_interfaces/msg/LfWheelFb.idl\n'}
[34.569407] (yhs_can_interfaces) StdoutLine: {'line': b'-- Installing: /home/jenter/package/work/install/yhs_can_interfaces/share/yhs_can_interfaces/msg/RfWheelFb.idl\n'}
[34.569630] (yhs_can_interfaces) StdoutLine: {'line': b'-- Installing: /home/jenter/package/work/install/yhs_can_interfaces/share/yhs_can_interfaces/msg/RearAngleFb.idl\n'}
[34.569853] (yhs_can_interfaces) StdoutLine: {'line': b'-- Installing: /home/jenter/package/work/install/yhs_can_interfaces/share/yhs_can_interfaces/msg/Ultrasonic.idl\n'}
[34.570076] (yhs_can_interfaces) StdoutLine: {'line': b'-- Installing: /home/jenter/package/work/install/yhs_can_interfaces/share/yhs_can_interfaces/msg/ErrorFb.idl\n'}
[34.570287] (yhs_can_interfaces) StdoutLine: {'line': b'-- Installing: /home/jenter/package/work/install/yhs_can_interfaces/share/yhs_can_interfaces/msg/MotorCmd.idl\n'}
[34.570509] (yhs_can_interfaces) StdoutLine: {'line': b'-- Installing: /home/jenter/package/work/install/yhs_can_interfaces/share/yhs_can_interfaces/msg/MotorFb.idl\n'}
[34.570717] (yhs_can_interfaces) StdoutLine: {'line': b'-- Installing: /home/jenter/package/work/install/yhs_can_interfaces/share/yhs_can_interfaces/msg/DriveMotorCurrentFb.idl\n'}
[34.570952] (yhs_can_interfaces) StdoutLine: {'line': b'-- Installing: /home/jenter/package/work/install/yhs_can_interfaces/share/yhs_can_interfaces/msg/SteeringMotorCurrentFb.idl\n'}
[34.571162] (yhs_can_interfaces) StdoutLine: {'line': b'-- Installing: /home/jenter/package/work/install/yhs_can_interfaces/share/yhs_can_interfaces/msg/BmsFlagFb.msg\n'}
[34.571382] (yhs_can_interfaces) StdoutLine: {'line': b'-- Installing: /home/jenter/package/work/install/yhs_can_interfaces/share/yhs_can_interfaces/msg/BmsFb.msg\n'}
[34.571591] (yhs_can_interfaces) StdoutLine: {'line': b'-- Installing: /home/jenter/package/work/install/yhs_can_interfaces/share/yhs_can_interfaces/msg/ChassisInfoFb.msg\n'}
[34.571814] (yhs_can_interfaces) StdoutLine: {'line': b'-- Installing: /home/jenter/package/work/install/yhs_can_interfaces/share/yhs_can_interfaces/msg/CtrlCmd.msg\n'}
[34.572021] (yhs_can_interfaces) StdoutLine: {'line': b'-- Installing: /home/jenter/package/work/install/yhs_can_interfaces/share/yhs_can_interfaces/msg/CtrlFb.msg\n'}
[34.572243] (yhs_can_interfaces) StdoutLine: {'line': b'-- Installing: /home/jenter/package/work/install/yhs_can_interfaces/share/yhs_can_interfaces/msg/SteeringCtrlCmd.msg\n'}
[34.572449] (yhs_can_interfaces) StdoutLine: {'line': b'-- Installing: /home/jenter/package/work/install/yhs_can_interfaces/share/yhs_can_interfaces/msg/SteeringCtrlFb.msg\n'}
[34.572669] (yhs_can_interfaces) StdoutLine: {'line': b'-- Installing: /home/jenter/package/work/install/yhs_can_interfaces/share/yhs_can_interfaces/msg/FrontAngleFb.msg\n'}
[34.572879] (yhs_can_interfaces) StdoutLine: {'line': b'-- Installing: /home/jenter/package/work/install/yhs_can_interfaces/share/yhs_can_interfaces/msg/IoCmd.msg\n'}
[34.573101] (yhs_can_interfaces) StdoutLine: {'line': b'-- Installing: /home/jenter/package/work/install/yhs_can_interfaces/share/yhs_can_interfaces/msg/IoFb.msg\n'}
[34.573317] (yhs_can_interfaces) StdoutLine: {'line': b'-- Installing: /home/jenter/package/work/install/yhs_can_interfaces/share/yhs_can_interfaces/msg/LrWheelFb.msg\n'}
[34.573542] (yhs_can_interfaces) StdoutLine: {'line': b'-- Installing: /home/jenter/package/work/install/yhs_can_interfaces/share/yhs_can_interfaces/msg/RrWheelFb.msg\n'}
[34.573768] (yhs_can_interfaces) StdoutLine: {'line': b'-- Installing: /home/jenter/package/work/install/yhs_can_interfaces/share/yhs_can_interfaces/msg/LfWheelFb.msg\n'}
[34.573999] (yhs_can_interfaces) StdoutLine: {'line': b'-- Installing: /home/jenter/package/work/install/yhs_can_interfaces/share/yhs_can_interfaces/msg/RfWheelFb.msg\n'}
[34.574214] (yhs_can_interfaces) StdoutLine: {'line': b'-- Installing: /home/jenter/package/work/install/yhs_can_interfaces/share/yhs_can_interfaces/msg/RearAngleFb.msg\n'}
[34.574436] (yhs_can_interfaces) StdoutLine: {'line': b'-- Installing: /home/jenter/package/work/install/yhs_can_interfaces/share/yhs_can_interfaces/msg/Ultrasonic.msg\n'}
[34.574644] (yhs_can_interfaces) StdoutLine: {'line': b'-- Installing: /home/jenter/package/work/install/yhs_can_interfaces/share/yhs_can_interfaces/msg/ErrorFb.msg\n'}
[34.574867] (yhs_can_interfaces) StdoutLine: {'line': b'-- Installing: /home/jenter/package/work/install/yhs_can_interfaces/share/yhs_can_interfaces/msg/MotorCmd.msg\n'}
[34.575077] (yhs_can_interfaces) StdoutLine: {'line': b'-- Installing: /home/jenter/package/work/install/yhs_can_interfaces/share/yhs_can_interfaces/msg/MotorFb.msg\n'}
[34.575298] (yhs_can_interfaces) StdoutLine: {'line': b'-- Installing: /home/jenter/package/work/install/yhs_can_interfaces/share/yhs_can_interfaces/msg/DriveMotorCurrentFb.msg\n'}
[34.575511] (yhs_can_interfaces) StdoutLine: {'line': b'-- Installing: /home/jenter/package/work/install/yhs_can_interfaces/share/yhs_can_interfaces/msg/SteeringMotorCurrentFb.msg\n'}
[34.575814] (yhs_can_interfaces) StdoutLine: {'line': b'-- Installing: /home/jenter/package/work/install/yhs_can_interfaces/share/ament_index/resource_index/package_run_dependencies/yhs_can_interfaces\n'}
[34.576087] (yhs_can_interfaces) StdoutLine: {'line': b'-- Installing: /home/jenter/package/work/install/yhs_can_interfaces/share/ament_index/resource_index/parent_prefix_path/yhs_can_interfaces\n'}
[34.576325] (yhs_can_interfaces) StdoutLine: {'line': b'-- Installing: /home/jenter/package/work/install/yhs_can_interfaces/share/yhs_can_interfaces/environment/ament_prefix_path.sh\n'}
[34.576549] (yhs_can_interfaces) StdoutLine: {'line': b'-- Installing: /home/jenter/package/work/install/yhs_can_interfaces/share/yhs_can_interfaces/environment/ament_prefix_path.dsv\n'}
[34.576776] (yhs_can_interfaces) StdoutLine: {'line': b'-- Installing: /home/jenter/package/work/install/yhs_can_interfaces/share/yhs_can_interfaces/environment/path.sh\n'}
[34.576990] (yhs_can_interfaces) StdoutLine: {'line': b'-- Installing: /home/jenter/package/work/install/yhs_can_interfaces/share/yhs_can_interfaces/environment/path.dsv\n'}
[34.577223] (yhs_can_interfaces) StdoutLine: {'line': b'-- Installing: /home/jenter/package/work/install/yhs_can_interfaces/share/yhs_can_interfaces/local_setup.bash\n'}
[34.577437] (yhs_can_interfaces) StdoutLine: {'line': b'-- Installing: /home/jenter/package/work/install/yhs_can_interfaces/share/yhs_can_interfaces/local_setup.sh\n'}
[34.577693] (yhs_can_interfaces) StdoutLine: {'line': b'-- Installing: /home/jenter/package/work/install/yhs_can_interfaces/share/yhs_can_interfaces/local_setup.zsh\n'}
[34.577902] (yhs_can_interfaces) StdoutLine: {'line': b'-- Installing: /home/jenter/package/work/install/yhs_can_interfaces/share/yhs_can_interfaces/local_setup.dsv\n'}
[34.578125] (yhs_can_interfaces) StdoutLine: {'line': b'-- Installing: /home/jenter/package/work/install/yhs_can_interfaces/share/yhs_can_interfaces/package.dsv\n'}
[34.578408] (yhs_can_interfaces) StdoutLine: {'line': b'-- Installing: /home/jenter/package/work/install/yhs_can_interfaces/share/ament_index/resource_index/packages/yhs_can_interfaces\n'}
[34.578713] (yhs_can_interfaces) StdoutLine: {'line': b'-- Installing: /home/jenter/package/work/install/yhs_can_interfaces/share/yhs_can_interfaces/cmake/export_yhs_can_interfaces__rosidl_generator_cExport.cmake\n'}
[34.578950] (yhs_can_interfaces) StdoutLine: {'line': b'-- Installing: /home/jenter/package/work/install/yhs_can_interfaces/share/yhs_can_interfaces/cmake/export_yhs_can_interfaces__rosidl_generator_cExport-noconfig.cmake\n'}
[34.579219] (yhs_can_interfaces) StdoutLine: {'line': b'-- Installing: /home/jenter/package/work/install/yhs_can_interfaces/share/yhs_can_interfaces/cmake/export_yhs_can_interfaces__rosidl_typesupport_fastrtps_cExport.cmake\n'}
[34.579457] (yhs_can_interfaces) StdoutLine: {'line': b'-- Installing: /home/jenter/package/work/install/yhs_can_interfaces/share/yhs_can_interfaces/cmake/export_yhs_can_interfaces__rosidl_typesupport_fastrtps_cExport-noconfig.cmake\n'}
[34.579715] (yhs_can_interfaces) StdoutLine: {'line': b'-- Installing: /home/jenter/package/work/install/yhs_can_interfaces/share/yhs_can_interfaces/cmake/yhs_can_interfaces__rosidl_typesupport_introspection_cExport.cmake\n'}
[34.579957] (yhs_can_interfaces) StdoutLine: {'line': b'-- Installing: /home/jenter/package/work/install/yhs_can_interfaces/share/yhs_can_interfaces/cmake/yhs_can_interfaces__rosidl_typesupport_introspection_cExport-noconfig.cmake\n'}
[34.580211] (yhs_can_interfaces) StdoutLine: {'line': b'-- Installing: /home/jenter/package/work/install/yhs_can_interfaces/share/yhs_can_interfaces/cmake/yhs_can_interfaces__rosidl_typesupport_cExport.cmake\n'}
[34.580451] (yhs_can_interfaces) StdoutLine: {'line': b'-- Installing: /home/jenter/package/work/install/yhs_can_interfaces/share/yhs_can_interfaces/cmake/yhs_can_interfaces__rosidl_typesupport_cExport-noconfig.cmake\n'}
[34.580701] (yhs_can_interfaces) StdoutLine: {'line': b'-- Installing: /home/jenter/package/work/install/yhs_can_interfaces/share/yhs_can_interfaces/cmake/export_yhs_can_interfaces__rosidl_generator_cppExport.cmake\n'}
[34.580943] (yhs_can_interfaces) StdoutLine: {'line': b'-- Installing: /home/jenter/package/work/install/yhs_can_interfaces/share/yhs_can_interfaces/cmake/export_yhs_can_interfaces__rosidl_typesupport_fastrtps_cppExport.cmake\n'}
[34.581186] (yhs_can_interfaces) StdoutLine: {'line': b'-- Installing: /home/jenter/package/work/install/yhs_can_interfaces/share/yhs_can_interfaces/cmake/export_yhs_can_interfaces__rosidl_typesupport_fastrtps_cppExport-noconfig.cmake\n'}
[34.581432] (yhs_can_interfaces) StdoutLine: {'line': b'-- Installing: /home/jenter/package/work/install/yhs_can_interfaces/share/yhs_can_interfaces/cmake/yhs_can_interfaces__rosidl_typesupport_introspection_cppExport.cmake\n'}
[34.581686] (yhs_can_interfaces) StdoutLine: {'line': b'-- Installing: /home/jenter/package/work/install/yhs_can_interfaces/share/yhs_can_interfaces/cmake/yhs_can_interfaces__rosidl_typesupport_introspection_cppExport-noconfig.cmake\n'}
[34.581936] (yhs_can_interfaces) StdoutLine: {'line': b'-- Installing: /home/jenter/package/work/install/yhs_can_interfaces/share/yhs_can_interfaces/cmake/yhs_can_interfaces__rosidl_typesupport_cppExport.cmake\n'}
[34.582178] (yhs_can_interfaces) StdoutLine: {'line': b'-- Installing: /home/jenter/package/work/install/yhs_can_interfaces/share/yhs_can_interfaces/cmake/yhs_can_interfaces__rosidl_typesupport_cppExport-noconfig.cmake\n'}
[34.582435] (yhs_can_interfaces) StdoutLine: {'line': b'-- Installing: /home/jenter/package/work/install/yhs_can_interfaces/share/yhs_can_interfaces/cmake/export_yhs_can_interfaces__rosidl_generator_pyExport.cmake\n'}
[34.582675] (yhs_can_interfaces) StdoutLine: {'line': b'-- Installing: /home/jenter/package/work/install/yhs_can_interfaces/share/yhs_can_interfaces/cmake/export_yhs_can_interfaces__rosidl_generator_pyExport-noconfig.cmake\n'}
[34.582895] (yhs_can_interfaces) StdoutLine: {'line': b'-- Installing: /home/jenter/package/work/install/yhs_can_interfaces/share/yhs_can_interfaces/cmake/rosidl_cmake-extras.cmake\n'}
[34.583129] (yhs_can_interfaces) StdoutLine: {'line': b'-- Installing: /home/jenter/package/work/install/yhs_can_interfaces/share/yhs_can_interfaces/cmake/ament_cmake_export_dependencies-extras.cmake\n'}
[34.583367] (yhs_can_interfaces) StdoutLine: {'line': b'-- Installing: /home/jenter/package/work/install/yhs_can_interfaces/share/yhs_can_interfaces/cmake/ament_cmake_export_include_directories-extras.cmake\n'}
[34.583597] (yhs_can_interfaces) StdoutLine: {'line': b'-- Installing: /home/jenter/package/work/install/yhs_can_interfaces/share/yhs_can_interfaces/cmake/ament_cmake_export_libraries-extras.cmake\n'}
[34.583837] (yhs_can_interfaces) StdoutLine: {'line': b'-- Installing: /home/jenter/package/work/install/yhs_can_interfaces/share/yhs_can_interfaces/cmake/ament_cmake_export_targets-extras.cmake\n'}
[34.584088] (yhs_can_interfaces) StdoutLine: {'line': b'-- Installing: /home/jenter/package/work/install/yhs_can_interfaces/share/yhs_can_interfaces/cmake/rosidl_cmake_export_typesupport_targets-extras.cmake\n'}
[34.584297] (yhs_can_interfaces) StdoutLine: {'line': b'-- Installing: /home/jenter/package/work/install/yhs_can_interfaces/share/yhs_can_interfaces/cmake/rosidl_cmake_export_typesupport_libraries-extras.cmake\n'}
[34.584532] (yhs_can_interfaces) StdoutLine: {'line': b'-- Installing: /home/jenter/package/work/install/yhs_can_interfaces/share/yhs_can_interfaces/cmake/yhs_can_interfacesConfig.cmake\n'}
[34.584732] (yhs_can_interfaces) StdoutLine: {'line': b'-- Installing: /home/jenter/package/work/install/yhs_can_interfaces/share/yhs_can_interfaces/cmake/yhs_can_interfacesConfig-version.cmake\n'}
[34.584938] (yhs_can_interfaces) StdoutLine: {'line': b'-- Installing: /home/jenter/package/work/install/yhs_can_interfaces/share/yhs_can_interfaces/package.xml\n'}
[34.588253] (yhs_can_interfaces) CommandEnded: {'returncode': 0}
[34.638948] (yhs_can_interfaces) JobEnded: {'identifier': 'yhs_can_interfaces', 'rc': 0}
[34.639691] (-) EventReactorShutdown: {}
