[0.012s] Invoking command in '/home/jenter/package/work/build/yesense_interface': CMAKE_PREFIX_PATH=${CMAKE_PREFIX_PATH}:/opt/ros/humble /usr/bin/cmake /home/jenter/package/work/src/yesense_ros2/yesense_interface -DCMAKE_INSTALL_PREFIX=/home/jenter/package/work/install/yesense_interface
[0.077s] -- The C compiler identification is GNU 11.4.0
[0.146s] -- The CXX compiler identification is GNU 11.4.0
[0.154s] -- Detecting C compiler ABI info
[0.234s] -- Detecting C compiler ABI info - done
[0.245s] -- Check for working C compiler: /usr/bin/cc - skipped
[0.245s] -- Detecting C compile features
[0.246s] -- Detecting C compile features - done
[0.250s] -- Detecting CXX compiler ABI info
[0.346s] -- Detecting CXX compiler ABI info - done
[0.357s] -- Check for working CXX compiler: /usr/bin/c++ - skipped
[0.358s] -- Detecting CXX compile features
[0.359s] -- Detecting CXX compile features - done
[0.361s] -- Found ament_cmake: 1.3.12 (/opt/ros/humble/share/ament_cmake/cmake)
[0.558s] -- Found Python3: /usr/bin/python3 (found version "3.10.12") found components: Interpreter 
[0.669s] -- Found rosidl_default_generators: 1.2.0 (/opt/ros/humble/share/rosidl_default_generators/cmake)
[0.673s] -- Using all available rosidl_typesupport_c: rosidl_typesupport_fastrtps_c;rosidl_typesupport_introspection_c
[0.680s] -- Found rosidl_adapter: 3.1.7 (/opt/ros/humble/share/rosidl_adapter/cmake)
[0.730s] -- Using all available rosidl_typesupport_cpp: rosidl_typesupport_fastrtps_cpp;rosidl_typesupport_introspection_cpp
[1.233s] -- Found ament_cmake_ros: 0.10.0 (/opt/ros/humble/share/ament_cmake_ros/cmake)
[1.478s] -- Using all available rosidl_typesupport_c: rosidl_typesupport_fastrtps_c;rosidl_typesupport_introspection_c
[1.798s] -- Using all available rosidl_typesupport_cpp: rosidl_typesupport_fastrtps_cpp;rosidl_typesupport_introspection_cpp
[1.828s] -- Found PythonInterp: /usr/bin/python3 (found suitable version "3.10.12", minimum required is "3.6") 
[1.830s] -- Found python_cmake_module: 0.10.0 (/opt/ros/humble/share/python_cmake_module/cmake)
[1.864s] -- Found PythonLibs: /usr/lib/x86_64-linux-gnu/libpython3.10.so (found suitable version "3.10.12", minimum required is "3.5") 
[1.864s] -- Using PYTHON_EXECUTABLE: /usr/bin/python3
[1.864s] -- Using PYTHON_INCLUDE_DIRS: /usr/include/python3.10
[1.864s] -- Using PYTHON_LIBRARIES: /usr/lib/x86_64-linux-gnu/libpython3.10.so
[1.893s] -- Found PythonExtra: .so  
[1.939s] -- Found ament_lint_auto: 0.12.14 (/opt/ros/humble/share/ament_lint_auto/cmake)
[1.960s] -- Added test 'lint_cmake' to check CMake code style
[1.962s] -- Added test 'xmllint' to check XML markup files
[1.965s] -- Configuring done
[2.047s] -- Generating done
[2.064s] -- Build files have been written to: /home/jenter/package/work/build/yesense_interface
[2.072s] Invoked command in '/home/jenter/package/work/build/yesense_interface' returned '0': CMAKE_PREFIX_PATH=${CMAKE_PREFIX_PATH}:/opt/ros/humble /usr/bin/cmake /home/jenter/package/work/src/yesense_ros2/yesense_interface -DCMAKE_INSTALL_PREFIX=/home/jenter/package/work/install/yesense_interface
[2.074s] Invoking command in '/home/jenter/package/work/build/yesense_interface': CMAKE_PREFIX_PATH=${CMAKE_PREFIX_PATH}:/opt/ros/humble /usr/bin/cmake --build /home/jenter/package/work/build/yesense_interface -- -j4 -l4
[2.136s] [  0%] [34m[1mGenerating C code for ROS interfaces[0m
[2.155s] [  0%] [34m[1mGenerating C++ code for ROS interfaces[0m
[2.166s] [  0%] Built target ament_cmake_python_copy_yesense_interface
[2.658s] running egg_info
[2.659s] creating yesense_interface.egg-info
[2.659s] writing yesense_interface.egg-info/PKG-INFO
[2.660s] writing dependency_links to yesense_interface.egg-info/dependency_links.txt
[2.660s] writing top-level names to yesense_interface.egg-info/top_level.txt
[2.661s] writing manifest file 'yesense_interface.egg-info/SOURCES.txt'
[2.664s] reading manifest file 'yesense_interface.egg-info/SOURCES.txt'
[2.665s] writing manifest file 'yesense_interface.egg-info/SOURCES.txt'
[2.722s] [  0%] Built target ament_cmake_python_build_yesense_interface_egg
[5.058s] [  0%] Built target yesense_interface__cpp
[5.078s] [  1%] [34m[1mGenerating C++ type support dispatch for ROS interfaces[0m
[5.092s] [  2%] [34m[1mGenerating C++ type support for eProsima Fast-RTPS[0m
[5.106s] [  3%] [34m[1mGenerating C++ introspection for ROS interfaces[0m
[5.142s] [  4%] [32mBuilding C object CMakeFiles/yesense_interface__rosidl_generator_c.dir/rosidl_generator_c/yesense_interface/msg/detail/tid__functions.c.o[0m
[5.245s] [  4%] [32mBuilding C object CMakeFiles/yesense_interface__rosidl_generator_c.dir/rosidl_generator_c/yesense_interface/msg/detail/three_axis__functions.c.o[0m
[5.341s] [  5%] [32mBuilding C object CMakeFiles/yesense_interface__rosidl_generator_c.dir/rosidl_generator_c/yesense_interface/msg/detail/sensor_temp__functions.c.o[0m
[5.433s] [  5%] [32mBuilding C object CMakeFiles/yesense_interface__rosidl_generator_c.dir/rosidl_generator_c/yesense_interface/msg/detail/pressure__functions.c.o[0m
[5.524s] [  6%] [32mBuilding C object CMakeFiles/yesense_interface__rosidl_generator_c.dir/rosidl_generator_c/yesense_interface/msg/detail/euler_angle__functions.c.o[0m
[5.617s] [  6%] [32mBuilding C object CMakeFiles/yesense_interface__rosidl_generator_c.dir/rosidl_generator_c/yesense_interface/msg/detail/quat__functions.c.o[0m
[5.709s] [  7%] [32mBuilding C object CMakeFiles/yesense_interface__rosidl_generator_c.dir/rosidl_generator_c/yesense_interface/msg/detail/gnss_pos__functions.c.o[0m
[5.802s] [  7%] [32mBuilding C object CMakeFiles/yesense_interface__rosidl_generator_c.dir/rosidl_generator_c/yesense_interface/msg/detail/nav_status__functions.c.o[0m
[5.894s] [  8%] [32mBuilding C object CMakeFiles/yesense_interface__rosidl_generator_c.dir/rosidl_generator_c/yesense_interface/msg/detail/vel__functions.c.o[0m
[5.987s] [  8%] [32mBuilding C object CMakeFiles/yesense_interface__rosidl_generator_c.dir/rosidl_generator_c/yesense_interface/msg/detail/utc__functions.c.o[0m
[6.080s] [  9%] [32mBuilding C object CMakeFiles/yesense_interface__rosidl_generator_c.dir/rosidl_generator_c/yesense_interface/msg/detail/sample_timestamp__functions.c.o[0m
[6.171s] [  9%] [32mBuilding C object CMakeFiles/yesense_interface__rosidl_generator_c.dir/rosidl_generator_c/yesense_interface/msg/detail/imu_data__functions.c.o[0m
[6.271s] [ 10%] [32mBuilding C object CMakeFiles/yesense_interface__rosidl_generator_c.dir/rosidl_generator_c/yesense_interface/msg/detail/imu_data_ten_axis__functions.c.o[0m
[6.369s] [ 10%] [32mBuilding C object CMakeFiles/yesense_interface__rosidl_generator_c.dir/rosidl_generator_c/yesense_interface/msg/detail/euler_only__functions.c.o[0m
[6.465s] [ 11%] [32mBuilding C object CMakeFiles/yesense_interface__rosidl_generator_c.dir/rosidl_generator_c/yesense_interface/msg/detail/robot_lord__functions.c.o[0m
[6.570s] [ 11%] [32mBuilding C object CMakeFiles/yesense_interface__rosidl_generator_c.dir/rosidl_generator_c/yesense_interface/msg/detail/attitude_min_vru__functions.c.o[0m
[6.681s] [ 12%] [32mBuilding C object CMakeFiles/yesense_interface__rosidl_generator_c.dir/rosidl_generator_c/yesense_interface/msg/detail/attitude_min_ahrs__functions.c.o[0m
[6.790s] [ 12%] [32mBuilding C object CMakeFiles/yesense_interface__rosidl_generator_c.dir/rosidl_generator_c/yesense_interface/msg/detail/attitude_all_data__functions.c.o[0m
[6.861s] [ 12%] [32mBuilding CXX object CMakeFiles/yesense_interface__rosidl_typesupport_cpp.dir/rosidl_typesupport_cpp/yesense_interface/msg/tid__type_support.cpp.o[0m
[6.892s] [ 13%] [32mBuilding C object CMakeFiles/yesense_interface__rosidl_generator_c.dir/rosidl_generator_c/yesense_interface/msg/detail/pos_only__functions.c.o[0m
[7.005s] [ 13%] [32mBuilding C object CMakeFiles/yesense_interface__rosidl_generator_c.dir/rosidl_generator_c/yesense_interface/msg/detail/nav_min__functions.c.o[0m
[7.117s] [ 14%] [32mBuilding C object CMakeFiles/yesense_interface__rosidl_generator_c.dir/rosidl_generator_c/yesense_interface/msg/detail/nav_min_utc__functions.c.o[0m
[7.235s] [ 14%] [32mBuilding C object CMakeFiles/yesense_interface__rosidl_generator_c.dir/rosidl_generator_c/yesense_interface/msg/detail/nav_all__functions.c.o[0m
[7.354s] [ 15%] [32m[1mLinking C shared library libyesense_interface__rosidl_generator_c.so[0m
[7.466s] [ 15%] Built target yesense_interface__rosidl_generator_c
[7.482s] [ 16%] [32mBuilding CXX object CMakeFiles/yesense_interface__rosidl_typesupport_cpp.dir/rosidl_typesupport_cpp/yesense_interface/msg/three_axis__type_support.cpp.o[0m
[7.495s] [ 16%] [32mBuilding CXX object CMakeFiles/yesense_interface__rosidl_typesupport_cpp.dir/rosidl_typesupport_cpp/yesense_interface/msg/sensor_temp__type_support.cpp.o[0m
[7.596s] [ 16%] [32mBuilding CXX object CMakeFiles/yesense_interface__rosidl_typesupport_introspection_cpp.dir/rosidl_typesupport_introspection_cpp/yesense_interface/msg/detail/tid__type_support.cpp.o[0m
[8.069s] [ 16%] [32mBuilding CXX object CMakeFiles/yesense_interface__rosidl_typesupport_fastrtps_cpp.dir/rosidl_typesupport_fastrtps_cpp/yesense_interface/msg/detail/dds_fastrtps/tid__type_support.cpp.o[0m
[8.107s] [ 17%] [32mBuilding CXX object CMakeFiles/yesense_interface__rosidl_typesupport_fastrtps_cpp.dir/rosidl_typesupport_fastrtps_cpp/yesense_interface/msg/detail/dds_fastrtps/three_axis__type_support.cpp.o[0m
[8.132s] [ 18%] [32mBuilding CXX object CMakeFiles/yesense_interface__rosidl_typesupport_cpp.dir/rosidl_typesupport_cpp/yesense_interface/msg/pressure__type_support.cpp.o[0m
[8.483s] [ 19%] [32mBuilding CXX object CMakeFiles/yesense_interface__rosidl_typesupport_introspection_cpp.dir/rosidl_typesupport_introspection_cpp/yesense_interface/msg/detail/three_axis__type_support.cpp.o[0m
[8.755s] [ 19%] [32mBuilding CXX object CMakeFiles/yesense_interface__rosidl_typesupport_cpp.dir/rosidl_typesupport_cpp/yesense_interface/msg/euler_angle__type_support.cpp.o[0m
[8.990s] [ 19%] [32mBuilding CXX object CMakeFiles/yesense_interface__rosidl_typesupport_fastrtps_cpp.dir/rosidl_typesupport_fastrtps_cpp/yesense_interface/msg/detail/dds_fastrtps/sensor_temp__type_support.cpp.o[0m
[9.032s] [ 20%] [32mBuilding CXX object CMakeFiles/yesense_interface__rosidl_typesupport_fastrtps_cpp.dir/rosidl_typesupport_fastrtps_cpp/yesense_interface/msg/detail/dds_fastrtps/pressure__type_support.cpp.o[0m
[9.366s] [ 20%] [32mBuilding CXX object CMakeFiles/yesense_interface__rosidl_typesupport_introspection_cpp.dir/rosidl_typesupport_introspection_cpp/yesense_interface/msg/detail/sensor_temp__type_support.cpp.o[0m
[9.375s] [ 21%] [32mBuilding CXX object CMakeFiles/yesense_interface__rosidl_typesupport_cpp.dir/rosidl_typesupport_cpp/yesense_interface/msg/quat__type_support.cpp.o[0m
[9.910s] [ 21%] [32mBuilding CXX object CMakeFiles/yesense_interface__rosidl_typesupport_cpp.dir/rosidl_typesupport_cpp/yesense_interface/msg/gnss_pos__type_support.cpp.o[0m
[9.967s] [ 21%] [32mBuilding CXX object CMakeFiles/yesense_interface__rosidl_typesupport_fastrtps_cpp.dir/rosidl_typesupport_fastrtps_cpp/yesense_interface/msg/detail/dds_fastrtps/euler_angle__type_support.cpp.o[0m
[9.997s] [ 22%] [32mBuilding CXX object CMakeFiles/yesense_interface__rosidl_typesupport_cpp.dir/rosidl_typesupport_cpp/yesense_interface/msg/nav_status__type_support.cpp.o[0m
[10.249s] [ 23%] [32mBuilding CXX object CMakeFiles/yesense_interface__rosidl_typesupport_introspection_cpp.dir/rosidl_typesupport_introspection_cpp/yesense_interface/msg/detail/pressure__type_support.cpp.o[0m
[10.529s] [ 23%] [32mBuilding CXX object CMakeFiles/yesense_interface__rosidl_typesupport_cpp.dir/rosidl_typesupport_cpp/yesense_interface/msg/vel__type_support.cpp.o[0m
[10.625s] [ 23%] [32mBuilding CXX object CMakeFiles/yesense_interface__rosidl_typesupport_introspection_cpp.dir/rosidl_typesupport_introspection_cpp/yesense_interface/msg/detail/euler_angle__type_support.cpp.o[0m
[10.892s] [ 24%] [32mBuilding CXX object CMakeFiles/yesense_interface__rosidl_typesupport_fastrtps_cpp.dir/rosidl_typesupport_fastrtps_cpp/yesense_interface/msg/detail/dds_fastrtps/quat__type_support.cpp.o[0m
[11.134s] [ 24%] [32mBuilding CXX object CMakeFiles/yesense_interface__rosidl_typesupport_fastrtps_cpp.dir/rosidl_typesupport_fastrtps_cpp/yesense_interface/msg/detail/dds_fastrtps/gnss_pos__type_support.cpp.o[0m
[11.147s] [ 25%] [32mBuilding CXX object CMakeFiles/yesense_interface__rosidl_typesupport_cpp.dir/rosidl_typesupport_cpp/yesense_interface/msg/utc__type_support.cpp.o[0m
[11.508s] [ 26%] [32mBuilding CXX object CMakeFiles/yesense_interface__rosidl_typesupport_introspection_cpp.dir/rosidl_typesupport_introspection_cpp/yesense_interface/msg/detail/quat__type_support.cpp.o[0m
[11.767s] [ 26%] [32mBuilding CXX object CMakeFiles/yesense_interface__rosidl_typesupport_cpp.dir/rosidl_typesupport_cpp/yesense_interface/msg/sample_timestamp__type_support.cpp.o[0m
[11.829s] [ 27%] [32mBuilding CXX object CMakeFiles/yesense_interface__rosidl_typesupport_fastrtps_cpp.dir/rosidl_typesupport_fastrtps_cpp/yesense_interface/msg/detail/dds_fastrtps/nav_status__type_support.cpp.o[0m
[12.060s] [ 27%] [32mBuilding CXX object CMakeFiles/yesense_interface__rosidl_typesupport_fastrtps_cpp.dir/rosidl_typesupport_fastrtps_cpp/yesense_interface/msg/detail/dds_fastrtps/vel__type_support.cpp.o[0m
[12.387s] [ 28%] [32mBuilding CXX object CMakeFiles/yesense_interface__rosidl_typesupport_cpp.dir/rosidl_typesupport_cpp/yesense_interface/msg/imu_data__type_support.cpp.o[0m
[12.393s] [ 28%] [32mBuilding CXX object CMakeFiles/yesense_interface__rosidl_typesupport_introspection_cpp.dir/rosidl_typesupport_introspection_cpp/yesense_interface/msg/detail/gnss_pos__type_support.cpp.o[0m
[12.763s] [ 29%] [32mBuilding CXX object CMakeFiles/yesense_interface__rosidl_typesupport_introspection_cpp.dir/rosidl_typesupport_introspection_cpp/yesense_interface/msg/detail/nav_status__type_support.cpp.o[0m
[12.986s] [ 30%] [32mBuilding CXX object CMakeFiles/yesense_interface__rosidl_typesupport_fastrtps_cpp.dir/rosidl_typesupport_fastrtps_cpp/yesense_interface/msg/detail/dds_fastrtps/utc__type_support.cpp.o[0m
[13.011s] [ 30%] [32mBuilding CXX object CMakeFiles/yesense_interface__rosidl_typesupport_cpp.dir/rosidl_typesupport_cpp/yesense_interface/msg/imu_data_ten_axis__type_support.cpp.o[0m
[13.269s] [ 31%] [32mBuilding CXX object CMakeFiles/yesense_interface__rosidl_typesupport_cpp.dir/rosidl_typesupport_cpp/yesense_interface/msg/euler_only__type_support.cpp.o[0m
[13.638s] [ 31%] [32mBuilding CXX object CMakeFiles/yesense_interface__rosidl_typesupport_introspection_cpp.dir/rosidl_typesupport_introspection_cpp/yesense_interface/msg/detail/vel__type_support.cpp.o[0m
[13.660s] [ 32%] [32mBuilding CXX object CMakeFiles/yesense_interface__rosidl_typesupport_introspection_cpp.dir/rosidl_typesupport_introspection_cpp/yesense_interface/msg/detail/utc__type_support.cpp.o[0m
[13.891s] [ 32%] [32mBuilding CXX object CMakeFiles/yesense_interface__rosidl_typesupport_cpp.dir/rosidl_typesupport_cpp/yesense_interface/msg/robot_lord__type_support.cpp.o[0m
[13.916s] [ 32%] [32mBuilding CXX object CMakeFiles/yesense_interface__rosidl_typesupport_fastrtps_cpp.dir/rosidl_typesupport_fastrtps_cpp/yesense_interface/msg/detail/dds_fastrtps/sample_timestamp__type_support.cpp.o[0m
[14.522s] [ 33%] [32mBuilding CXX object CMakeFiles/yesense_interface__rosidl_typesupport_cpp.dir/rosidl_typesupport_cpp/yesense_interface/msg/attitude_min_vru__type_support.cpp.o[0m
[14.533s] [ 33%] [32mBuilding CXX object CMakeFiles/yesense_interface__rosidl_typesupport_introspection_cpp.dir/rosidl_typesupport_introspection_cpp/yesense_interface/msg/detail/sample_timestamp__type_support.cpp.o[0m
[14.547s] [ 34%] [32mBuilding CXX object CMakeFiles/yesense_interface__rosidl_typesupport_introspection_cpp.dir/rosidl_typesupport_introspection_cpp/yesense_interface/msg/detail/imu_data__type_support.cpp.o[0m
[14.837s] [ 35%] [32mBuilding CXX object CMakeFiles/yesense_interface__rosidl_typesupport_fastrtps_cpp.dir/rosidl_typesupport_fastrtps_cpp/yesense_interface/msg/detail/dds_fastrtps/imu_data__type_support.cpp.o[0m
[15.143s] [ 35%] [32mBuilding CXX object CMakeFiles/yesense_interface__rosidl_typesupport_cpp.dir/rosidl_typesupport_cpp/yesense_interface/msg/attitude_min_ahrs__type_support.cpp.o[0m
[15.417s] [ 36%] [32mBuilding CXX object CMakeFiles/yesense_interface__rosidl_typesupport_cpp.dir/rosidl_typesupport_cpp/yesense_interface/msg/attitude_all_data__type_support.cpp.o[0m
[15.452s] [ 36%] [32mBuilding CXX object CMakeFiles/yesense_interface__rosidl_typesupport_introspection_cpp.dir/rosidl_typesupport_introspection_cpp/yesense_interface/msg/detail/imu_data_ten_axis__type_support.cpp.o[0m
[15.769s] [ 36%] [32mBuilding CXX object CMakeFiles/yesense_interface__rosidl_typesupport_fastrtps_cpp.dir/rosidl_typesupport_fastrtps_cpp/yesense_interface/msg/detail/dds_fastrtps/imu_data_ten_axis__type_support.cpp.o[0m
[15.775s] [ 36%] [32mBuilding CXX object CMakeFiles/yesense_interface__rosidl_typesupport_cpp.dir/rosidl_typesupport_cpp/yesense_interface/msg/pos_only__type_support.cpp.o[0m
[16.045s] [ 37%] [32mBuilding CXX object CMakeFiles/yesense_interface__rosidl_typesupport_cpp.dir/rosidl_typesupport_cpp/yesense_interface/msg/nav_min__type_support.cpp.o[0m
[16.355s] [ 38%] [32mBuilding CXX object CMakeFiles/yesense_interface__rosidl_typesupport_introspection_cpp.dir/rosidl_typesupport_introspection_cpp/yesense_interface/msg/detail/euler_only__type_support.cpp.o[0m
[16.396s] [ 38%] [32mBuilding CXX object CMakeFiles/yesense_interface__rosidl_typesupport_cpp.dir/rosidl_typesupport_cpp/yesense_interface/msg/nav_min_utc__type_support.cpp.o[0m
[16.676s] [ 39%] [32mBuilding CXX object CMakeFiles/yesense_interface__rosidl_typesupport_cpp.dir/rosidl_typesupport_cpp/yesense_interface/msg/nav_all__type_support.cpp.o[0m
[16.697s] [ 40%] [32mBuilding CXX object CMakeFiles/yesense_interface__rosidl_typesupport_fastrtps_cpp.dir/rosidl_typesupport_fastrtps_cpp/yesense_interface/msg/detail/dds_fastrtps/euler_only__type_support.cpp.o[0m
[17.025s] [ 40%] [32mBuilding CXX object CMakeFiles/yesense_interface__rosidl_typesupport_fastrtps_cpp.dir/rosidl_typesupport_fastrtps_cpp/yesense_interface/msg/detail/dds_fastrtps/robot_lord__type_support.cpp.o[0m
[17.242s] [ 40%] [32mBuilding CXX object CMakeFiles/yesense_interface__rosidl_typesupport_introspection_cpp.dir/rosidl_typesupport_introspection_cpp/yesense_interface/msg/detail/robot_lord__type_support.cpp.o[0m
[17.317s] [ 40%] [32m[1mLinking CXX shared library libyesense_interface__rosidl_typesupport_cpp.so[0m
[17.413s] [ 40%] Built target yesense_interface__rosidl_typesupport_cpp
[17.430s] [ 41%] [32mBuilding CXX object CMakeFiles/yesense_interface__rosidl_typesupport_introspection_cpp.dir/rosidl_typesupport_introspection_cpp/yesense_interface/msg/detail/attitude_min_vru__type_support.cpp.o[0m
[17.632s] [ 41%] [32mBuilding CXX object CMakeFiles/yesense_interface__rosidl_typesupport_introspection_cpp.dir/rosidl_typesupport_introspection_cpp/yesense_interface/msg/detail/attitude_min_ahrs__type_support.cpp.o[0m
[17.955s] [ 42%] [32mBuilding CXX object CMakeFiles/yesense_interface__rosidl_typesupport_fastrtps_cpp.dir/rosidl_typesupport_fastrtps_cpp/yesense_interface/msg/detail/dds_fastrtps/attitude_min_vru__type_support.cpp.o[0m
[18.144s] [ 43%] [32mBuilding CXX object CMakeFiles/yesense_interface__rosidl_typesupport_introspection_cpp.dir/rosidl_typesupport_introspection_cpp/yesense_interface/msg/detail/attitude_all_data__type_support.cpp.o[0m
[18.337s] [ 43%] [32mBuilding CXX object CMakeFiles/yesense_interface__rosidl_typesupport_introspection_cpp.dir/rosidl_typesupport_introspection_cpp/yesense_interface/msg/detail/pos_only__type_support.cpp.o[0m
[18.551s] [ 44%] [32mBuilding CXX object CMakeFiles/yesense_interface__rosidl_typesupport_introspection_cpp.dir/rosidl_typesupport_introspection_cpp/yesense_interface/msg/detail/nav_min__type_support.cpp.o[0m
[18.885s] [ 44%] [32mBuilding CXX object CMakeFiles/yesense_interface__rosidl_typesupport_fastrtps_cpp.dir/rosidl_typesupport_fastrtps_cpp/yesense_interface/msg/detail/dds_fastrtps/attitude_min_ahrs__type_support.cpp.o[0m
[19.060s] [ 45%] [32mBuilding CXX object CMakeFiles/yesense_interface__rosidl_typesupport_fastrtps_cpp.dir/rosidl_typesupport_fastrtps_cpp/yesense_interface/msg/detail/dds_fastrtps/attitude_all_data__type_support.cpp.o[0m
[19.247s] [ 45%] [32mBuilding CXX object CMakeFiles/yesense_interface__rosidl_typesupport_fastrtps_cpp.dir/rosidl_typesupport_fastrtps_cpp/yesense_interface/msg/detail/dds_fastrtps/pos_only__type_support.cpp.o[0m
[19.455s] [ 45%] [32mBuilding CXX object CMakeFiles/yesense_interface__rosidl_typesupport_introspection_cpp.dir/rosidl_typesupport_introspection_cpp/yesense_interface/msg/detail/nav_min_utc__type_support.cpp.o[0m
[19.824s] [ 46%] [32mBuilding CXX object CMakeFiles/yesense_interface__rosidl_typesupport_introspection_cpp.dir/rosidl_typesupport_introspection_cpp/yesense_interface/msg/detail/nav_all__type_support.cpp.o[0m
[20.002s] [ 47%] [32mBuilding CXX object CMakeFiles/yesense_interface__rosidl_typesupport_fastrtps_cpp.dir/rosidl_typesupport_fastrtps_cpp/yesense_interface/msg/detail/dds_fastrtps/nav_min__type_support.cpp.o[0m
[20.193s] [ 47%] [32mBuilding CXX object CMakeFiles/yesense_interface__rosidl_typesupport_fastrtps_cpp.dir/rosidl_typesupport_fastrtps_cpp/yesense_interface/msg/detail/dds_fastrtps/nav_min_utc__type_support.cpp.o[0m
[20.375s] [ 48%] [34m[1mGenerating C type support for eProsima Fast-RTPS[0m
[20.751s] [ 49%] [32m[1mLinking CXX shared library libyesense_interface__rosidl_typesupport_introspection_cpp.so[0m
[20.914s] [ 49%] Built target yesense_interface__rosidl_typesupport_introspection_cpp
[20.936s] [ 50%] [34m[1mGenerating C introspection for ROS interfaces[0m
[20.943s] [ 51%] [32mBuilding CXX object CMakeFiles/yesense_interface__rosidl_typesupport_fastrtps_cpp.dir/rosidl_typesupport_fastrtps_cpp/yesense_interface/msg/detail/dds_fastrtps/nav_all__type_support.cpp.o[0m
[21.155s] [ 52%] [34m[1mGenerating C type support dispatch for ROS interfaces[0m
[21.866s] [ 52%] [32m[1mLinking CXX shared library libyesense_interface__rosidl_typesupport_fastrtps_cpp.so[0m
[22.044s] [ 52%] Built target yesense_interface__rosidl_typesupport_fastrtps_cpp
[22.788s] [ 52%] [32mBuilding CXX object CMakeFiles/yesense_interface__rosidl_typesupport_c.dir/rosidl_typesupport_c/yesense_interface/msg/tid__type_support.cpp.o[0m
[22.796s] [ 53%] [32mBuilding CXX object CMakeFiles/yesense_interface__rosidl_typesupport_c.dir/rosidl_typesupport_c/yesense_interface/msg/three_axis__type_support.cpp.o[0m
[22.851s] [ 53%] [32mBuilding CXX object CMakeFiles/yesense_interface__rosidl_typesupport_c.dir/rosidl_typesupport_c/yesense_interface/msg/sensor_temp__type_support.cpp.o[0m
[22.872s] [ 54%] [32mBuilding CXX object CMakeFiles/yesense_interface__rosidl_typesupport_c.dir/rosidl_typesupport_c/yesense_interface/msg/pressure__type_support.cpp.o[0m
[22.910s] [ 54%] [32mBuilding CXX object CMakeFiles/yesense_interface__rosidl_typesupport_c.dir/rosidl_typesupport_c/yesense_interface/msg/euler_angle__type_support.cpp.o[0m
[22.932s] [ 55%] [32mBuilding CXX object CMakeFiles/yesense_interface__rosidl_typesupport_c.dir/rosidl_typesupport_c/yesense_interface/msg/quat__type_support.cpp.o[0m
[22.981s] [ 55%] [32mBuilding CXX object CMakeFiles/yesense_interface__rosidl_typesupport_c.dir/rosidl_typesupport_c/yesense_interface/msg/gnss_pos__type_support.cpp.o[0m
[22.990s] [ 56%] [32mBuilding CXX object CMakeFiles/yesense_interface__rosidl_typesupport_c.dir/rosidl_typesupport_c/yesense_interface/msg/nav_status__type_support.cpp.o[0m
[23.047s] [ 56%] [32mBuilding CXX object CMakeFiles/yesense_interface__rosidl_typesupport_c.dir/rosidl_typesupport_c/yesense_interface/msg/vel__type_support.cpp.o[0m
[23.065s] [ 57%] [32mBuilding CXX object CMakeFiles/yesense_interface__rosidl_typesupport_c.dir/rosidl_typesupport_c/yesense_interface/msg/utc__type_support.cpp.o[0m
[23.100s] [ 57%] [32mBuilding CXX object CMakeFiles/yesense_interface__rosidl_typesupport_fastrtps_c.dir/rosidl_typesupport_fastrtps_c/yesense_interface/msg/detail/tid__type_support_c.cpp.o[0m
[23.105s] [ 58%] [32mBuilding CXX object CMakeFiles/yesense_interface__rosidl_typesupport_fastrtps_c.dir/rosidl_typesupport_fastrtps_c/yesense_interface/msg/detail/three_axis__type_support_c.cpp.o[0m
[23.122s] [ 58%] [32mBuilding CXX object CMakeFiles/yesense_interface__rosidl_typesupport_c.dir/rosidl_typesupport_c/yesense_interface/msg/sample_timestamp__type_support.cpp.o[0m
[23.176s] [ 59%] [32mBuilding CXX object CMakeFiles/yesense_interface__rosidl_typesupport_c.dir/rosidl_typesupport_c/yesense_interface/msg/imu_data__type_support.cpp.o[0m
[23.232s] [ 59%] [32mBuilding CXX object CMakeFiles/yesense_interface__rosidl_typesupport_c.dir/rosidl_typesupport_c/yesense_interface/msg/imu_data_ten_axis__type_support.cpp.o[0m
[23.290s] [ 60%] [32mBuilding CXX object CMakeFiles/yesense_interface__rosidl_typesupport_c.dir/rosidl_typesupport_c/yesense_interface/msg/euler_only__type_support.cpp.o[0m
[23.348s] [ 60%] [32mBuilding CXX object CMakeFiles/yesense_interface__rosidl_typesupport_c.dir/rosidl_typesupport_c/yesense_interface/msg/robot_lord__type_support.cpp.o[0m
[23.406s] [ 61%] [32mBuilding CXX object CMakeFiles/yesense_interface__rosidl_typesupport_c.dir/rosidl_typesupport_c/yesense_interface/msg/attitude_min_vru__type_support.cpp.o[0m
[23.466s] [ 61%] [32mBuilding CXX object CMakeFiles/yesense_interface__rosidl_typesupport_c.dir/rosidl_typesupport_c/yesense_interface/msg/attitude_min_ahrs__type_support.cpp.o[0m
[23.526s] [ 62%] [32mBuilding CXX object CMakeFiles/yesense_interface__rosidl_typesupport_c.dir/rosidl_typesupport_c/yesense_interface/msg/attitude_all_data__type_support.cpp.o[0m
[23.548s] [ 62%] [32mBuilding C object CMakeFiles/yesense_interface__rosidl_typesupport_introspection_c.dir/rosidl_typesupport_introspection_c/yesense_interface/msg/detail/tid__type_support.c.o[0m
[23.589s] [ 62%] [32mBuilding CXX object CMakeFiles/yesense_interface__rosidl_typesupport_c.dir/rosidl_typesupport_c/yesense_interface/msg/pos_only__type_support.cpp.o[0m
[23.616s] [ 63%] [32mBuilding C object CMakeFiles/yesense_interface__rosidl_typesupport_introspection_c.dir/rosidl_typesupport_introspection_c/yesense_interface/msg/detail/three_axis__type_support.c.o[0m
[23.651s] [ 64%] [32mBuilding CXX object CMakeFiles/yesense_interface__rosidl_typesupport_c.dir/rosidl_typesupport_c/yesense_interface/msg/nav_min__type_support.cpp.o[0m
[23.684s] [ 64%] [32mBuilding C object CMakeFiles/yesense_interface__rosidl_typesupport_introspection_c.dir/rosidl_typesupport_introspection_c/yesense_interface/msg/detail/sensor_temp__type_support.c.o[0m
[23.711s] [ 64%] [32mBuilding CXX object CMakeFiles/yesense_interface__rosidl_typesupport_c.dir/rosidl_typesupport_c/yesense_interface/msg/nav_min_utc__type_support.cpp.o[0m
[23.751s] [ 65%] [32mBuilding C object CMakeFiles/yesense_interface__rosidl_typesupport_introspection_c.dir/rosidl_typesupport_introspection_c/yesense_interface/msg/detail/pressure__type_support.c.o[0m
[23.774s] [ 66%] [32mBuilding CXX object CMakeFiles/yesense_interface__rosidl_typesupport_c.dir/rosidl_typesupport_c/yesense_interface/msg/nav_all__type_support.cpp.o[0m
[23.816s] [ 66%] [32mBuilding C object CMakeFiles/yesense_interface__rosidl_typesupport_introspection_c.dir/rosidl_typesupport_introspection_c/yesense_interface/msg/detail/euler_angle__type_support.c.o[0m
[23.837s] [ 66%] [32m[1mLinking CXX shared library libyesense_interface__rosidl_typesupport_c.so[0m
[23.877s] [ 66%] [32mBuilding CXX object CMakeFiles/yesense_interface__rosidl_typesupport_fastrtps_c.dir/rosidl_typesupport_fastrtps_c/yesense_interface/msg/detail/sensor_temp__type_support_c.cpp.o[0m
[23.881s] [ 67%] [32mBuilding C object CMakeFiles/yesense_interface__rosidl_typesupport_introspection_c.dir/rosidl_typesupport_introspection_c/yesense_interface/msg/detail/quat__type_support.c.o[0m
[23.898s] [ 68%] [32mBuilding CXX object CMakeFiles/yesense_interface__rosidl_typesupport_fastrtps_c.dir/rosidl_typesupport_fastrtps_c/yesense_interface/msg/detail/pressure__type_support_c.cpp.o[0m
[23.932s] [ 68%] Built target yesense_interface__rosidl_typesupport_c
[23.943s] [ 68%] [32mBuilding C object CMakeFiles/yesense_interface__rosidl_typesupport_introspection_c.dir/rosidl_typesupport_introspection_c/yesense_interface/msg/detail/gnss_pos__type_support.c.o[0m
[23.947s] [ 69%] [32mBuilding C object CMakeFiles/yesense_interface__rosidl_typesupport_introspection_c.dir/rosidl_typesupport_introspection_c/yesense_interface/msg/detail/nav_status__type_support.c.o[0m
[24.005s] [ 69%] [32mBuilding C object CMakeFiles/yesense_interface__rosidl_typesupport_introspection_c.dir/rosidl_typesupport_introspection_c/yesense_interface/msg/detail/vel__type_support.c.o[0m
[24.008s] [ 70%] [32mBuilding C object CMakeFiles/yesense_interface__rosidl_typesupport_introspection_c.dir/rosidl_typesupport_introspection_c/yesense_interface/msg/detail/utc__type_support.c.o[0m
[24.068s] [ 70%] [32mBuilding C object CMakeFiles/yesense_interface__rosidl_typesupport_introspection_c.dir/rosidl_typesupport_introspection_c/yesense_interface/msg/detail/sample_timestamp__type_support.c.o[0m
[24.071s] [ 71%] [32mBuilding C object CMakeFiles/yesense_interface__rosidl_typesupport_introspection_c.dir/rosidl_typesupport_introspection_c/yesense_interface/msg/detail/imu_data__type_support.c.o[0m
[24.134s] [ 71%] [32mBuilding C object CMakeFiles/yesense_interface__rosidl_typesupport_introspection_c.dir/rosidl_typesupport_introspection_c/yesense_interface/msg/detail/imu_data_ten_axis__type_support.c.o[0m
[24.140s] [ 72%] [32mBuilding C object CMakeFiles/yesense_interface__rosidl_typesupport_introspection_c.dir/rosidl_typesupport_introspection_c/yesense_interface/msg/detail/euler_only__type_support.c.o[0m
[24.216s] [ 73%] [32mBuilding C object CMakeFiles/yesense_interface__rosidl_typesupport_introspection_c.dir/rosidl_typesupport_introspection_c/yesense_interface/msg/detail/attitude_min_vru__type_support.c.o[0m
[24.217s] [ 73%] [32mBuilding C object CMakeFiles/yesense_interface__rosidl_typesupport_introspection_c.dir/rosidl_typesupport_introspection_c/yesense_interface/msg/detail/robot_lord__type_support.c.o[0m
[24.283s] [ 73%] [32mBuilding C object CMakeFiles/yesense_interface__rosidl_typesupport_introspection_c.dir/rosidl_typesupport_introspection_c/yesense_interface/msg/detail/attitude_min_ahrs__type_support.c.o[0m
[24.284s] [ 74%] [32mBuilding C object CMakeFiles/yesense_interface__rosidl_typesupport_introspection_c.dir/rosidl_typesupport_introspection_c/yesense_interface/msg/detail/attitude_all_data__type_support.c.o[0m
[24.368s] [ 75%] [32mBuilding C object CMakeFiles/yesense_interface__rosidl_typesupport_introspection_c.dir/rosidl_typesupport_introspection_c/yesense_interface/msg/detail/pos_only__type_support.c.o[0m
[24.369s] [ 75%] [32mBuilding C object CMakeFiles/yesense_interface__rosidl_typesupport_introspection_c.dir/rosidl_typesupport_introspection_c/yesense_interface/msg/detail/nav_min__type_support.c.o[0m
[24.437s] [ 75%] [32mBuilding C object CMakeFiles/yesense_interface__rosidl_typesupport_introspection_c.dir/rosidl_typesupport_introspection_c/yesense_interface/msg/detail/nav_min_utc__type_support.c.o[0m
[24.437s] [ 75%] [32mBuilding CXX object CMakeFiles/yesense_interface__rosidl_typesupport_fastrtps_c.dir/rosidl_typesupport_fastrtps_c/yesense_interface/msg/detail/euler_angle__type_support_c.cpp.o[0m
[24.521s] [ 76%] [32mBuilding C object CMakeFiles/yesense_interface__rosidl_typesupport_introspection_c.dir/rosidl_typesupport_introspection_c/yesense_interface/msg/detail/nav_all__type_support.c.o[0m
[24.608s] [ 76%] [32m[1mLinking C shared library libyesense_interface__rosidl_typesupport_introspection_c.so[0m
[24.641s] [ 77%] [32mBuilding CXX object CMakeFiles/yesense_interface__rosidl_typesupport_fastrtps_c.dir/rosidl_typesupport_fastrtps_c/yesense_interface/msg/detail/quat__type_support_c.cpp.o[0m
[24.669s] [ 77%] [32mBuilding CXX object CMakeFiles/yesense_interface__rosidl_typesupport_fastrtps_c.dir/rosidl_typesupport_fastrtps_c/yesense_interface/msg/detail/gnss_pos__type_support_c.cpp.o[0m
[24.679s] [ 77%] Built target yesense_interface__rosidl_typesupport_introspection_c
[24.694s] [ 78%] [32mBuilding CXX object CMakeFiles/yesense_interface__rosidl_typesupport_fastrtps_c.dir/rosidl_typesupport_fastrtps_c/yesense_interface/msg/detail/nav_status__type_support_c.cpp.o[0m
[25.210s] [ 78%] [32mBuilding CXX object CMakeFiles/yesense_interface__rosidl_typesupport_fastrtps_c.dir/rosidl_typesupport_fastrtps_c/yesense_interface/msg/detail/vel__type_support_c.cpp.o[0m
[25.415s] [ 79%] [32mBuilding CXX object CMakeFiles/yesense_interface__rosidl_typesupport_fastrtps_c.dir/rosidl_typesupport_fastrtps_c/yesense_interface/msg/detail/utc__type_support_c.cpp.o[0m
[25.459s] [ 79%] [32mBuilding CXX object CMakeFiles/yesense_interface__rosidl_typesupport_fastrtps_c.dir/rosidl_typesupport_fastrtps_c/yesense_interface/msg/detail/sample_timestamp__type_support_c.cpp.o[0m
[25.466s] [ 80%] [32mBuilding CXX object CMakeFiles/yesense_interface__rosidl_typesupport_fastrtps_c.dir/rosidl_typesupport_fastrtps_c/yesense_interface/msg/detail/imu_data__type_support_c.cpp.o[0m
[25.990s] [ 80%] [32mBuilding CXX object CMakeFiles/yesense_interface__rosidl_typesupport_fastrtps_c.dir/rosidl_typesupport_fastrtps_c/yesense_interface/msg/detail/imu_data_ten_axis__type_support_c.cpp.o[0m
[26.204s] [ 81%] [32mBuilding CXX object CMakeFiles/yesense_interface__rosidl_typesupport_fastrtps_c.dir/rosidl_typesupport_fastrtps_c/yesense_interface/msg/detail/euler_only__type_support_c.cpp.o[0m
[26.237s] [ 81%] [32mBuilding CXX object CMakeFiles/yesense_interface__rosidl_typesupport_fastrtps_c.dir/rosidl_typesupport_fastrtps_c/yesense_interface/msg/detail/robot_lord__type_support_c.cpp.o[0m
[26.251s] [ 82%] [32mBuilding CXX object CMakeFiles/yesense_interface__rosidl_typesupport_fastrtps_c.dir/rosidl_typesupport_fastrtps_c/yesense_interface/msg/detail/attitude_min_vru__type_support_c.cpp.o[0m
[26.777s] [ 82%] [32mBuilding CXX object CMakeFiles/yesense_interface__rosidl_typesupport_fastrtps_c.dir/rosidl_typesupport_fastrtps_c/yesense_interface/msg/detail/attitude_min_ahrs__type_support_c.cpp.o[0m
[26.980s] [ 83%] [32mBuilding CXX object CMakeFiles/yesense_interface__rosidl_typesupport_fastrtps_c.dir/rosidl_typesupport_fastrtps_c/yesense_interface/msg/detail/attitude_all_data__type_support_c.cpp.o[0m
[27.021s] [ 83%] [32mBuilding CXX object CMakeFiles/yesense_interface__rosidl_typesupport_fastrtps_c.dir/rosidl_typesupport_fastrtps_c/yesense_interface/msg/detail/pos_only__type_support_c.cpp.o[0m
[27.032s] [ 84%] [32mBuilding CXX object CMakeFiles/yesense_interface__rosidl_typesupport_fastrtps_c.dir/rosidl_typesupport_fastrtps_c/yesense_interface/msg/detail/nav_min__type_support_c.cpp.o[0m
[27.557s] [ 84%] [32mBuilding CXX object CMakeFiles/yesense_interface__rosidl_typesupport_fastrtps_c.dir/rosidl_typesupport_fastrtps_c/yesense_interface/msg/detail/nav_min_utc__type_support_c.cpp.o[0m
[27.756s] [ 85%] [32mBuilding CXX object CMakeFiles/yesense_interface__rosidl_typesupport_fastrtps_c.dir/rosidl_typesupport_fastrtps_c/yesense_interface/msg/detail/nav_all__type_support_c.cpp.o[0m
[28.331s] [ 85%] [32m[1mLinking CXX shared library libyesense_interface__rosidl_typesupport_fastrtps_c.so[0m
[28.444s] [ 85%] Built target yesense_interface__rosidl_typesupport_fastrtps_c
[28.467s] [ 85%] Built target yesense_interface
[28.491s] [ 86%] [34m[1mGenerating Python code for ROS interfaces[0m
[31.425s] [ 86%] Built target yesense_interface__py
[31.453s] [ 88%] [32mBuilding C object CMakeFiles/yesense_interface__rosidl_generator_py.dir/rosidl_generator_py/yesense_interface/msg/_pressure_s.c.o[0m
[31.454s] [ 88%] [32mBuilding C object CMakeFiles/yesense_interface__rosidl_generator_py.dir/rosidl_generator_py/yesense_interface/msg/_three_axis_s.c.o[0m
[31.454s] [ 88%] [32mBuilding C object CMakeFiles/yesense_interface__rosidl_generator_py.dir/rosidl_generator_py/yesense_interface/msg/_sensor_temp_s.c.o[0m
[31.454s] [ 88%] [32mBuilding C object CMakeFiles/yesense_interface__rosidl_generator_py.dir/rosidl_generator_py/yesense_interface/msg/_tid_s.c.o[0m
[31.660s] [ 89%] [32mBuilding C object CMakeFiles/yesense_interface__rosidl_generator_py.dir/rosidl_generator_py/yesense_interface/msg/_gnss_pos_s.c.o[0m
[31.661s] [ 89%] [32mBuilding C object CMakeFiles/yesense_interface__rosidl_generator_py.dir/rosidl_generator_py/yesense_interface/msg/_euler_angle_s.c.o[0m
[31.661s] [ 89%] [32mBuilding C object CMakeFiles/yesense_interface__rosidl_generator_py.dir/rosidl_generator_py/yesense_interface/msg/_quat_s.c.o[0m
[31.668s] [ 90%] [32mBuilding C object CMakeFiles/yesense_interface__rosidl_generator_py.dir/rosidl_generator_py/yesense_interface/msg/_nav_status_s.c.o[0m
[31.870s] [ 91%] [32mBuilding C object CMakeFiles/yesense_interface__rosidl_generator_py.dir/rosidl_generator_py/yesense_interface/msg/_vel_s.c.o[0m
[31.870s] [ 91%] [32mBuilding C object CMakeFiles/yesense_interface__rosidl_generator_py.dir/rosidl_generator_py/yesense_interface/msg/_utc_s.c.o[0m
[31.872s] [ 91%] [32mBuilding C object CMakeFiles/yesense_interface__rosidl_generator_py.dir/rosidl_generator_py/yesense_interface/msg/_sample_timestamp_s.c.o[0m
[31.875s] [ 92%] [32mBuilding C object CMakeFiles/yesense_interface__rosidl_generator_py.dir/rosidl_generator_py/yesense_interface/msg/_imu_data_s.c.o[0m
[32.080s] [ 92%] [32mBuilding C object CMakeFiles/yesense_interface__rosidl_generator_py.dir/rosidl_generator_py/yesense_interface/msg/_imu_data_ten_axis_s.c.o[0m
[32.084s] [ 93%] [32mBuilding C object CMakeFiles/yesense_interface__rosidl_generator_py.dir/rosidl_generator_py/yesense_interface/msg/_euler_only_s.c.o[0m
[32.085s] [ 93%] [32mBuilding C object CMakeFiles/yesense_interface__rosidl_generator_py.dir/rosidl_generator_py/yesense_interface/msg/_robot_lord_s.c.o[0m
[32.086s] [ 94%] [32mBuilding C object CMakeFiles/yesense_interface__rosidl_generator_py.dir/rosidl_generator_py/yesense_interface/msg/_attitude_min_vru_s.c.o[0m
[32.291s] [ 95%] [32mBuilding C object CMakeFiles/yesense_interface__rosidl_generator_py.dir/rosidl_generator_py/yesense_interface/msg/_attitude_min_ahrs_s.c.o[0m
[32.291s] [ 95%] [32mBuilding C object CMakeFiles/yesense_interface__rosidl_generator_py.dir/rosidl_generator_py/yesense_interface/msg/_pos_only_s.c.o[0m
[32.291s] [ 95%] [32mBuilding C object CMakeFiles/yesense_interface__rosidl_generator_py.dir/rosidl_generator_py/yesense_interface/msg/_attitude_all_data_s.c.o[0m
[32.298s] [ 96%] [32mBuilding C object CMakeFiles/yesense_interface__rosidl_generator_py.dir/rosidl_generator_py/yesense_interface/msg/_nav_min_s.c.o[0m
[32.498s] [ 97%] [32mBuilding C object CMakeFiles/yesense_interface__rosidl_generator_py.dir/rosidl_generator_py/yesense_interface/msg/_nav_min_utc_s.c.o[0m
[32.498s] [ 97%] [32mBuilding C object CMakeFiles/yesense_interface__rosidl_generator_py.dir/rosidl_generator_py/yesense_interface/msg/_nav_all_s.c.o[0m
[32.670s] [ 97%] [32m[1mLinking C shared library rosidl_generator_py/yesense_interface/libyesense_interface__rosidl_generator_py.so[0m
[32.724s] [ 97%] Built target yesense_interface__rosidl_generator_py
[32.757s] [100%] [32mBuilding C object CMakeFiles/yesense_interface__rosidl_typesupport_fastrtps_c__pyext.dir/rosidl_generator_py/yesense_interface/_yesense_interface_s.ep.rosidl_typesupport_fastrtps_c.c.o[0m
[32.757s] [100%] [32mBuilding C object CMakeFiles/yesense_interface__rosidl_typesupport_c__pyext.dir/rosidl_generator_py/yesense_interface/_yesense_interface_s.ep.rosidl_typesupport_c.c.o[0m
[32.757s] [100%] [32mBuilding C object CMakeFiles/yesense_interface__rosidl_typesupport_introspection_c__pyext.dir/rosidl_generator_py/yesense_interface/_yesense_interface_s.ep.rosidl_typesupport_introspection_c.c.o[0m
[33.070s] [100%] [32m[1mLinking C shared library rosidl_generator_py/yesense_interface/yesense_interface_s__rosidl_typesupport_introspection_c.cpython-310-x86_64-linux-gnu.so[0m
[33.071s] [100%] [32m[1mLinking C shared library rosidl_generator_py/yesense_interface/yesense_interface_s__rosidl_typesupport_c.cpython-310-x86_64-linux-gnu.so[0m
[33.074s] [100%] [32m[1mLinking C shared library rosidl_generator_py/yesense_interface/yesense_interface_s__rosidl_typesupport_fastrtps_c.cpython-310-x86_64-linux-gnu.so[0m
[33.138s] [100%] Built target yesense_interface__rosidl_typesupport_introspection_c__pyext
[33.138s] [100%] Built target yesense_interface__rosidl_typesupport_c__pyext
[33.142s] [100%] Built target yesense_interface__rosidl_typesupport_fastrtps_c__pyext
[33.158s] Invoked command in '/home/jenter/package/work/build/yesense_interface' returned '0': CMAKE_PREFIX_PATH=${CMAKE_PREFIX_PATH}:/opt/ros/humble /usr/bin/cmake --build /home/jenter/package/work/build/yesense_interface -- -j4 -l4
[33.171s] Invoking command in '/home/jenter/package/work/build/yesense_interface': CMAKE_PREFIX_PATH=${CMAKE_PREFIX_PATH}:/opt/ros/humble /usr/bin/cmake --install /home/jenter/package/work/build/yesense_interface
[33.180s] -- Install configuration: ""
[33.181s] -- Installing: /home/jenter/package/work/install/yesense_interface/share/ament_index/resource_index/rosidl_interfaces/yesense_interface
[33.181s] -- Installing: /home/jenter/package/work/install/yesense_interface/include/yesense_interface/yesense_interface
[33.181s] -- Installing: /home/jenter/package/work/install/yesense_interface/include/yesense_interface/yesense_interface/msg
[33.181s] -- Installing: /home/jenter/package/work/install/yesense_interface/include/yesense_interface/yesense_interface/msg/robot_lord.h
[33.182s] -- Installing: /home/jenter/package/work/install/yesense_interface/include/yesense_interface/yesense_interface/msg/pos_only.h
[33.182s] -- Installing: /home/jenter/package/work/install/yesense_interface/include/yesense_interface/yesense_interface/msg/detail
[33.182s] -- Installing: /home/jenter/package/work/install/yesense_interface/include/yesense_interface/yesense_interface/msg/detail/imu_data_ten_axis__struct.h
[33.182s] -- Installing: /home/jenter/package/work/install/yesense_interface/include/yesense_interface/yesense_interface/msg/detail/pos_only__functions.c
[33.182s] -- Installing: /home/jenter/package/work/install/yesense_interface/include/yesense_interface/yesense_interface/msg/detail/pos_only__struct.h
[33.182s] -- Installing: /home/jenter/package/work/install/yesense_interface/include/yesense_interface/yesense_interface/msg/detail/pressure__functions.c
[33.182s] -- Installing: /home/jenter/package/work/install/yesense_interface/include/yesense_interface/yesense_interface/msg/detail/euler_only__type_support.h
[33.182s] -- Installing: /home/jenter/package/work/install/yesense_interface/include/yesense_interface/yesense_interface/msg/detail/sample_timestamp__functions.h
[33.182s] -- Installing: /home/jenter/package/work/install/yesense_interface/include/yesense_interface/yesense_interface/msg/detail/euler_only__functions.c
[33.183s] -- Installing: /home/jenter/package/work/install/yesense_interface/include/yesense_interface/yesense_interface/msg/detail/gnss_pos__type_support.h
[33.183s] -- Installing: /home/jenter/package/work/install/yesense_interface/include/yesense_interface/yesense_interface/msg/detail/imu_data_ten_axis__functions.h
[33.183s] -- Installing: /home/jenter/package/work/install/yesense_interface/include/yesense_interface/yesense_interface/msg/detail/tid__struct.h
[33.183s] -- Installing: /home/jenter/package/work/install/yesense_interface/include/yesense_interface/yesense_interface/msg/detail/gnss_pos__functions.h
[33.183s] -- Installing: /home/jenter/package/work/install/yesense_interface/include/yesense_interface/yesense_interface/msg/detail/attitude_all_data__functions.h
[33.183s] -- Installing: /home/jenter/package/work/install/yesense_interface/include/yesense_interface/yesense_interface/msg/detail/sample_timestamp__functions.c
[33.183s] -- Installing: /home/jenter/package/work/install/yesense_interface/include/yesense_interface/yesense_interface/msg/detail/attitude_min_ahrs__type_support.h
[33.183s] -- Installing: /home/jenter/package/work/install/yesense_interface/include/yesense_interface/yesense_interface/msg/detail/tid__functions.c
[33.184s] -- Installing: /home/jenter/package/work/install/yesense_interface/include/yesense_interface/yesense_interface/msg/detail/nav_min__functions.c
[33.184s] -- Installing: /home/jenter/package/work/install/yesense_interface/include/yesense_interface/yesense_interface/msg/detail/attitude_min_vru__struct.h
[33.184s] -- Installing: /home/jenter/package/work/install/yesense_interface/include/yesense_interface/yesense_interface/msg/detail/tid__functions.h
[33.184s] -- Installing: /home/jenter/package/work/install/yesense_interface/include/yesense_interface/yesense_interface/msg/detail/three_axis__type_support.h
[33.184s] -- Installing: /home/jenter/package/work/install/yesense_interface/include/yesense_interface/yesense_interface/msg/detail/euler_angle__functions.c
[33.184s] -- Installing: /home/jenter/package/work/install/yesense_interface/include/yesense_interface/yesense_interface/msg/detail/tid__type_support.h
[33.184s] -- Installing: /home/jenter/package/work/install/yesense_interface/include/yesense_interface/yesense_interface/msg/detail/nav_all__functions.h
[33.185s] -- Installing: /home/jenter/package/work/install/yesense_interface/include/yesense_interface/yesense_interface/msg/detail/attitude_min_ahrs__functions.c
[33.185s] -- Installing: /home/jenter/package/work/install/yesense_interface/include/yesense_interface/yesense_interface/msg/detail/pressure__struct.h
[33.185s] -- Installing: /home/jenter/package/work/install/yesense_interface/include/yesense_interface/yesense_interface/msg/detail/pressure__functions.h
[33.185s] -- Installing: /home/jenter/package/work/install/yesense_interface/include/yesense_interface/yesense_interface/msg/detail/three_axis__struct.h
[33.185s] -- Installing: /home/jenter/package/work/install/yesense_interface/include/yesense_interface/yesense_interface/msg/detail/nav_status__type_support.h
[33.185s] -- Installing: /home/jenter/package/work/install/yesense_interface/include/yesense_interface/yesense_interface/msg/detail/utc__functions.c
[33.185s] -- Installing: /home/jenter/package/work/install/yesense_interface/include/yesense_interface/yesense_interface/msg/detail/nav_all__struct.h
[33.185s] -- Installing: /home/jenter/package/work/install/yesense_interface/include/yesense_interface/yesense_interface/msg/detail/attitude_min_ahrs__functions.h
[33.186s] -- Installing: /home/jenter/package/work/install/yesense_interface/include/yesense_interface/yesense_interface/msg/detail/vel__functions.h
[33.186s] -- Installing: /home/jenter/package/work/install/yesense_interface/include/yesense_interface/yesense_interface/msg/detail/sensor_temp__type_support.h
[33.186s] -- Installing: /home/jenter/package/work/install/yesense_interface/include/yesense_interface/yesense_interface/msg/detail/imu_data__functions.h
[33.186s] -- Installing: /home/jenter/package/work/install/yesense_interface/include/yesense_interface/yesense_interface/msg/detail/quat__functions.h
[33.186s] -- Installing: /home/jenter/package/work/install/yesense_interface/include/yesense_interface/yesense_interface/msg/detail/quat__functions.c
[33.186s] -- Installing: /home/jenter/package/work/install/yesense_interface/include/yesense_interface/yesense_interface/msg/detail/quat__struct.h
[33.186s] -- Installing: /home/jenter/package/work/install/yesense_interface/include/yesense_interface/yesense_interface/msg/detail/utc__struct.h
[33.187s] -- Installing: /home/jenter/package/work/install/yesense_interface/include/yesense_interface/yesense_interface/msg/detail/attitude_all_data__struct.h
[33.187s] -- Installing: /home/jenter/package/work/install/yesense_interface/include/yesense_interface/yesense_interface/msg/detail/sensor_temp__functions.c
[33.187s] -- Installing: /home/jenter/package/work/install/yesense_interface/include/yesense_interface/yesense_interface/msg/detail/imu_data__functions.c
[33.187s] -- Installing: /home/jenter/package/work/install/yesense_interface/include/yesense_interface/yesense_interface/msg/detail/nav_min__functions.h
[33.187s] -- Installing: /home/jenter/package/work/install/yesense_interface/include/yesense_interface/yesense_interface/msg/detail/imu_data_ten_axis__functions.c
[33.187s] -- Installing: /home/jenter/package/work/install/yesense_interface/include/yesense_interface/yesense_interface/msg/detail/nav_status__functions.c
[33.188s] -- Installing: /home/jenter/package/work/install/yesense_interface/include/yesense_interface/yesense_interface/msg/detail/three_axis__functions.h
[33.188s] -- Installing: /home/jenter/package/work/install/yesense_interface/include/yesense_interface/yesense_interface/msg/detail/robot_lord__functions.c
[33.188s] -- Installing: /home/jenter/package/work/install/yesense_interface/include/yesense_interface/yesense_interface/msg/detail/euler_angle__struct.h
[33.188s] -- Installing: /home/jenter/package/work/install/yesense_interface/include/yesense_interface/yesense_interface/msg/detail/nav_status__functions.h
[33.188s] -- Installing: /home/jenter/package/work/install/yesense_interface/include/yesense_interface/yesense_interface/msg/detail/quat__type_support.h
[33.188s] -- Installing: /home/jenter/package/work/install/yesense_interface/include/yesense_interface/yesense_interface/msg/detail/euler_angle__functions.h
[33.189s] -- Installing: /home/jenter/package/work/install/yesense_interface/include/yesense_interface/yesense_interface/msg/detail/nav_min_utc__type_support.h
[33.189s] -- Installing: /home/jenter/package/work/install/yesense_interface/include/yesense_interface/yesense_interface/msg/detail/imu_data__type_support.h
[33.189s] -- Installing: /home/jenter/package/work/install/yesense_interface/include/yesense_interface/yesense_interface/msg/detail/gnss_pos__struct.h
[33.189s] -- Installing: /home/jenter/package/work/install/yesense_interface/include/yesense_interface/yesense_interface/msg/detail/utc__functions.h
[33.189s] -- Installing: /home/jenter/package/work/install/yesense_interface/include/yesense_interface/yesense_interface/msg/detail/sample_timestamp__struct.h
[33.189s] -- Installing: /home/jenter/package/work/install/yesense_interface/include/yesense_interface/yesense_interface/msg/detail/pressure__type_support.h
[33.189s] -- Installing: /home/jenter/package/work/install/yesense_interface/include/yesense_interface/yesense_interface/msg/detail/sensor_temp__functions.h
[33.190s] -- Installing: /home/jenter/package/work/install/yesense_interface/include/yesense_interface/yesense_interface/msg/detail/imu_data_ten_axis__type_support.h
[33.190s] -- Installing: /home/jenter/package/work/install/yesense_interface/include/yesense_interface/yesense_interface/msg/detail/attitude_min_vru__functions.h
[33.190s] -- Installing: /home/jenter/package/work/install/yesense_interface/include/yesense_interface/yesense_interface/msg/detail/attitude_all_data__functions.c
[33.190s] -- Installing: /home/jenter/package/work/install/yesense_interface/include/yesense_interface/yesense_interface/msg/detail/sample_timestamp__type_support.h
[33.190s] -- Installing: /home/jenter/package/work/install/yesense_interface/include/yesense_interface/yesense_interface/msg/detail/nav_min__struct.h
[33.190s] -- Installing: /home/jenter/package/work/install/yesense_interface/include/yesense_interface/yesense_interface/msg/detail/nav_all__type_support.h
[33.191s] -- Installing: /home/jenter/package/work/install/yesense_interface/include/yesense_interface/yesense_interface/msg/detail/three_axis__functions.c
[33.191s] -- Installing: /home/jenter/package/work/install/yesense_interface/include/yesense_interface/yesense_interface/msg/detail/gnss_pos__functions.c
[33.191s] -- Installing: /home/jenter/package/work/install/yesense_interface/include/yesense_interface/yesense_interface/msg/detail/vel__struct.h
[33.191s] -- Installing: /home/jenter/package/work/install/yesense_interface/include/yesense_interface/yesense_interface/msg/detail/pos_only__type_support.h
[33.191s] -- Installing: /home/jenter/package/work/install/yesense_interface/include/yesense_interface/yesense_interface/msg/detail/attitude_min_ahrs__struct.h
[33.191s] -- Installing: /home/jenter/package/work/install/yesense_interface/include/yesense_interface/yesense_interface/msg/detail/vel__functions.c
[33.192s] -- Installing: /home/jenter/package/work/install/yesense_interface/include/yesense_interface/yesense_interface/msg/detail/nav_min_utc__struct.h
[33.192s] -- Installing: /home/jenter/package/work/install/yesense_interface/include/yesense_interface/yesense_interface/msg/detail/attitude_min_vru__functions.c
[33.192s] -- Installing: /home/jenter/package/work/install/yesense_interface/include/yesense_interface/yesense_interface/msg/detail/robot_lord__functions.h
[33.192s] -- Installing: /home/jenter/package/work/install/yesense_interface/include/yesense_interface/yesense_interface/msg/detail/vel__type_support.h
[33.192s] -- Installing: /home/jenter/package/work/install/yesense_interface/include/yesense_interface/yesense_interface/msg/detail/euler_only__functions.h
[33.192s] -- Installing: /home/jenter/package/work/install/yesense_interface/include/yesense_interface/yesense_interface/msg/detail/euler_only__struct.h
[33.193s] -- Installing: /home/jenter/package/work/install/yesense_interface/include/yesense_interface/yesense_interface/msg/detail/nav_status__struct.h
[33.193s] -- Installing: /home/jenter/package/work/install/yesense_interface/include/yesense_interface/yesense_interface/msg/detail/pos_only__functions.h
[33.193s] -- Installing: /home/jenter/package/work/install/yesense_interface/include/yesense_interface/yesense_interface/msg/detail/euler_angle__type_support.h
[33.193s] -- Installing: /home/jenter/package/work/install/yesense_interface/include/yesense_interface/yesense_interface/msg/detail/imu_data__struct.h
[33.193s] -- Installing: /home/jenter/package/work/install/yesense_interface/include/yesense_interface/yesense_interface/msg/detail/robot_lord__type_support.h
[33.193s] -- Installing: /home/jenter/package/work/install/yesense_interface/include/yesense_interface/yesense_interface/msg/detail/nav_min__type_support.h
[33.194s] -- Installing: /home/jenter/package/work/install/yesense_interface/include/yesense_interface/yesense_interface/msg/detail/nav_min_utc__functions.c
[33.194s] -- Installing: /home/jenter/package/work/install/yesense_interface/include/yesense_interface/yesense_interface/msg/detail/attitude_all_data__type_support.h
[33.194s] -- Installing: /home/jenter/package/work/install/yesense_interface/include/yesense_interface/yesense_interface/msg/detail/utc__type_support.h
[33.194s] -- Installing: /home/jenter/package/work/install/yesense_interface/include/yesense_interface/yesense_interface/msg/detail/nav_min_utc__functions.h
[33.194s] -- Installing: /home/jenter/package/work/install/yesense_interface/include/yesense_interface/yesense_interface/msg/detail/sensor_temp__struct.h
[33.194s] -- Installing: /home/jenter/package/work/install/yesense_interface/include/yesense_interface/yesense_interface/msg/detail/attitude_min_vru__type_support.h
[33.195s] -- Installing: /home/jenter/package/work/install/yesense_interface/include/yesense_interface/yesense_interface/msg/detail/robot_lord__struct.h
[33.195s] -- Installing: /home/jenter/package/work/install/yesense_interface/include/yesense_interface/yesense_interface/msg/detail/nav_all__functions.c
[33.195s] -- Installing: /home/jenter/package/work/install/yesense_interface/include/yesense_interface/yesense_interface/msg/pressure.h
[33.195s] -- Installing: /home/jenter/package/work/install/yesense_interface/include/yesense_interface/yesense_interface/msg/nav_min_utc.h
[33.195s] -- Installing: /home/jenter/package/work/install/yesense_interface/include/yesense_interface/yesense_interface/msg/gnss_pos.h
[33.195s] -- Installing: /home/jenter/package/work/install/yesense_interface/include/yesense_interface/yesense_interface/msg/utc.h
[33.196s] -- Installing: /home/jenter/package/work/install/yesense_interface/include/yesense_interface/yesense_interface/msg/attitude_all_data.h
[33.196s] -- Installing: /home/jenter/package/work/install/yesense_interface/include/yesense_interface/yesense_interface/msg/sensor_temp.h
[33.196s] -- Installing: /home/jenter/package/work/install/yesense_interface/include/yesense_interface/yesense_interface/msg/three_axis.h
[33.196s] -- Installing: /home/jenter/package/work/install/yesense_interface/include/yesense_interface/yesense_interface/msg/tid.h
[33.196s] -- Installing: /home/jenter/package/work/install/yesense_interface/include/yesense_interface/yesense_interface/msg/nav_status.h
[33.196s] -- Installing: /home/jenter/package/work/install/yesense_interface/include/yesense_interface/yesense_interface/msg/imu_data_ten_axis.h
[33.197s] -- Installing: /home/jenter/package/work/install/yesense_interface/include/yesense_interface/yesense_interface/msg/attitude_min_ahrs.h
[33.197s] -- Installing: /home/jenter/package/work/install/yesense_interface/include/yesense_interface/yesense_interface/msg/vel.h
[33.197s] -- Installing: /home/jenter/package/work/install/yesense_interface/include/yesense_interface/yesense_interface/msg/attitude_min_vru.h
[33.197s] -- Installing: /home/jenter/package/work/install/yesense_interface/include/yesense_interface/yesense_interface/msg/imu_data.h
[33.197s] -- Installing: /home/jenter/package/work/install/yesense_interface/include/yesense_interface/yesense_interface/msg/euler_angle.h
[33.197s] -- Installing: /home/jenter/package/work/install/yesense_interface/include/yesense_interface/yesense_interface/msg/nav_min.h
[33.197s] -- Installing: /home/jenter/package/work/install/yesense_interface/include/yesense_interface/yesense_interface/msg/quat.h
[33.198s] -- Installing: /home/jenter/package/work/install/yesense_interface/include/yesense_interface/yesense_interface/msg/euler_only.h
[33.198s] -- Installing: /home/jenter/package/work/install/yesense_interface/include/yesense_interface/yesense_interface/msg/nav_all.h
[33.198s] -- Installing: /home/jenter/package/work/install/yesense_interface/include/yesense_interface/yesense_interface/msg/sample_timestamp.h
[33.198s] -- Installing: /home/jenter/package/work/install/yesense_interface/include/yesense_interface/yesense_interface/msg/rosidl_generator_c__visibility_control.h
[33.198s] -- Installing: /home/jenter/package/work/install/yesense_interface/share/yesense_interface/environment/library_path.sh
[33.199s] -- Installing: /home/jenter/package/work/install/yesense_interface/share/yesense_interface/environment/library_path.dsv
[33.199s] -- Installing: /home/jenter/package/work/install/yesense_interface/lib/libyesense_interface__rosidl_generator_c.so
[33.200s] -- Set runtime path of "/home/jenter/package/work/install/yesense_interface/lib/libyesense_interface__rosidl_generator_c.so" to ""
[33.200s] -- Up-to-date: /home/jenter/package/work/install/yesense_interface/include/yesense_interface/yesense_interface
[33.200s] -- Up-to-date: /home/jenter/package/work/install/yesense_interface/include/yesense_interface/yesense_interface/msg
[33.200s] -- Installing: /home/jenter/package/work/install/yesense_interface/include/yesense_interface/yesense_interface/msg/rosidl_typesupport_fastrtps_c__visibility_control.h
[33.200s] -- Up-to-date: /home/jenter/package/work/install/yesense_interface/include/yesense_interface/yesense_interface/msg/detail
[33.201s] -- Installing: /home/jenter/package/work/install/yesense_interface/include/yesense_interface/yesense_interface/msg/detail/attitude_all_data__rosidl_typesupport_fastrtps_c.h
[33.201s] -- Installing: /home/jenter/package/work/install/yesense_interface/include/yesense_interface/yesense_interface/msg/detail/imu_data__rosidl_typesupport_fastrtps_c.h
[33.201s] -- Installing: /home/jenter/package/work/install/yesense_interface/include/yesense_interface/yesense_interface/msg/detail/robot_lord__rosidl_typesupport_fastrtps_c.h
[33.201s] -- Installing: /home/jenter/package/work/install/yesense_interface/include/yesense_interface/yesense_interface/msg/detail/three_axis__rosidl_typesupport_fastrtps_c.h
[33.201s] -- Installing: /home/jenter/package/work/install/yesense_interface/include/yesense_interface/yesense_interface/msg/detail/tid__rosidl_typesupport_fastrtps_c.h
[33.201s] -- Installing: /home/jenter/package/work/install/yesense_interface/include/yesense_interface/yesense_interface/msg/detail/utc__rosidl_typesupport_fastrtps_c.h
[33.201s] -- Installing: /home/jenter/package/work/install/yesense_interface/include/yesense_interface/yesense_interface/msg/detail/nav_min_utc__rosidl_typesupport_fastrtps_c.h
[33.202s] -- Installing: /home/jenter/package/work/install/yesense_interface/include/yesense_interface/yesense_interface/msg/detail/gnss_pos__rosidl_typesupport_fastrtps_c.h
[33.202s] -- Installing: /home/jenter/package/work/install/yesense_interface/include/yesense_interface/yesense_interface/msg/detail/nav_status__rosidl_typesupport_fastrtps_c.h
[33.202s] -- Installing: /home/jenter/package/work/install/yesense_interface/include/yesense_interface/yesense_interface/msg/detail/attitude_min_vru__rosidl_typesupport_fastrtps_c.h
[33.202s] -- Installing: /home/jenter/package/work/install/yesense_interface/include/yesense_interface/yesense_interface/msg/detail/pos_only__rosidl_typesupport_fastrtps_c.h
[33.202s] -- Installing: /home/jenter/package/work/install/yesense_interface/include/yesense_interface/yesense_interface/msg/detail/nav_min__rosidl_typesupport_fastrtps_c.h
[33.202s] -- Installing: /home/jenter/package/work/install/yesense_interface/include/yesense_interface/yesense_interface/msg/detail/pressure__rosidl_typesupport_fastrtps_c.h
[33.202s] -- Installing: /home/jenter/package/work/install/yesense_interface/include/yesense_interface/yesense_interface/msg/detail/vel__rosidl_typesupport_fastrtps_c.h
[33.203s] -- Installing: /home/jenter/package/work/install/yesense_interface/include/yesense_interface/yesense_interface/msg/detail/attitude_min_ahrs__rosidl_typesupport_fastrtps_c.h
[33.203s] -- Installing: /home/jenter/package/work/install/yesense_interface/include/yesense_interface/yesense_interface/msg/detail/euler_angle__rosidl_typesupport_fastrtps_c.h
[33.203s] -- Installing: /home/jenter/package/work/install/yesense_interface/include/yesense_interface/yesense_interface/msg/detail/nav_all__rosidl_typesupport_fastrtps_c.h
[33.203s] -- Installing: /home/jenter/package/work/install/yesense_interface/include/yesense_interface/yesense_interface/msg/detail/sensor_temp__rosidl_typesupport_fastrtps_c.h
[33.203s] -- Installing: /home/jenter/package/work/install/yesense_interface/include/yesense_interface/yesense_interface/msg/detail/sample_timestamp__rosidl_typesupport_fastrtps_c.h
[33.203s] -- Installing: /home/jenter/package/work/install/yesense_interface/include/yesense_interface/yesense_interface/msg/detail/imu_data_ten_axis__rosidl_typesupport_fastrtps_c.h
[33.203s] -- Installing: /home/jenter/package/work/install/yesense_interface/include/yesense_interface/yesense_interface/msg/detail/euler_only__rosidl_typesupport_fastrtps_c.h
[33.204s] -- Installing: /home/jenter/package/work/install/yesense_interface/include/yesense_interface/yesense_interface/msg/detail/quat__rosidl_typesupport_fastrtps_c.h
[33.204s] -- Installing: /home/jenter/package/work/install/yesense_interface/lib/libyesense_interface__rosidl_typesupport_fastrtps_c.so
[33.205s] -- Set runtime path of "/home/jenter/package/work/install/yesense_interface/lib/libyesense_interface__rosidl_typesupport_fastrtps_c.so" to ""
[33.205s] -- Up-to-date: /home/jenter/package/work/install/yesense_interface/include/yesense_interface/yesense_interface
[33.205s] -- Up-to-date: /home/jenter/package/work/install/yesense_interface/include/yesense_interface/yesense_interface/msg
[33.205s] -- Installing: /home/jenter/package/work/install/yesense_interface/include/yesense_interface/yesense_interface/msg/rosidl_typesupport_introspection_c__visibility_control.h
[33.205s] -- Up-to-date: /home/jenter/package/work/install/yesense_interface/include/yesense_interface/yesense_interface/msg/detail
[33.205s] -- Installing: /home/jenter/package/work/install/yesense_interface/include/yesense_interface/yesense_interface/msg/detail/nav_status__type_support.c
[33.205s] -- Installing: /home/jenter/package/work/install/yesense_interface/include/yesense_interface/yesense_interface/msg/detail/euler_angle__rosidl_typesupport_introspection_c.h
[33.205s] -- Installing: /home/jenter/package/work/install/yesense_interface/include/yesense_interface/yesense_interface/msg/detail/tid__rosidl_typesupport_introspection_c.h
[33.206s] -- Installing: /home/jenter/package/work/install/yesense_interface/include/yesense_interface/yesense_interface/msg/detail/sensor_temp__rosidl_typesupport_introspection_c.h
[33.206s] -- Installing: /home/jenter/package/work/install/yesense_interface/include/yesense_interface/yesense_interface/msg/detail/attitude_min_vru__rosidl_typesupport_introspection_c.h
[33.206s] -- Installing: /home/jenter/package/work/install/yesense_interface/include/yesense_interface/yesense_interface/msg/detail/attitude_all_data__type_support.c
[33.206s] -- Installing: /home/jenter/package/work/install/yesense_interface/include/yesense_interface/yesense_interface/msg/detail/robot_lord__rosidl_typesupport_introspection_c.h
[33.206s] -- Installing: /home/jenter/package/work/install/yesense_interface/include/yesense_interface/yesense_interface/msg/detail/nav_min__type_support.c
[33.206s] -- Installing: /home/jenter/package/work/install/yesense_interface/include/yesense_interface/yesense_interface/msg/detail/sample_timestamp__rosidl_typesupport_introspection_c.h
[33.206s] -- Installing: /home/jenter/package/work/install/yesense_interface/include/yesense_interface/yesense_interface/msg/detail/imu_data__type_support.c
[33.207s] -- Installing: /home/jenter/package/work/install/yesense_interface/include/yesense_interface/yesense_interface/msg/detail/pos_only__type_support.c
[33.207s] -- Installing: /home/jenter/package/work/install/yesense_interface/include/yesense_interface/yesense_interface/msg/detail/three_axis__rosidl_typesupport_introspection_c.h
[33.207s] -- Installing: /home/jenter/package/work/install/yesense_interface/include/yesense_interface/yesense_interface/msg/detail/pressure__rosidl_typesupport_introspection_c.h
[33.207s] -- Installing: /home/jenter/package/work/install/yesense_interface/include/yesense_interface/yesense_interface/msg/detail/three_axis__type_support.c
[33.207s] -- Installing: /home/jenter/package/work/install/yesense_interface/include/yesense_interface/yesense_interface/msg/detail/attitude_min_ahrs__type_support.c
[33.207s] -- Installing: /home/jenter/package/work/install/yesense_interface/include/yesense_interface/yesense_interface/msg/detail/euler_angle__type_support.c
[33.208s] -- Installing: /home/jenter/package/work/install/yesense_interface/include/yesense_interface/yesense_interface/msg/detail/sensor_temp__type_support.c
[33.208s] -- Installing: /home/jenter/package/work/install/yesense_interface/include/yesense_interface/yesense_interface/msg/detail/utc__rosidl_typesupport_introspection_c.h
[33.208s] -- Installing: /home/jenter/package/work/install/yesense_interface/include/yesense_interface/yesense_interface/msg/detail/attitude_all_data__rosidl_typesupport_introspection_c.h
[33.208s] -- Installing: /home/jenter/package/work/install/yesense_interface/include/yesense_interface/yesense_interface/msg/detail/euler_only__rosidl_typesupport_introspection_c.h
[33.208s] -- Installing: /home/jenter/package/work/install/yesense_interface/include/yesense_interface/yesense_interface/msg/detail/nav_all__type_support.c
[33.208s] -- Installing: /home/jenter/package/work/install/yesense_interface/include/yesense_interface/yesense_interface/msg/detail/pressure__type_support.c
[33.208s] -- Installing: /home/jenter/package/work/install/yesense_interface/include/yesense_interface/yesense_interface/msg/detail/imu_data_ten_axis__rosidl_typesupport_introspection_c.h
[33.209s] -- Installing: /home/jenter/package/work/install/yesense_interface/include/yesense_interface/yesense_interface/msg/detail/robot_lord__type_support.c
[33.209s] -- Installing: /home/jenter/package/work/install/yesense_interface/include/yesense_interface/yesense_interface/msg/detail/sample_timestamp__type_support.c
[33.209s] -- Installing: /home/jenter/package/work/install/yesense_interface/include/yesense_interface/yesense_interface/msg/detail/quat__rosidl_typesupport_introspection_c.h
[33.209s] -- Installing: /home/jenter/package/work/install/yesense_interface/include/yesense_interface/yesense_interface/msg/detail/nav_status__rosidl_typesupport_introspection_c.h
[33.209s] -- Installing: /home/jenter/package/work/install/yesense_interface/include/yesense_interface/yesense_interface/msg/detail/attitude_min_vru__type_support.c
[33.209s] -- Installing: /home/jenter/package/work/install/yesense_interface/include/yesense_interface/yesense_interface/msg/detail/utc__type_support.c
[33.210s] -- Installing: /home/jenter/package/work/install/yesense_interface/include/yesense_interface/yesense_interface/msg/detail/nav_min_utc__type_support.c
[33.210s] -- Installing: /home/jenter/package/work/install/yesense_interface/include/yesense_interface/yesense_interface/msg/detail/gnss_pos__rosidl_typesupport_introspection_c.h
[33.210s] -- Installing: /home/jenter/package/work/install/yesense_interface/include/yesense_interface/yesense_interface/msg/detail/attitude_min_ahrs__rosidl_typesupport_introspection_c.h
[33.210s] -- Installing: /home/jenter/package/work/install/yesense_interface/include/yesense_interface/yesense_interface/msg/detail/quat__type_support.c
[33.210s] -- Installing: /home/jenter/package/work/install/yesense_interface/include/yesense_interface/yesense_interface/msg/detail/vel__type_support.c
[33.210s] -- Installing: /home/jenter/package/work/install/yesense_interface/include/yesense_interface/yesense_interface/msg/detail/vel__rosidl_typesupport_introspection_c.h
[33.211s] -- Installing: /home/jenter/package/work/install/yesense_interface/include/yesense_interface/yesense_interface/msg/detail/gnss_pos__type_support.c
[33.211s] -- Installing: /home/jenter/package/work/install/yesense_interface/include/yesense_interface/yesense_interface/msg/detail/imu_data__rosidl_typesupport_introspection_c.h
[33.211s] -- Installing: /home/jenter/package/work/install/yesense_interface/include/yesense_interface/yesense_interface/msg/detail/pos_only__rosidl_typesupport_introspection_c.h
[33.211s] -- Installing: /home/jenter/package/work/install/yesense_interface/include/yesense_interface/yesense_interface/msg/detail/nav_all__rosidl_typesupport_introspection_c.h
[33.211s] -- Installing: /home/jenter/package/work/install/yesense_interface/include/yesense_interface/yesense_interface/msg/detail/tid__type_support.c
[33.211s] -- Installing: /home/jenter/package/work/install/yesense_interface/include/yesense_interface/yesense_interface/msg/detail/nav_min__rosidl_typesupport_introspection_c.h
[33.212s] -- Installing: /home/jenter/package/work/install/yesense_interface/include/yesense_interface/yesense_interface/msg/detail/nav_min_utc__rosidl_typesupport_introspection_c.h
[33.212s] -- Installing: /home/jenter/package/work/install/yesense_interface/include/yesense_interface/yesense_interface/msg/detail/euler_only__type_support.c
[33.212s] -- Installing: /home/jenter/package/work/install/yesense_interface/include/yesense_interface/yesense_interface/msg/detail/imu_data_ten_axis__type_support.c
[33.212s] -- Installing: /home/jenter/package/work/install/yesense_interface/lib/libyesense_interface__rosidl_typesupport_introspection_c.so
[33.213s] -- Set runtime path of "/home/jenter/package/work/install/yesense_interface/lib/libyesense_interface__rosidl_typesupport_introspection_c.so" to ""
[33.213s] -- Installing: /home/jenter/package/work/install/yesense_interface/lib/libyesense_interface__rosidl_typesupport_c.so
[33.213s] -- Set runtime path of "/home/jenter/package/work/install/yesense_interface/lib/libyesense_interface__rosidl_typesupport_c.so" to ""
[33.214s] -- Up-to-date: /home/jenter/package/work/install/yesense_interface/include/yesense_interface/yesense_interface
[33.214s] -- Up-to-date: /home/jenter/package/work/install/yesense_interface/include/yesense_interface/yesense_interface/msg
[33.214s] -- Installing: /home/jenter/package/work/install/yesense_interface/include/yesense_interface/yesense_interface/msg/imu_data.hpp
[33.214s] -- Up-to-date: /home/jenter/package/work/install/yesense_interface/include/yesense_interface/yesense_interface/msg/detail
[33.214s] -- Installing: /home/jenter/package/work/install/yesense_interface/include/yesense_interface/yesense_interface/msg/detail/nav_status__builder.hpp
[33.214s] -- Installing: /home/jenter/package/work/install/yesense_interface/include/yesense_interface/yesense_interface/msg/detail/pos_only__struct.hpp
[33.214s] -- Installing: /home/jenter/package/work/install/yesense_interface/include/yesense_interface/yesense_interface/msg/detail/imu_data_ten_axis__struct.hpp
[33.215s] -- Installing: /home/jenter/package/work/install/yesense_interface/include/yesense_interface/yesense_interface/msg/detail/attitude_min_vru__type_support.hpp
[33.215s] -- Installing: /home/jenter/package/work/install/yesense_interface/include/yesense_interface/yesense_interface/msg/detail/nav_min__type_support.hpp
[33.215s] -- Installing: /home/jenter/package/work/install/yesense_interface/include/yesense_interface/yesense_interface/msg/detail/nav_all__struct.hpp
[33.215s] -- Installing: /home/jenter/package/work/install/yesense_interface/include/yesense_interface/yesense_interface/msg/detail/attitude_all_data__struct.hpp
[33.215s] -- Installing: /home/jenter/package/work/install/yesense_interface/include/yesense_interface/yesense_interface/msg/detail/tid__type_support.hpp
[33.215s] -- Installing: /home/jenter/package/work/install/yesense_interface/include/yesense_interface/yesense_interface/msg/detail/pressure__builder.hpp
[33.215s] -- Installing: /home/jenter/package/work/install/yesense_interface/include/yesense_interface/yesense_interface/msg/detail/euler_angle__traits.hpp
[33.216s] -- Installing: /home/jenter/package/work/install/yesense_interface/include/yesense_interface/yesense_interface/msg/detail/attitude_all_data__builder.hpp
[33.216s] -- Installing: /home/jenter/package/work/install/yesense_interface/include/yesense_interface/yesense_interface/msg/detail/nav_min__traits.hpp
[33.216s] -- Installing: /home/jenter/package/work/install/yesense_interface/include/yesense_interface/yesense_interface/msg/detail/imu_data_ten_axis__builder.hpp
[33.216s] -- Installing: /home/jenter/package/work/install/yesense_interface/include/yesense_interface/yesense_interface/msg/detail/sample_timestamp__builder.hpp
[33.216s] -- Installing: /home/jenter/package/work/install/yesense_interface/include/yesense_interface/yesense_interface/msg/detail/tid__traits.hpp
[33.216s] -- Installing: /home/jenter/package/work/install/yesense_interface/include/yesense_interface/yesense_interface/msg/detail/three_axis__type_support.hpp
[33.216s] -- Installing: /home/jenter/package/work/install/yesense_interface/include/yesense_interface/yesense_interface/msg/detail/gnss_pos__traits.hpp
[33.217s] -- Installing: /home/jenter/package/work/install/yesense_interface/include/yesense_interface/yesense_interface/msg/detail/sample_timestamp__traits.hpp
[33.217s] -- Installing: /home/jenter/package/work/install/yesense_interface/include/yesense_interface/yesense_interface/msg/detail/nav_min_utc__traits.hpp
[33.217s] -- Installing: /home/jenter/package/work/install/yesense_interface/include/yesense_interface/yesense_interface/msg/detail/pos_only__builder.hpp
[33.217s] -- Installing: /home/jenter/package/work/install/yesense_interface/include/yesense_interface/yesense_interface/msg/detail/vel__builder.hpp
[33.217s] -- Installing: /home/jenter/package/work/install/yesense_interface/include/yesense_interface/yesense_interface/msg/detail/quat__builder.hpp
[33.217s] -- Installing: /home/jenter/package/work/install/yesense_interface/include/yesense_interface/yesense_interface/msg/detail/pressure__traits.hpp
[33.218s] -- Installing: /home/jenter/package/work/install/yesense_interface/include/yesense_interface/yesense_interface/msg/detail/sensor_temp__struct.hpp
[33.218s] -- Installing: /home/jenter/package/work/install/yesense_interface/include/yesense_interface/yesense_interface/msg/detail/pos_only__type_support.hpp
[33.218s] -- Installing: /home/jenter/package/work/install/yesense_interface/include/yesense_interface/yesense_interface/msg/detail/robot_lord__type_support.hpp
[33.218s] -- Installing: /home/jenter/package/work/install/yesense_interface/include/yesense_interface/yesense_interface/msg/detail/attitude_all_data__type_support.hpp
[33.218s] -- Installing: /home/jenter/package/work/install/yesense_interface/include/yesense_interface/yesense_interface/msg/detail/utc__traits.hpp
[33.218s] -- Installing: /home/jenter/package/work/install/yesense_interface/include/yesense_interface/yesense_interface/msg/detail/robot_lord__struct.hpp
[33.218s] -- Installing: /home/jenter/package/work/install/yesense_interface/include/yesense_interface/yesense_interface/msg/detail/attitude_min_vru__traits.hpp
[33.219s] -- Installing: /home/jenter/package/work/install/yesense_interface/include/yesense_interface/yesense_interface/msg/detail/three_axis__builder.hpp
[33.219s] -- Installing: /home/jenter/package/work/install/yesense_interface/include/yesense_interface/yesense_interface/msg/detail/attitude_min_ahrs__type_support.hpp
[33.219s] -- Installing: /home/jenter/package/work/install/yesense_interface/include/yesense_interface/yesense_interface/msg/detail/sample_timestamp__struct.hpp
[33.219s] -- Installing: /home/jenter/package/work/install/yesense_interface/include/yesense_interface/yesense_interface/msg/detail/euler_only__struct.hpp
[33.219s] -- Installing: /home/jenter/package/work/install/yesense_interface/include/yesense_interface/yesense_interface/msg/detail/imu_data__type_support.hpp
[33.220s] -- Installing: /home/jenter/package/work/install/yesense_interface/include/yesense_interface/yesense_interface/msg/detail/three_axis__struct.hpp
[33.220s] -- Installing: /home/jenter/package/work/install/yesense_interface/include/yesense_interface/yesense_interface/msg/detail/attitude_min_vru__struct.hpp
[33.220s] -- Installing: /home/jenter/package/work/install/yesense_interface/include/yesense_interface/yesense_interface/msg/detail/sensor_temp__builder.hpp
[33.220s] -- Installing: /home/jenter/package/work/install/yesense_interface/include/yesense_interface/yesense_interface/msg/detail/three_axis__traits.hpp
[33.220s] -- Installing: /home/jenter/package/work/install/yesense_interface/include/yesense_interface/yesense_interface/msg/detail/vel__type_support.hpp
[33.220s] -- Installing: /home/jenter/package/work/install/yesense_interface/include/yesense_interface/yesense_interface/msg/detail/nav_all__builder.hpp
[33.220s] -- Installing: /home/jenter/package/work/install/yesense_interface/include/yesense_interface/yesense_interface/msg/detail/attitude_min_ahrs__traits.hpp
[33.221s] -- Installing: /home/jenter/package/work/install/yesense_interface/include/yesense_interface/yesense_interface/msg/detail/gnss_pos__type_support.hpp
[33.221s] -- Installing: /home/jenter/package/work/install/yesense_interface/include/yesense_interface/yesense_interface/msg/detail/tid__struct.hpp
[33.221s] -- Installing: /home/jenter/package/work/install/yesense_interface/include/yesense_interface/yesense_interface/msg/detail/imu_data__struct.hpp
[33.221s] -- Installing: /home/jenter/package/work/install/yesense_interface/include/yesense_interface/yesense_interface/msg/detail/pos_only__traits.hpp
[33.221s] -- Installing: /home/jenter/package/work/install/yesense_interface/include/yesense_interface/yesense_interface/msg/detail/attitude_min_ahrs__builder.hpp
[33.221s] -- Installing: /home/jenter/package/work/install/yesense_interface/include/yesense_interface/yesense_interface/msg/detail/robot_lord__builder.hpp
[33.222s] -- Installing: /home/jenter/package/work/install/yesense_interface/include/yesense_interface/yesense_interface/msg/detail/quat__struct.hpp
[33.222s] -- Installing: /home/jenter/package/work/install/yesense_interface/include/yesense_interface/yesense_interface/msg/detail/euler_only__type_support.hpp
[33.222s] -- Installing: /home/jenter/package/work/install/yesense_interface/include/yesense_interface/yesense_interface/msg/detail/imu_data__traits.hpp
[33.222s] -- Installing: /home/jenter/package/work/install/yesense_interface/include/yesense_interface/yesense_interface/msg/detail/euler_angle__builder.hpp
[33.222s] -- Installing: /home/jenter/package/work/install/yesense_interface/include/yesense_interface/yesense_interface/msg/detail/pressure__type_support.hpp
[33.222s] -- Installing: /home/jenter/package/work/install/yesense_interface/include/yesense_interface/yesense_interface/msg/detail/sensor_temp__traits.hpp
[33.222s] -- Installing: /home/jenter/package/work/install/yesense_interface/include/yesense_interface/yesense_interface/msg/detail/nav_min_utc__struct.hpp
[33.223s] -- Installing: /home/jenter/package/work/install/yesense_interface/include/yesense_interface/yesense_interface/msg/detail/sample_timestamp__type_support.hpp
[33.223s] -- Installing: /home/jenter/package/work/install/yesense_interface/include/yesense_interface/yesense_interface/msg/detail/euler_only__traits.hpp
[33.223s] -- Installing: /home/jenter/package/work/install/yesense_interface/include/yesense_interface/yesense_interface/msg/detail/attitude_min_ahrs__struct.hpp
[33.224s] -- Installing: /home/jenter/package/work/install/yesense_interface/include/yesense_interface/yesense_interface/msg/detail/euler_angle__type_support.hpp
[33.224s] -- Installing: /home/jenter/package/work/install/yesense_interface/include/yesense_interface/yesense_interface/msg/detail/utc__type_support.hpp
[33.224s] -- Installing: /home/jenter/package/work/install/yesense_interface/include/yesense_interface/yesense_interface/msg/detail/euler_only__builder.hpp
[33.224s] -- Installing: /home/jenter/package/work/install/yesense_interface/include/yesense_interface/yesense_interface/msg/detail/nav_min__builder.hpp
[33.224s] -- Installing: /home/jenter/package/work/install/yesense_interface/include/yesense_interface/yesense_interface/msg/detail/sensor_temp__type_support.hpp
[33.224s] -- Installing: /home/jenter/package/work/install/yesense_interface/include/yesense_interface/yesense_interface/msg/detail/quat__traits.hpp
[33.224s] -- Installing: /home/jenter/package/work/install/yesense_interface/include/yesense_interface/yesense_interface/msg/detail/nav_status__traits.hpp
[33.225s] -- Installing: /home/jenter/package/work/install/yesense_interface/include/yesense_interface/yesense_interface/msg/detail/vel__traits.hpp
[33.225s] -- Installing: /home/jenter/package/work/install/yesense_interface/include/yesense_interface/yesense_interface/msg/detail/euler_angle__struct.hpp
[33.225s] -- Installing: /home/jenter/package/work/install/yesense_interface/include/yesense_interface/yesense_interface/msg/detail/gnss_pos__struct.hpp
[33.225s] -- Installing: /home/jenter/package/work/install/yesense_interface/include/yesense_interface/yesense_interface/msg/detail/pressure__struct.hpp
[33.225s] -- Installing: /home/jenter/package/work/install/yesense_interface/include/yesense_interface/yesense_interface/msg/detail/gnss_pos__builder.hpp
[33.225s] -- Installing: /home/jenter/package/work/install/yesense_interface/include/yesense_interface/yesense_interface/msg/detail/utc__builder.hpp
[33.226s] -- Installing: /home/jenter/package/work/install/yesense_interface/include/yesense_interface/yesense_interface/msg/detail/attitude_all_data__traits.hpp
[33.226s] -- Installing: /home/jenter/package/work/install/yesense_interface/include/yesense_interface/yesense_interface/msg/detail/utc__struct.hpp
[33.226s] -- Installing: /home/jenter/package/work/install/yesense_interface/include/yesense_interface/yesense_interface/msg/detail/nav_status__struct.hpp
[33.226s] -- Installing: /home/jenter/package/work/install/yesense_interface/include/yesense_interface/yesense_interface/msg/detail/nav_status__type_support.hpp
[33.226s] -- Installing: /home/jenter/package/work/install/yesense_interface/include/yesense_interface/yesense_interface/msg/detail/nav_min_utc__builder.hpp
[33.226s] -- Installing: /home/jenter/package/work/install/yesense_interface/include/yesense_interface/yesense_interface/msg/detail/nav_all__traits.hpp
[33.227s] -- Installing: /home/jenter/package/work/install/yesense_interface/include/yesense_interface/yesense_interface/msg/detail/attitude_min_vru__builder.hpp
[33.227s] -- Installing: /home/jenter/package/work/install/yesense_interface/include/yesense_interface/yesense_interface/msg/detail/robot_lord__traits.hpp
[33.227s] -- Installing: /home/jenter/package/work/install/yesense_interface/include/yesense_interface/yesense_interface/msg/detail/nav_min_utc__type_support.hpp
[33.227s] -- Installing: /home/jenter/package/work/install/yesense_interface/include/yesense_interface/yesense_interface/msg/detail/vel__struct.hpp
[33.227s] -- Installing: /home/jenter/package/work/install/yesense_interface/include/yesense_interface/yesense_interface/msg/detail/imu_data__builder.hpp
[33.227s] -- Installing: /home/jenter/package/work/install/yesense_interface/include/yesense_interface/yesense_interface/msg/detail/nav_all__type_support.hpp
[33.227s] -- Installing: /home/jenter/package/work/install/yesense_interface/include/yesense_interface/yesense_interface/msg/detail/imu_data_ten_axis__type_support.hpp
[33.228s] -- Installing: /home/jenter/package/work/install/yesense_interface/include/yesense_interface/yesense_interface/msg/detail/tid__builder.hpp
[33.228s] -- Installing: /home/jenter/package/work/install/yesense_interface/include/yesense_interface/yesense_interface/msg/detail/imu_data_ten_axis__traits.hpp
[33.228s] -- Installing: /home/jenter/package/work/install/yesense_interface/include/yesense_interface/yesense_interface/msg/detail/quat__type_support.hpp
[33.228s] -- Installing: /home/jenter/package/work/install/yesense_interface/include/yesense_interface/yesense_interface/msg/detail/nav_min__struct.hpp
[33.228s] -- Installing: /home/jenter/package/work/install/yesense_interface/include/yesense_interface/yesense_interface/msg/robot_lord.hpp
[33.228s] -- Installing: /home/jenter/package/work/install/yesense_interface/include/yesense_interface/yesense_interface/msg/euler_angle.hpp
[33.229s] -- Installing: /home/jenter/package/work/install/yesense_interface/include/yesense_interface/yesense_interface/msg/pos_only.hpp
[33.229s] -- Installing: /home/jenter/package/work/install/yesense_interface/include/yesense_interface/yesense_interface/msg/sensor_temp.hpp
[33.229s] -- Installing: /home/jenter/package/work/install/yesense_interface/include/yesense_interface/yesense_interface/msg/nav_min.hpp
[33.229s] -- Installing: /home/jenter/package/work/install/yesense_interface/include/yesense_interface/yesense_interface/msg/three_axis.hpp
[33.229s] -- Installing: /home/jenter/package/work/install/yesense_interface/include/yesense_interface/yesense_interface/msg/vel.hpp
[33.229s] -- Installing: /home/jenter/package/work/install/yesense_interface/include/yesense_interface/yesense_interface/msg/attitude_min_vru.hpp
[33.229s] -- Installing: /home/jenter/package/work/install/yesense_interface/include/yesense_interface/yesense_interface/msg/tid.hpp
[33.230s] -- Installing: /home/jenter/package/work/install/yesense_interface/include/yesense_interface/yesense_interface/msg/sample_timestamp.hpp
[33.230s] -- Installing: /home/jenter/package/work/install/yesense_interface/include/yesense_interface/yesense_interface/msg/nav_all.hpp
[33.230s] -- Installing: /home/jenter/package/work/install/yesense_interface/include/yesense_interface/yesense_interface/msg/gnss_pos.hpp
[33.230s] -- Installing: /home/jenter/package/work/install/yesense_interface/include/yesense_interface/yesense_interface/msg/nav_min_utc.hpp
[33.230s] -- Installing: /home/jenter/package/work/install/yesense_interface/include/yesense_interface/yesense_interface/msg/nav_status.hpp
[33.230s] -- Installing: /home/jenter/package/work/install/yesense_interface/include/yesense_interface/yesense_interface/msg/euler_only.hpp
[33.230s] -- Installing: /home/jenter/package/work/install/yesense_interface/include/yesense_interface/yesense_interface/msg/utc.hpp
[33.231s] -- Installing: /home/jenter/package/work/install/yesense_interface/include/yesense_interface/yesense_interface/msg/imu_data_ten_axis.hpp
[33.231s] -- Installing: /home/jenter/package/work/install/yesense_interface/include/yesense_interface/yesense_interface/msg/pressure.hpp
[33.231s] -- Installing: /home/jenter/package/work/install/yesense_interface/include/yesense_interface/yesense_interface/msg/quat.hpp
[33.231s] -- Installing: /home/jenter/package/work/install/yesense_interface/include/yesense_interface/yesense_interface/msg/rosidl_generator_cpp__visibility_control.hpp
[33.231s] -- Installing: /home/jenter/package/work/install/yesense_interface/include/yesense_interface/yesense_interface/msg/attitude_min_ahrs.hpp
[33.231s] -- Installing: /home/jenter/package/work/install/yesense_interface/include/yesense_interface/yesense_interface/msg/attitude_all_data.hpp
[33.232s] -- Up-to-date: /home/jenter/package/work/install/yesense_interface/include/yesense_interface/yesense_interface
[33.232s] -- Up-to-date: /home/jenter/package/work/install/yesense_interface/include/yesense_interface/yesense_interface/msg
[33.232s] -- Up-to-date: /home/jenter/package/work/install/yesense_interface/include/yesense_interface/yesense_interface/msg/detail
[33.232s] -- Installing: /home/jenter/package/work/install/yesense_interface/include/yesense_interface/yesense_interface/msg/detail/dds_fastrtps
[33.232s] -- Installing: /home/jenter/package/work/install/yesense_interface/include/yesense_interface/yesense_interface/msg/detail/robot_lord__rosidl_typesupport_fastrtps_cpp.hpp
[33.232s] -- Installing: /home/jenter/package/work/install/yesense_interface/include/yesense_interface/yesense_interface/msg/detail/quat__rosidl_typesupport_fastrtps_cpp.hpp
[33.232s] -- Installing: /home/jenter/package/work/install/yesense_interface/include/yesense_interface/yesense_interface/msg/detail/attitude_all_data__rosidl_typesupport_fastrtps_cpp.hpp
[33.233s] -- Installing: /home/jenter/package/work/install/yesense_interface/include/yesense_interface/yesense_interface/msg/detail/gnss_pos__rosidl_typesupport_fastrtps_cpp.hpp
[33.233s] -- Installing: /home/jenter/package/work/install/yesense_interface/include/yesense_interface/yesense_interface/msg/detail/attitude_min_ahrs__rosidl_typesupport_fastrtps_cpp.hpp
[33.233s] -- Installing: /home/jenter/package/work/install/yesense_interface/include/yesense_interface/yesense_interface/msg/detail/nav_min__rosidl_typesupport_fastrtps_cpp.hpp
[33.233s] -- Installing: /home/jenter/package/work/install/yesense_interface/include/yesense_interface/yesense_interface/msg/detail/pos_only__rosidl_typesupport_fastrtps_cpp.hpp
[33.233s] -- Installing: /home/jenter/package/work/install/yesense_interface/include/yesense_interface/yesense_interface/msg/detail/nav_status__rosidl_typesupport_fastrtps_cpp.hpp
[33.233s] -- Installing: /home/jenter/package/work/install/yesense_interface/include/yesense_interface/yesense_interface/msg/detail/sensor_temp__rosidl_typesupport_fastrtps_cpp.hpp
[33.233s] -- Installing: /home/jenter/package/work/install/yesense_interface/include/yesense_interface/yesense_interface/msg/detail/imu_data_ten_axis__rosidl_typesupport_fastrtps_cpp.hpp
[33.233s] -- Installing: /home/jenter/package/work/install/yesense_interface/include/yesense_interface/yesense_interface/msg/detail/sample_timestamp__rosidl_typesupport_fastrtps_cpp.hpp
[33.234s] -- Installing: /home/jenter/package/work/install/yesense_interface/include/yesense_interface/yesense_interface/msg/detail/euler_only__rosidl_typesupport_fastrtps_cpp.hpp
[33.234s] -- Installing: /home/jenter/package/work/install/yesense_interface/include/yesense_interface/yesense_interface/msg/detail/attitude_min_vru__rosidl_typesupport_fastrtps_cpp.hpp
[33.234s] -- Installing: /home/jenter/package/work/install/yesense_interface/include/yesense_interface/yesense_interface/msg/detail/euler_angle__rosidl_typesupport_fastrtps_cpp.hpp
[33.234s] -- Installing: /home/jenter/package/work/install/yesense_interface/include/yesense_interface/yesense_interface/msg/detail/nav_all__rosidl_typesupport_fastrtps_cpp.hpp
[33.234s] -- Installing: /home/jenter/package/work/install/yesense_interface/include/yesense_interface/yesense_interface/msg/detail/pressure__rosidl_typesupport_fastrtps_cpp.hpp
[33.234s] -- Installing: /home/jenter/package/work/install/yesense_interface/include/yesense_interface/yesense_interface/msg/detail/nav_min_utc__rosidl_typesupport_fastrtps_cpp.hpp
[33.235s] -- Installing: /home/jenter/package/work/install/yesense_interface/include/yesense_interface/yesense_interface/msg/detail/vel__rosidl_typesupport_fastrtps_cpp.hpp
[33.235s] -- Installing: /home/jenter/package/work/install/yesense_interface/include/yesense_interface/yesense_interface/msg/detail/imu_data__rosidl_typesupport_fastrtps_cpp.hpp
[33.235s] -- Installing: /home/jenter/package/work/install/yesense_interface/include/yesense_interface/yesense_interface/msg/detail/three_axis__rosidl_typesupport_fastrtps_cpp.hpp
[33.235s] -- Installing: /home/jenter/package/work/install/yesense_interface/include/yesense_interface/yesense_interface/msg/detail/utc__rosidl_typesupport_fastrtps_cpp.hpp
[33.235s] -- Installing: /home/jenter/package/work/install/yesense_interface/include/yesense_interface/yesense_interface/msg/detail/tid__rosidl_typesupport_fastrtps_cpp.hpp
[33.235s] -- Installing: /home/jenter/package/work/install/yesense_interface/include/yesense_interface/yesense_interface/msg/rosidl_typesupport_fastrtps_cpp__visibility_control.h
[33.236s] -- Installing: /home/jenter/package/work/install/yesense_interface/lib/libyesense_interface__rosidl_typesupport_fastrtps_cpp.so
[33.236s] -- Set runtime path of "/home/jenter/package/work/install/yesense_interface/lib/libyesense_interface__rosidl_typesupport_fastrtps_cpp.so" to ""
[33.237s] -- Up-to-date: /home/jenter/package/work/install/yesense_interface/include/yesense_interface/yesense_interface
[33.237s] -- Up-to-date: /home/jenter/package/work/install/yesense_interface/include/yesense_interface/yesense_interface/msg
[33.237s] -- Up-to-date: /home/jenter/package/work/install/yesense_interface/include/yesense_interface/yesense_interface/msg/detail
[33.237s] -- Installing: /home/jenter/package/work/install/yesense_interface/include/yesense_interface/yesense_interface/msg/detail/attitude_all_data__type_support.cpp
[33.237s] -- Installing: /home/jenter/package/work/install/yesense_interface/include/yesense_interface/yesense_interface/msg/detail/euler_angle__rosidl_typesupport_introspection_cpp.hpp
[33.237s] -- Installing: /home/jenter/package/work/install/yesense_interface/include/yesense_interface/yesense_interface/msg/detail/vel__rosidl_typesupport_introspection_cpp.hpp
[33.237s] -- Installing: /home/jenter/package/work/install/yesense_interface/include/yesense_interface/yesense_interface/msg/detail/nav_status__rosidl_typesupport_introspection_cpp.hpp
[33.237s] -- Installing: /home/jenter/package/work/install/yesense_interface/include/yesense_interface/yesense_interface/msg/detail/utc__rosidl_typesupport_introspection_cpp.hpp
[33.238s] -- Installing: /home/jenter/package/work/install/yesense_interface/include/yesense_interface/yesense_interface/msg/detail/euler_angle__type_support.cpp
[33.238s] -- Installing: /home/jenter/package/work/install/yesense_interface/include/yesense_interface/yesense_interface/msg/detail/robot_lord__type_support.cpp
[33.238s] -- Installing: /home/jenter/package/work/install/yesense_interface/include/yesense_interface/yesense_interface/msg/detail/attitude_min_vru__type_support.cpp
[33.238s] -- Installing: /home/jenter/package/work/install/yesense_interface/include/yesense_interface/yesense_interface/msg/detail/three_axis__rosidl_typesupport_introspection_cpp.hpp
[33.238s] -- Installing: /home/jenter/package/work/install/yesense_interface/include/yesense_interface/yesense_interface/msg/detail/gnss_pos__rosidl_typesupport_introspection_cpp.hpp
[33.238s] -- Installing: /home/jenter/package/work/install/yesense_interface/include/yesense_interface/yesense_interface/msg/detail/imu_data__rosidl_typesupport_introspection_cpp.hpp
[33.238s] -- Installing: /home/jenter/package/work/install/yesense_interface/include/yesense_interface/yesense_interface/msg/detail/nav_all__rosidl_typesupport_introspection_cpp.hpp
[33.239s] -- Installing: /home/jenter/package/work/install/yesense_interface/include/yesense_interface/yesense_interface/msg/detail/pos_only__type_support.cpp
[33.239s] -- Installing: /home/jenter/package/work/install/yesense_interface/include/yesense_interface/yesense_interface/msg/detail/nav_min__rosidl_typesupport_introspection_cpp.hpp
[33.239s] -- Installing: /home/jenter/package/work/install/yesense_interface/include/yesense_interface/yesense_interface/msg/detail/sample_timestamp__type_support.cpp
[33.239s] -- Installing: /home/jenter/package/work/install/yesense_interface/include/yesense_interface/yesense_interface/msg/detail/utc__type_support.cpp
[33.239s] -- Installing: /home/jenter/package/work/install/yesense_interface/include/yesense_interface/yesense_interface/msg/detail/sensor_temp__rosidl_typesupport_introspection_cpp.hpp
[33.239s] -- Installing: /home/jenter/package/work/install/yesense_interface/include/yesense_interface/yesense_interface/msg/detail/imu_data__type_support.cpp
[33.240s] -- Installing: /home/jenter/package/work/install/yesense_interface/include/yesense_interface/yesense_interface/msg/detail/euler_only__rosidl_typesupport_introspection_cpp.hpp
[33.240s] -- Installing: /home/jenter/package/work/install/yesense_interface/include/yesense_interface/yesense_interface/msg/detail/imu_data_ten_axis__rosidl_typesupport_introspection_cpp.hpp
[33.240s] -- Installing: /home/jenter/package/work/install/yesense_interface/include/yesense_interface/yesense_interface/msg/detail/nav_min_utc__rosidl_typesupport_introspection_cpp.hpp
[33.240s] -- Installing: /home/jenter/package/work/install/yesense_interface/include/yesense_interface/yesense_interface/msg/detail/nav_min__type_support.cpp
[33.240s] -- Installing: /home/jenter/package/work/install/yesense_interface/include/yesense_interface/yesense_interface/msg/detail/pressure__type_support.cpp
[33.240s] -- Installing: /home/jenter/package/work/install/yesense_interface/include/yesense_interface/yesense_interface/msg/detail/attitude_min_ahrs__type_support.cpp
[33.241s] -- Installing: /home/jenter/package/work/install/yesense_interface/include/yesense_interface/yesense_interface/msg/detail/nav_all__type_support.cpp
[33.241s] -- Installing: /home/jenter/package/work/install/yesense_interface/include/yesense_interface/yesense_interface/msg/detail/sample_timestamp__rosidl_typesupport_introspection_cpp.hpp
[33.241s] -- Installing: /home/jenter/package/work/install/yesense_interface/include/yesense_interface/yesense_interface/msg/detail/three_axis__type_support.cpp
[33.241s] -- Installing: /home/jenter/package/work/install/yesense_interface/include/yesense_interface/yesense_interface/msg/detail/quat__rosidl_typesupport_introspection_cpp.hpp
[33.241s] -- Installing: /home/jenter/package/work/install/yesense_interface/include/yesense_interface/yesense_interface/msg/detail/tid__type_support.cpp
[33.241s] -- Installing: /home/jenter/package/work/install/yesense_interface/include/yesense_interface/yesense_interface/msg/detail/tid__rosidl_typesupport_introspection_cpp.hpp
[33.241s] -- Installing: /home/jenter/package/work/install/yesense_interface/include/yesense_interface/yesense_interface/msg/detail/attitude_min_ahrs__rosidl_typesupport_introspection_cpp.hpp
[33.242s] -- Installing: /home/jenter/package/work/install/yesense_interface/include/yesense_interface/yesense_interface/msg/detail/nav_min_utc__type_support.cpp
[33.242s] -- Installing: /home/jenter/package/work/install/yesense_interface/include/yesense_interface/yesense_interface/msg/detail/euler_only__type_support.cpp
[33.242s] -- Installing: /home/jenter/package/work/install/yesense_interface/include/yesense_interface/yesense_interface/msg/detail/nav_status__type_support.cpp
[33.242s] -- Installing: /home/jenter/package/work/install/yesense_interface/include/yesense_interface/yesense_interface/msg/detail/attitude_all_data__rosidl_typesupport_introspection_cpp.hpp
[33.242s] -- Installing: /home/jenter/package/work/install/yesense_interface/include/yesense_interface/yesense_interface/msg/detail/pos_only__rosidl_typesupport_introspection_cpp.hpp
[33.242s] -- Installing: /home/jenter/package/work/install/yesense_interface/include/yesense_interface/yesense_interface/msg/detail/imu_data_ten_axis__type_support.cpp
[33.243s] -- Installing: /home/jenter/package/work/install/yesense_interface/include/yesense_interface/yesense_interface/msg/detail/attitude_min_vru__rosidl_typesupport_introspection_cpp.hpp
[33.243s] -- Installing: /home/jenter/package/work/install/yesense_interface/include/yesense_interface/yesense_interface/msg/detail/vel__type_support.cpp
[33.243s] -- Installing: /home/jenter/package/work/install/yesense_interface/include/yesense_interface/yesense_interface/msg/detail/gnss_pos__type_support.cpp
[33.243s] -- Installing: /home/jenter/package/work/install/yesense_interface/include/yesense_interface/yesense_interface/msg/detail/robot_lord__rosidl_typesupport_introspection_cpp.hpp
[33.243s] -- Installing: /home/jenter/package/work/install/yesense_interface/include/yesense_interface/yesense_interface/msg/detail/pressure__rosidl_typesupport_introspection_cpp.hpp
[33.243s] -- Installing: /home/jenter/package/work/install/yesense_interface/include/yesense_interface/yesense_interface/msg/detail/quat__type_support.cpp
[33.244s] -- Installing: /home/jenter/package/work/install/yesense_interface/include/yesense_interface/yesense_interface/msg/detail/sensor_temp__type_support.cpp
[33.244s] -- Installing: /home/jenter/package/work/install/yesense_interface/lib/libyesense_interface__rosidl_typesupport_introspection_cpp.so
[33.245s] -- Set runtime path of "/home/jenter/package/work/install/yesense_interface/lib/libyesense_interface__rosidl_typesupport_introspection_cpp.so" to ""
[33.245s] -- Installing: /home/jenter/package/work/install/yesense_interface/lib/libyesense_interface__rosidl_typesupport_cpp.so
[33.245s] -- Set runtime path of "/home/jenter/package/work/install/yesense_interface/lib/libyesense_interface__rosidl_typesupport_cpp.so" to ""
[33.245s] -- Installing: /home/jenter/package/work/install/yesense_interface/share/yesense_interface/environment/pythonpath.sh
[33.246s] -- Installing: /home/jenter/package/work/install/yesense_interface/share/yesense_interface/environment/pythonpath.dsv
[33.246s] -- Installing: /home/jenter/package/work/install/yesense_interface/local/lib/python3.10/dist-packages/yesense_interface-1.0.0-py3.10.egg-info
[33.246s] -- Installing: /home/jenter/package/work/install/yesense_interface/local/lib/python3.10/dist-packages/yesense_interface-1.0.0-py3.10.egg-info/dependency_links.txt
[33.246s] -- Installing: /home/jenter/package/work/install/yesense_interface/local/lib/python3.10/dist-packages/yesense_interface-1.0.0-py3.10.egg-info/SOURCES.txt
[33.246s] -- Installing: /home/jenter/package/work/install/yesense_interface/local/lib/python3.10/dist-packages/yesense_interface-1.0.0-py3.10.egg-info/top_level.txt
[33.246s] -- Installing: /home/jenter/package/work/install/yesense_interface/local/lib/python3.10/dist-packages/yesense_interface-1.0.0-py3.10.egg-info/PKG-INFO
[33.247s] -- Installing: /home/jenter/package/work/install/yesense_interface/local/lib/python3.10/dist-packages/yesense_interface
[33.247s] -- Installing: /home/jenter/package/work/install/yesense_interface/local/lib/python3.10/dist-packages/yesense_interface/libyesense_interface__rosidl_generator_py.so
[33.247s] -- Installing: /home/jenter/package/work/install/yesense_interface/local/lib/python3.10/dist-packages/yesense_interface/msg
[33.247s] -- Installing: /home/jenter/package/work/install/yesense_interface/local/lib/python3.10/dist-packages/yesense_interface/msg/_nav_all.py
[33.247s] -- Installing: /home/jenter/package/work/install/yesense_interface/local/lib/python3.10/dist-packages/yesense_interface/msg/_sensor_temp_s.c
[33.247s] -- Installing: /home/jenter/package/work/install/yesense_interface/local/lib/python3.10/dist-packages/yesense_interface/msg/_attitude_all_data_s.c
[33.248s] -- Installing: /home/jenter/package/work/install/yesense_interface/local/lib/python3.10/dist-packages/yesense_interface/msg/_three_axis.py
[33.248s] -- Installing: /home/jenter/package/work/install/yesense_interface/local/lib/python3.10/dist-packages/yesense_interface/msg/_gnss_pos.py
[33.248s] -- Installing: /home/jenter/package/work/install/yesense_interface/local/lib/python3.10/dist-packages/yesense_interface/msg/_sample_timestamp_s.c
[33.248s] -- Installing: /home/jenter/package/work/install/yesense_interface/local/lib/python3.10/dist-packages/yesense_interface/msg/_three_axis_s.c
[33.248s] -- Installing: /home/jenter/package/work/install/yesense_interface/local/lib/python3.10/dist-packages/yesense_interface/msg/_vel.py
[33.248s] -- Installing: /home/jenter/package/work/install/yesense_interface/local/lib/python3.10/dist-packages/yesense_interface/msg/_tid.py
[33.249s] -- Installing: /home/jenter/package/work/install/yesense_interface/local/lib/python3.10/dist-packages/yesense_interface/msg/_nav_status_s.c
[33.249s] -- Installing: /home/jenter/package/work/install/yesense_interface/local/lib/python3.10/dist-packages/yesense_interface/msg/_tid_s.c
[33.249s] -- Installing: /home/jenter/package/work/install/yesense_interface/local/lib/python3.10/dist-packages/yesense_interface/msg/_pos_only_s.c
[33.249s] -- Installing: /home/jenter/package/work/install/yesense_interface/local/lib/python3.10/dist-packages/yesense_interface/msg/_nav_min_s.c
[33.249s] -- Installing: /home/jenter/package/work/install/yesense_interface/local/lib/python3.10/dist-packages/yesense_interface/msg/_imu_data_s.c
[33.249s] -- Installing: /home/jenter/package/work/install/yesense_interface/local/lib/python3.10/dist-packages/yesense_interface/msg/_nav_status.py
[33.249s] -- Installing: /home/jenter/package/work/install/yesense_interface/local/lib/python3.10/dist-packages/yesense_interface/msg/_euler_only.py
[33.249s] -- Installing: /home/jenter/package/work/install/yesense_interface/local/lib/python3.10/dist-packages/yesense_interface/msg/_euler_angle.py
[33.250s] -- Installing: /home/jenter/package/work/install/yesense_interface/local/lib/python3.10/dist-packages/yesense_interface/msg/_nav_min.py
[33.250s] -- Installing: /home/jenter/package/work/install/yesense_interface/local/lib/python3.10/dist-packages/yesense_interface/msg/_pos_only.py
[33.250s] -- Installing: /home/jenter/package/work/install/yesense_interface/local/lib/python3.10/dist-packages/yesense_interface/msg/_nav_min_utc.py
[33.250s] -- Installing: /home/jenter/package/work/install/yesense_interface/local/lib/python3.10/dist-packages/yesense_interface/msg/_nav_all_s.c
[33.250s] -- Installing: /home/jenter/package/work/install/yesense_interface/local/lib/python3.10/dist-packages/yesense_interface/msg/_imu_data_ten_axis.py
[33.250s] -- Installing: /home/jenter/package/work/install/yesense_interface/local/lib/python3.10/dist-packages/yesense_interface/msg/__init__.py
[33.251s] -- Installing: /home/jenter/package/work/install/yesense_interface/local/lib/python3.10/dist-packages/yesense_interface/msg/_quat.py
[33.251s] -- Installing: /home/jenter/package/work/install/yesense_interface/local/lib/python3.10/dist-packages/yesense_interface/msg/_imu_data.py
[33.251s] -- Installing: /home/jenter/package/work/install/yesense_interface/local/lib/python3.10/dist-packages/yesense_interface/msg/_attitude_min_ahrs.py
[33.251s] -- Installing: /home/jenter/package/work/install/yesense_interface/local/lib/python3.10/dist-packages/yesense_interface/msg/_robot_lord.py
[33.251s] -- Installing: /home/jenter/package/work/install/yesense_interface/local/lib/python3.10/dist-packages/yesense_interface/msg/_utc.py
[33.251s] -- Installing: /home/jenter/package/work/install/yesense_interface/local/lib/python3.10/dist-packages/yesense_interface/msg/_vel_s.c
[33.252s] -- Installing: /home/jenter/package/work/install/yesense_interface/local/lib/python3.10/dist-packages/yesense_interface/msg/_attitude_all_data.py
[33.252s] -- Installing: /home/jenter/package/work/install/yesense_interface/local/lib/python3.10/dist-packages/yesense_interface/msg/_pressure_s.c
[33.252s] -- Installing: /home/jenter/package/work/install/yesense_interface/local/lib/python3.10/dist-packages/yesense_interface/msg/_utc_s.c
[33.252s] -- Installing: /home/jenter/package/work/install/yesense_interface/local/lib/python3.10/dist-packages/yesense_interface/msg/_euler_only_s.c
[33.252s] -- Installing: /home/jenter/package/work/install/yesense_interface/local/lib/python3.10/dist-packages/yesense_interface/msg/_attitude_min_vru.py
[33.252s] -- Installing: /home/jenter/package/work/install/yesense_interface/local/lib/python3.10/dist-packages/yesense_interface/msg/_attitude_min_ahrs_s.c
[33.253s] -- Installing: /home/jenter/package/work/install/yesense_interface/local/lib/python3.10/dist-packages/yesense_interface/msg/_sample_timestamp.py
[33.253s] -- Installing: /home/jenter/package/work/install/yesense_interface/local/lib/python3.10/dist-packages/yesense_interface/msg/_imu_data_ten_axis_s.c
[33.253s] -- Installing: /home/jenter/package/work/install/yesense_interface/local/lib/python3.10/dist-packages/yesense_interface/msg/_robot_lord_s.c
[33.253s] -- Installing: /home/jenter/package/work/install/yesense_interface/local/lib/python3.10/dist-packages/yesense_interface/msg/_attitude_min_vru_s.c
[33.253s] -- Installing: /home/jenter/package/work/install/yesense_interface/local/lib/python3.10/dist-packages/yesense_interface/msg/_euler_angle_s.c
[33.253s] -- Installing: /home/jenter/package/work/install/yesense_interface/local/lib/python3.10/dist-packages/yesense_interface/msg/_pressure.py
[33.253s] -- Installing: /home/jenter/package/work/install/yesense_interface/local/lib/python3.10/dist-packages/yesense_interface/msg/_sensor_temp.py
[33.254s] -- Installing: /home/jenter/package/work/install/yesense_interface/local/lib/python3.10/dist-packages/yesense_interface/msg/_gnss_pos_s.c
[33.254s] -- Installing: /home/jenter/package/work/install/yesense_interface/local/lib/python3.10/dist-packages/yesense_interface/msg/_quat_s.c
[33.254s] -- Installing: /home/jenter/package/work/install/yesense_interface/local/lib/python3.10/dist-packages/yesense_interface/msg/_nav_min_utc_s.c
[33.254s] -- Installing: /home/jenter/package/work/install/yesense_interface/local/lib/python3.10/dist-packages/yesense_interface/yesense_interface_s__rosidl_typesupport_c.cpython-310-x86_64-linux-gnu.so
[33.254s] -- Installing: /home/jenter/package/work/install/yesense_interface/local/lib/python3.10/dist-packages/yesense_interface/_yesense_interface_s.ep.rosidl_typesupport_c.c
[33.255s] -- Installing: /home/jenter/package/work/install/yesense_interface/local/lib/python3.10/dist-packages/yesense_interface/__init__.py
[33.255s] -- Installing: /home/jenter/package/work/install/yesense_interface/local/lib/python3.10/dist-packages/yesense_interface/_yesense_interface_s.ep.rosidl_typesupport_introspection_c.c
[33.255s] -- Installing: /home/jenter/package/work/install/yesense_interface/local/lib/python3.10/dist-packages/yesense_interface/yesense_interface_s__rosidl_typesupport_fastrtps_c.cpython-310-x86_64-linux-gnu.so
[33.255s] -- Installing: /home/jenter/package/work/install/yesense_interface/local/lib/python3.10/dist-packages/yesense_interface/_yesense_interface_s.ep.rosidl_typesupport_fastrtps_c.c
[33.256s] -- Installing: /home/jenter/package/work/install/yesense_interface/local/lib/python3.10/dist-packages/yesense_interface/yesense_interface_s__rosidl_typesupport_introspection_c.cpython-310-x86_64-linux-gnu.so
[33.331s] Listing '/home/jenter/package/work/install/yesense_interface/local/lib/python3.10/dist-packages/yesense_interface'...
[33.331s] Compiling '/home/jenter/package/work/install/yesense_interface/local/lib/python3.10/dist-packages/yesense_interface/__init__.py'...
[33.331s] Listing '/home/jenter/package/work/install/yesense_interface/local/lib/python3.10/dist-packages/yesense_interface/msg'...
[33.331s] Compiling '/home/jenter/package/work/install/yesense_interface/local/lib/python3.10/dist-packages/yesense_interface/msg/__init__.py'...
[33.331s] Compiling '/home/jenter/package/work/install/yesense_interface/local/lib/python3.10/dist-packages/yesense_interface/msg/_attitude_all_data.py'...
[33.331s] Compiling '/home/jenter/package/work/install/yesense_interface/local/lib/python3.10/dist-packages/yesense_interface/msg/_attitude_min_ahrs.py'...
[33.332s] Compiling '/home/jenter/package/work/install/yesense_interface/local/lib/python3.10/dist-packages/yesense_interface/msg/_attitude_min_vru.py'...
[33.332s] Compiling '/home/jenter/package/work/install/yesense_interface/local/lib/python3.10/dist-packages/yesense_interface/msg/_euler_angle.py'...
[33.332s] Compiling '/home/jenter/package/work/install/yesense_interface/local/lib/python3.10/dist-packages/yesense_interface/msg/_euler_only.py'...
[33.332s] Compiling '/home/jenter/package/work/install/yesense_interface/local/lib/python3.10/dist-packages/yesense_interface/msg/_gnss_pos.py'...
[33.332s] Compiling '/home/jenter/package/work/install/yesense_interface/local/lib/python3.10/dist-packages/yesense_interface/msg/_imu_data.py'...
[33.332s] Compiling '/home/jenter/package/work/install/yesense_interface/local/lib/python3.10/dist-packages/yesense_interface/msg/_imu_data_ten_axis.py'...
[33.332s] Compiling '/home/jenter/package/work/install/yesense_interface/local/lib/python3.10/dist-packages/yesense_interface/msg/_nav_all.py'...
[33.332s] Compiling '/home/jenter/package/work/install/yesense_interface/local/lib/python3.10/dist-packages/yesense_interface/msg/_nav_min.py'...
[33.332s] Compiling '/home/jenter/package/work/install/yesense_interface/local/lib/python3.10/dist-packages/yesense_interface/msg/_nav_min_utc.py'...
[33.332s] Compiling '/home/jenter/package/work/install/yesense_interface/local/lib/python3.10/dist-packages/yesense_interface/msg/_nav_status.py'...
[33.332s] Compiling '/home/jenter/package/work/install/yesense_interface/local/lib/python3.10/dist-packages/yesense_interface/msg/_pos_only.py'...
[33.333s] Compiling '/home/jenter/package/work/install/yesense_interface/local/lib/python3.10/dist-packages/yesense_interface/msg/_pressure.py'...
[33.333s] Compiling '/home/jenter/package/work/install/yesense_interface/local/lib/python3.10/dist-packages/yesense_interface/msg/_quat.py'...
[33.333s] Compiling '/home/jenter/package/work/install/yesense_interface/local/lib/python3.10/dist-packages/yesense_interface/msg/_robot_lord.py'...
[33.333s] Compiling '/home/jenter/package/work/install/yesense_interface/local/lib/python3.10/dist-packages/yesense_interface/msg/_sample_timestamp.py'...
[33.333s] Compiling '/home/jenter/package/work/install/yesense_interface/local/lib/python3.10/dist-packages/yesense_interface/msg/_sensor_temp.py'...
[33.333s] Compiling '/home/jenter/package/work/install/yesense_interface/local/lib/python3.10/dist-packages/yesense_interface/msg/_three_axis.py'...
[33.333s] Compiling '/home/jenter/package/work/install/yesense_interface/local/lib/python3.10/dist-packages/yesense_interface/msg/_tid.py'...
[33.333s] Compiling '/home/jenter/package/work/install/yesense_interface/local/lib/python3.10/dist-packages/yesense_interface/msg/_utc.py'...
[33.333s] Compiling '/home/jenter/package/work/install/yesense_interface/local/lib/python3.10/dist-packages/yesense_interface/msg/_vel.py'...
[33.339s] -- Installing: /home/jenter/package/work/install/yesense_interface/local/lib/python3.10/dist-packages/yesense_interface/yesense_interface_s__rosidl_typesupport_fastrtps_c.cpython-310-x86_64-linux-gnu.so
[33.339s] -- Set runtime path of "/home/jenter/package/work/install/yesense_interface/local/lib/python3.10/dist-packages/yesense_interface/yesense_interface_s__rosidl_typesupport_fastrtps_c.cpython-310-x86_64-linux-gnu.so" to ""
[33.339s] -- Installing: /home/jenter/package/work/install/yesense_interface/local/lib/python3.10/dist-packages/yesense_interface/yesense_interface_s__rosidl_typesupport_introspection_c.cpython-310-x86_64-linux-gnu.so
[33.340s] -- Set runtime path of "/home/jenter/package/work/install/yesense_interface/local/lib/python3.10/dist-packages/yesense_interface/yesense_interface_s__rosidl_typesupport_introspection_c.cpython-310-x86_64-linux-gnu.so" to ""
[33.340s] -- Installing: /home/jenter/package/work/install/yesense_interface/local/lib/python3.10/dist-packages/yesense_interface/yesense_interface_s__rosidl_typesupport_c.cpython-310-x86_64-linux-gnu.so
[33.341s] -- Set runtime path of "/home/jenter/package/work/install/yesense_interface/local/lib/python3.10/dist-packages/yesense_interface/yesense_interface_s__rosidl_typesupport_c.cpython-310-x86_64-linux-gnu.so" to ""
[33.341s] -- Installing: /home/jenter/package/work/install/yesense_interface/lib/libyesense_interface__rosidl_generator_py.so
[33.341s] -- Set runtime path of "/home/jenter/package/work/install/yesense_interface/lib/libyesense_interface__rosidl_generator_py.so" to ""
[33.342s] -- Installing: /home/jenter/package/work/install/yesense_interface/share/yesense_interface/msg/Tid.idl
[33.342s] -- Installing: /home/jenter/package/work/install/yesense_interface/share/yesense_interface/msg/ThreeAxis.idl
[33.342s] -- Installing: /home/jenter/package/work/install/yesense_interface/share/yesense_interface/msg/SensorTemp.idl
[33.342s] -- Installing: /home/jenter/package/work/install/yesense_interface/share/yesense_interface/msg/Pressure.idl
[33.342s] -- Installing: /home/jenter/package/work/install/yesense_interface/share/yesense_interface/msg/EulerAngle.idl
[33.343s] -- Installing: /home/jenter/package/work/install/yesense_interface/share/yesense_interface/msg/Quat.idl
[33.343s] -- Installing: /home/jenter/package/work/install/yesense_interface/share/yesense_interface/msg/GnssPos.idl
[33.343s] -- Installing: /home/jenter/package/work/install/yesense_interface/share/yesense_interface/msg/NavStatus.idl
[33.343s] -- Installing: /home/jenter/package/work/install/yesense_interface/share/yesense_interface/msg/Vel.idl
[33.343s] -- Installing: /home/jenter/package/work/install/yesense_interface/share/yesense_interface/msg/Utc.idl
[33.344s] -- Installing: /home/jenter/package/work/install/yesense_interface/share/yesense_interface/msg/SampleTimestamp.idl
[33.344s] -- Installing: /home/jenter/package/work/install/yesense_interface/share/yesense_interface/msg/ImuData.idl
[33.344s] -- Installing: /home/jenter/package/work/install/yesense_interface/share/yesense_interface/msg/ImuDataTenAxis.idl
[33.344s] -- Installing: /home/jenter/package/work/install/yesense_interface/share/yesense_interface/msg/EulerOnly.idl
[33.344s] -- Installing: /home/jenter/package/work/install/yesense_interface/share/yesense_interface/msg/RobotLord.idl
[33.345s] -- Installing: /home/jenter/package/work/install/yesense_interface/share/yesense_interface/msg/AttitudeMinVru.idl
[33.345s] -- Installing: /home/jenter/package/work/install/yesense_interface/share/yesense_interface/msg/AttitudeMinAhrs.idl
[33.345s] -- Installing: /home/jenter/package/work/install/yesense_interface/share/yesense_interface/msg/AttitudeAllData.idl
[33.345s] -- Installing: /home/jenter/package/work/install/yesense_interface/share/yesense_interface/msg/PosOnly.idl
[33.345s] -- Installing: /home/jenter/package/work/install/yesense_interface/share/yesense_interface/msg/NavMin.idl
[33.346s] -- Installing: /home/jenter/package/work/install/yesense_interface/share/yesense_interface/msg/NavMinUtc.idl
[33.346s] -- Installing: /home/jenter/package/work/install/yesense_interface/share/yesense_interface/msg/NavAll.idl
[33.346s] -- Installing: /home/jenter/package/work/install/yesense_interface/share/yesense_interface/msg/Tid.msg
[33.346s] -- Installing: /home/jenter/package/work/install/yesense_interface/share/yesense_interface/msg/ThreeAxis.msg
[33.347s] -- Installing: /home/jenter/package/work/install/yesense_interface/share/yesense_interface/msg/SensorTemp.msg
[33.347s] -- Installing: /home/jenter/package/work/install/yesense_interface/share/yesense_interface/msg/Pressure.msg
[33.347s] -- Installing: /home/jenter/package/work/install/yesense_interface/share/yesense_interface/msg/EulerAngle.msg
[33.347s] -- Installing: /home/jenter/package/work/install/yesense_interface/share/yesense_interface/msg/Quat.msg
[33.347s] -- Installing: /home/jenter/package/work/install/yesense_interface/share/yesense_interface/msg/GnssPos.msg
[33.348s] -- Installing: /home/jenter/package/work/install/yesense_interface/share/yesense_interface/msg/NavStatus.msg
[33.348s] -- Installing: /home/jenter/package/work/install/yesense_interface/share/yesense_interface/msg/Vel.msg
[33.348s] -- Installing: /home/jenter/package/work/install/yesense_interface/share/yesense_interface/msg/Utc.msg
[33.348s] -- Installing: /home/jenter/package/work/install/yesense_interface/share/yesense_interface/msg/SampleTimestamp.msg
[33.349s] -- Installing: /home/jenter/package/work/install/yesense_interface/share/yesense_interface/msg/ImuData.msg
[33.349s] -- Installing: /home/jenter/package/work/install/yesense_interface/share/yesense_interface/msg/ImuDataTenAxis.msg
[33.349s] -- Installing: /home/jenter/package/work/install/yesense_interface/share/yesense_interface/msg/EulerOnly.msg
[33.349s] -- Installing: /home/jenter/package/work/install/yesense_interface/share/yesense_interface/msg/RobotLord.msg
[33.349s] -- Installing: /home/jenter/package/work/install/yesense_interface/share/yesense_interface/msg/AttitudeMinVru.msg
[33.350s] -- Installing: /home/jenter/package/work/install/yesense_interface/share/yesense_interface/msg/AttitudeMinAhrs.msg
[33.350s] -- Installing: /home/jenter/package/work/install/yesense_interface/share/yesense_interface/msg/AttitudeAllData.msg
[33.350s] -- Installing: /home/jenter/package/work/install/yesense_interface/share/yesense_interface/msg/PosOnly.msg
[33.350s] -- Installing: /home/jenter/package/work/install/yesense_interface/share/yesense_interface/msg/NavMin.msg
[33.350s] -- Installing: /home/jenter/package/work/install/yesense_interface/share/yesense_interface/msg/NavMinUtc.msg
[33.351s] -- Installing: /home/jenter/package/work/install/yesense_interface/share/yesense_interface/msg/NavAll.msg
[33.351s] -- Installing: /home/jenter/package/work/install/yesense_interface/share/ament_index/resource_index/package_run_dependencies/yesense_interface
[33.351s] -- Installing: /home/jenter/package/work/install/yesense_interface/share/ament_index/resource_index/parent_prefix_path/yesense_interface
[33.351s] -- Installing: /home/jenter/package/work/install/yesense_interface/share/yesense_interface/environment/ament_prefix_path.sh
[33.352s] -- Installing: /home/jenter/package/work/install/yesense_interface/share/yesense_interface/environment/ament_prefix_path.dsv
[33.352s] -- Installing: /home/jenter/package/work/install/yesense_interface/share/yesense_interface/environment/path.sh
[33.352s] -- Installing: /home/jenter/package/work/install/yesense_interface/share/yesense_interface/environment/path.dsv
[33.352s] -- Installing: /home/jenter/package/work/install/yesense_interface/share/yesense_interface/local_setup.bash
[33.353s] -- Installing: /home/jenter/package/work/install/yesense_interface/share/yesense_interface/local_setup.sh
[33.353s] -- Installing: /home/jenter/package/work/install/yesense_interface/share/yesense_interface/local_setup.zsh
[33.353s] -- Installing: /home/jenter/package/work/install/yesense_interface/share/yesense_interface/local_setup.dsv
[33.353s] -- Installing: /home/jenter/package/work/install/yesense_interface/share/yesense_interface/package.dsv
[33.354s] -- Installing: /home/jenter/package/work/install/yesense_interface/share/ament_index/resource_index/packages/yesense_interface
[33.354s] -- Installing: /home/jenter/package/work/install/yesense_interface/share/yesense_interface/cmake/export_yesense_interface__rosidl_generator_cExport.cmake
[33.354s] -- Installing: /home/jenter/package/work/install/yesense_interface/share/yesense_interface/cmake/export_yesense_interface__rosidl_generator_cExport-noconfig.cmake
[33.354s] -- Installing: /home/jenter/package/work/install/yesense_interface/share/yesense_interface/cmake/export_yesense_interface__rosidl_typesupport_fastrtps_cExport.cmake
[33.355s] -- Installing: /home/jenter/package/work/install/yesense_interface/share/yesense_interface/cmake/export_yesense_interface__rosidl_typesupport_fastrtps_cExport-noconfig.cmake
[33.355s] -- Installing: /home/jenter/package/work/install/yesense_interface/share/yesense_interface/cmake/yesense_interface__rosidl_typesupport_introspection_cExport.cmake
[33.355s] -- Installing: /home/jenter/package/work/install/yesense_interface/share/yesense_interface/cmake/yesense_interface__rosidl_typesupport_introspection_cExport-noconfig.cmake
[33.355s] -- Installing: /home/jenter/package/work/install/yesense_interface/share/yesense_interface/cmake/yesense_interface__rosidl_typesupport_cExport.cmake
[33.356s] -- Installing: /home/jenter/package/work/install/yesense_interface/share/yesense_interface/cmake/yesense_interface__rosidl_typesupport_cExport-noconfig.cmake
[33.356s] -- Installing: /home/jenter/package/work/install/yesense_interface/share/yesense_interface/cmake/export_yesense_interface__rosidl_generator_cppExport.cmake
[33.356s] -- Installing: /home/jenter/package/work/install/yesense_interface/share/yesense_interface/cmake/export_yesense_interface__rosidl_typesupport_fastrtps_cppExport.cmake
[33.356s] -- Installing: /home/jenter/package/work/install/yesense_interface/share/yesense_interface/cmake/export_yesense_interface__rosidl_typesupport_fastrtps_cppExport-noconfig.cmake
[33.357s] -- Installing: /home/jenter/package/work/install/yesense_interface/share/yesense_interface/cmake/yesense_interface__rosidl_typesupport_introspection_cppExport.cmake
[33.357s] -- Installing: /home/jenter/package/work/install/yesense_interface/share/yesense_interface/cmake/yesense_interface__rosidl_typesupport_introspection_cppExport-noconfig.cmake
[33.357s] -- Installing: /home/jenter/package/work/install/yesense_interface/share/yesense_interface/cmake/yesense_interface__rosidl_typesupport_cppExport.cmake
[33.357s] -- Installing: /home/jenter/package/work/install/yesense_interface/share/yesense_interface/cmake/yesense_interface__rosidl_typesupport_cppExport-noconfig.cmake
[33.358s] -- Installing: /home/jenter/package/work/install/yesense_interface/share/yesense_interface/cmake/export_yesense_interface__rosidl_generator_pyExport.cmake
[33.358s] -- Installing: /home/jenter/package/work/install/yesense_interface/share/yesense_interface/cmake/export_yesense_interface__rosidl_generator_pyExport-noconfig.cmake
[33.358s] -- Installing: /home/jenter/package/work/install/yesense_interface/share/yesense_interface/cmake/rosidl_cmake-extras.cmake
[33.358s] -- Installing: /home/jenter/package/work/install/yesense_interface/share/yesense_interface/cmake/ament_cmake_export_include_directories-extras.cmake
[33.358s] -- Installing: /home/jenter/package/work/install/yesense_interface/share/yesense_interface/cmake/ament_cmake_export_libraries-extras.cmake
[33.359s] -- Installing: /home/jenter/package/work/install/yesense_interface/share/yesense_interface/cmake/ament_cmake_export_targets-extras.cmake
[33.359s] -- Installing: /home/jenter/package/work/install/yesense_interface/share/yesense_interface/cmake/rosidl_cmake_export_typesupport_targets-extras.cmake
[33.359s] -- Installing: /home/jenter/package/work/install/yesense_interface/share/yesense_interface/cmake/ament_cmake_export_dependencies-extras.cmake
[33.359s] -- Installing: /home/jenter/package/work/install/yesense_interface/share/yesense_interface/cmake/rosidl_cmake_export_typesupport_libraries-extras.cmake
[33.360s] -- Installing: /home/jenter/package/work/install/yesense_interface/share/yesense_interface/cmake/yesense_interfaceConfig.cmake
[33.360s] -- Installing: /home/jenter/package/work/install/yesense_interface/share/yesense_interface/cmake/yesense_interfaceConfig-version.cmake
[33.360s] -- Installing: /home/jenter/package/work/install/yesense_interface/share/yesense_interface/package.xml
[33.364s] Invoked command in '/home/jenter/package/work/build/yesense_interface' returned '0': CMAKE_PREFIX_PATH=${CMAKE_PREFIX_PATH}:/opt/ros/humble /usr/bin/cmake --install /home/jenter/package/work/build/yesense_interface
