[0.000000] (-) TimerEvent: {}
[0.000297] (-) JobUnselected: {'identifier': 'bluesea2'}
[0.000342] (-) JobUnselected: {'identifier': 'serial'}
[0.000374] (-) JobUnselected: {'identifier': 'yesense_std_ros2'}
[0.000405] (yesense_interface) JobQueued: {'identifier': 'yesense_interface', 'dependencies': OrderedDict()}
[0.000436] (yesense_interface) JobStarted: {'identifier': 'yesense_interface'}
[0.009096] (yesense_interface) JobProgress: {'identifier': 'yesense_interface', 'progress': 'cmake'}
[0.009638] (yesense_interface) Command: {'cmd': ['/usr/bin/cmake', '/home/jenter/package/work/src/yesense_ros2/yesense_interface', '-DCMAKE_INSTALL_PREFIX=/home/jenter/package/work/install/yesense_interface'], 'cwd': '/home/jenter/package/work/build/yesense_interface', 'env': OrderedDict([('LESSOPEN', '| /usr/bin/lesspipe %s'), ('USER', 'jenter'), ('SSH_CLIENT', '192.168.10.111 53952 22'), ('LC_TIME', 'zh_CN.UTF-8'), ('XDG_SESSION_TYPE', 'tty'), ('SHLVL', '1'), ('LD_LIBRARY_PATH', '/opt/ros/humble/opt/rviz_ogre_vendor/lib:/opt/ros/humble/lib/x86_64-linux-gnu:/opt/ros/humble/lib'), ('MOTD_SHOWN', 'pam'), ('HOME', '/home/jenter'), ('OLDPWD', '/home/jenter/package/work/src'), ('SSH_TTY', '/dev/pts/0'), ('ROS_PYTHON_VERSION', '3'), ('LC_MONETARY', 'zh_CN.UTF-8'), ('DBUS_SESSION_BUS_ADDRESS', 'unix:path=/run/user/1000/bus'), ('COLCON_PREFIX_PATH', '/home/jenter/package/work/install'), ('ROS_DISTRO', 'humble'), ('LOGNAME', 'jenter'), ('_', '/usr/bin/colcon'), ('ROS_VERSION', '2'), ('XDG_SESSION_CLASS', 'user'), ('TERM', 'vt100'), ('XDG_SESSION_ID', '2'), ('ROS_LOCALHOST_ONLY', '0'), ('PATH', '/opt/ros/humble/bin:/usr/local/sbin:/usr/local/bin:/usr/sbin:/usr/bin:/sbin:/bin:/usr/games:/usr/local/games:/snap/bin'), ('LC_ADDRESS', 'zh_CN.UTF-8'), ('XDG_RUNTIME_DIR', '/run/user/1000'), ('LANG', 'en_US.UTF-8'), ('LC_TELEPHONE', 'zh_CN.UTF-8'), ('LS_COLORS', 'rs=0:di=01;34:ln=01;36:mh=00:pi=40;33:so=01;35:do=01;35:bd=40;33;01:cd=40;33;01:or=40;31;01:mi=00:su=37;41:sg=30;43:ca=30;41:tw=30;42:ow=34;42:st=37;44:ex=01;32:*.tar=01;31:*.tgz=01;31:*.arc=01;31:*.arj=01;31:*.taz=01;31:*.lha=01;31:*.lz4=01;31:*.lzh=01;31:*.lzma=01;31:*.tlz=01;31:*.txz=01;31:*.tzo=01;31:*.t7z=01;31:*.zip=01;31:*.z=01;31:*.dz=01;31:*.gz=01;31:*.lrz=01;31:*.lz=01;31:*.lzo=01;31:*.xz=01;31:*.zst=01;31:*.tzst=01;31:*.bz2=01;31:*.bz=01;31:*.tbz=01;31:*.tbz2=01;31:*.tz=01;31:*.deb=01;31:*.rpm=01;31:*.jar=01;31:*.war=01;31:*.ear=01;31:*.sar=01;31:*.rar=01;31:*.alz=01;31:*.ace=01;31:*.zoo=01;31:*.cpio=01;31:*.7z=01;31:*.rz=01;31:*.cab=01;31:*.wim=01;31:*.swm=01;31:*.dwm=01;31:*.esd=01;31:*.jpg=01;35:*.jpeg=01;35:*.mjpg=01;35:*.mjpeg=01;35:*.gif=01;35:*.bmp=01;35:*.pbm=01;35:*.pgm=01;35:*.ppm=01;35:*.tga=01;35:*.xbm=01;35:*.xpm=01;35:*.tif=01;35:*.tiff=01;35:*.png=01;35:*.svg=01;35:*.svgz=01;35:*.mng=01;35:*.pcx=01;35:*.mov=01;35:*.mpg=01;35:*.mpeg=01;35:*.m2v=01;35:*.mkv=01;35:*.webm=01;35:*.webp=01;35:*.ogm=01;35:*.mp4=01;35:*.m4v=01;35:*.mp4v=01;35:*.vob=01;35:*.qt=01;35:*.nuv=01;35:*.wmv=01;35:*.asf=01;35:*.rm=01;35:*.rmvb=01;35:*.flc=01;35:*.avi=01;35:*.fli=01;35:*.flv=01;35:*.gl=01;35:*.dl=01;35:*.xcf=01;35:*.xwd=01;35:*.yuv=01;35:*.cgm=01;35:*.emf=01;35:*.ogv=01;35:*.ogx=01;35:*.aac=00;36:*.au=00;36:*.flac=00;36:*.m4a=00;36:*.mid=00;36:*.midi=00;36:*.mka=00;36:*.mp3=00;36:*.mpc=00;36:*.ogg=00;36:*.ra=00;36:*.wav=00;36:*.oga=00;36:*.opus=00;36:*.spx=00;36:*.xspf=00;36:'), ('AMENT_PREFIX_PATH', '/home/jenter/package/work/install/bluesea2:/opt/ros/humble'), ('SHELL', '/bin/bash'), ('LC_NAME', 'zh_CN.UTF-8'), ('LESSCLOSE', '/usr/bin/lesspipe %s %s'), ('LC_MEASUREMENT', 'zh_CN.UTF-8'), ('LC_IDENTIFICATION', 'zh_CN.UTF-8'), ('PWD', '/home/jenter/package/work/build/yesense_interface'), ('LC_ALL', 'en_US.UTF-8'), ('SSH_CONNECTION', '192.168.10.111 53952 192.168.10.120 22'), ('XDG_DATA_DIRS', '/usr/share/gnome:/usr/local/share:/usr/share:/var/lib/snapd/desktop'), ('PYTHONPATH', '/opt/ros/humble/lib/python3.10/site-packages:/opt/ros/humble/local/lib/python3.10/dist-packages'), ('LC_NUMERIC', 'zh_CN.UTF-8'), ('LC_PAPER', 'zh_CN.UTF-8'), ('COLCON', '1'), ('CMAKE_PREFIX_PATH', '/home/jenter/package/work/install/bluesea2:/opt/ros/humble')]), 'shell': False}
[0.077230] (yesense_interface) StdoutLine: {'line': b'-- The C compiler identification is GNU 11.4.0\n'}
[0.098888] (-) TimerEvent: {}
[0.146095] (yesense_interface) StdoutLine: {'line': b'-- The CXX compiler identification is GNU 11.4.0\n'}
[0.154749] (yesense_interface) StdoutLine: {'line': b'-- Detecting C compiler ABI info\n'}
[0.199050] (-) TimerEvent: {}
[0.234089] (yesense_interface) StdoutLine: {'line': b'-- Detecting C compiler ABI info - done\n'}
[0.245230] (yesense_interface) StdoutLine: {'line': b'-- Check for working C compiler: /usr/bin/cc - skipped\n'}
[0.245634] (yesense_interface) StdoutLine: {'line': b'-- Detecting C compile features\n'}
[0.246199] (yesense_interface) StdoutLine: {'line': b'-- Detecting C compile features - done\n'}
[0.250339] (yesense_interface) StdoutLine: {'line': b'-- Detecting CXX compiler ABI info\n'}
[0.299169] (-) TimerEvent: {}
[0.346548] (yesense_interface) StdoutLine: {'line': b'-- Detecting CXX compiler ABI info - done\n'}
[0.357752] (yesense_interface) StdoutLine: {'line': b'-- Check for working CXX compiler: /usr/bin/c++ - skipped\n'}
[0.358142] (yesense_interface) StdoutLine: {'line': b'-- Detecting CXX compile features\n'}
[0.358844] (yesense_interface) StdoutLine: {'line': b'-- Detecting CXX compile features - done\n'}
[0.361338] (yesense_interface) StdoutLine: {'line': b'-- Found ament_cmake: 1.3.12 (/opt/ros/humble/share/ament_cmake/cmake)\n'}
[0.399320] (-) TimerEvent: {}
[0.499636] (-) TimerEvent: {}
[0.557870] (yesense_interface) StdoutLine: {'line': b'-- Found Python3: /usr/bin/python3 (found version "3.10.12") found components: Interpreter \n'}
[0.599744] (-) TimerEvent: {}
[0.669306] (yesense_interface) StdoutLine: {'line': b'-- Found rosidl_default_generators: 1.2.0 (/opt/ros/humble/share/rosidl_default_generators/cmake)\n'}
[0.672845] (yesense_interface) StdoutLine: {'line': b'-- Using all available rosidl_typesupport_c: rosidl_typesupport_fastrtps_c;rosidl_typesupport_introspection_c\n'}
[0.680391] (yesense_interface) StdoutLine: {'line': b'-- Found rosidl_adapter: 3.1.7 (/opt/ros/humble/share/rosidl_adapter/cmake)\n'}
[0.699829] (-) TimerEvent: {}
[0.730614] (yesense_interface) StdoutLine: {'line': b'-- Using all available rosidl_typesupport_cpp: rosidl_typesupport_fastrtps_cpp;rosidl_typesupport_introspection_cpp\n'}
[0.799977] (-) TimerEvent: {}
[0.900341] (-) TimerEvent: {}
[1.000721] (-) TimerEvent: {}
[1.101102] (-) TimerEvent: {}
[1.201479] (-) TimerEvent: {}
[1.233205] (yesense_interface) StdoutLine: {'line': b'-- Found ament_cmake_ros: 0.10.0 (/opt/ros/humble/share/ament_cmake_ros/cmake)\n'}
[1.301622] (-) TimerEvent: {}
[1.401984] (-) TimerEvent: {}
[1.478262] (yesense_interface) StdoutLine: {'line': b'-- Using all available rosidl_typesupport_c: rosidl_typesupport_fastrtps_c;rosidl_typesupport_introspection_c\n'}
[1.502130] (-) TimerEvent: {}
[1.602485] (-) TimerEvent: {}
[1.702843] (-) TimerEvent: {}
[1.798088] (yesense_interface) StdoutLine: {'line': b'-- Using all available rosidl_typesupport_cpp: rosidl_typesupport_fastrtps_cpp;rosidl_typesupport_introspection_cpp\n'}
[1.802983] (-) TimerEvent: {}
[1.828335] (yesense_interface) StdoutLine: {'line': b'-- Found PythonInterp: /usr/bin/python3 (found suitable version "3.10.12", minimum required is "3.6") \n'}
[1.829998] (yesense_interface) StdoutLine: {'line': b'-- Found python_cmake_module: 0.10.0 (/opt/ros/humble/share/python_cmake_module/cmake)\n'}
[1.864380] (yesense_interface) StdoutLine: {'line': b'-- Found PythonLibs: /usr/lib/x86_64-linux-gnu/libpython3.10.so (found suitable version "3.10.12", minimum required is "3.5") \n'}
[1.864618] (yesense_interface) StdoutLine: {'line': b'-- Using PYTHON_EXECUTABLE: /usr/bin/python3\n'}
[1.864724] (yesense_interface) StdoutLine: {'line': b'-- Using PYTHON_INCLUDE_DIRS: /usr/include/python3.10\n'}
[1.864822] (yesense_interface) StdoutLine: {'line': b'-- Using PYTHON_LIBRARIES: /usr/lib/x86_64-linux-gnu/libpython3.10.so\n'}
[1.893110] (yesense_interface) StdoutLine: {'line': b'-- Found PythonExtra: .so  \n'}
[1.903131] (-) TimerEvent: {}
[1.938814] (yesense_interface) StdoutLine: {'line': b'-- Found ament_lint_auto: 0.12.14 (/opt/ros/humble/share/ament_lint_auto/cmake)\n'}
[1.960111] (yesense_interface) StdoutLine: {'line': b"-- Added test 'lint_cmake' to check CMake code style\n"}
[1.962225] (yesense_interface) StdoutLine: {'line': b"-- Added test 'xmllint' to check XML markup files\n"}
[1.965411] (yesense_interface) StdoutLine: {'line': b'-- Configuring done\n'}
[2.003301] (-) TimerEvent: {}
[2.046886] (yesense_interface) StdoutLine: {'line': b'-- Generating done\n'}
[2.064426] (yesense_interface) StdoutLine: {'line': b'-- Build files have been written to: /home/jenter/package/work/build/yesense_interface\n'}
[2.072211] (yesense_interface) CommandEnded: {'returncode': 0}
[2.073765] (yesense_interface) JobProgress: {'identifier': 'yesense_interface', 'progress': 'build'}
[2.073825] (yesense_interface) Command: {'cmd': ['/usr/bin/cmake', '--build', '/home/jenter/package/work/build/yesense_interface', '--', '-j4', '-l4'], 'cwd': '/home/jenter/package/work/build/yesense_interface', 'env': OrderedDict([('LESSOPEN', '| /usr/bin/lesspipe %s'), ('USER', 'jenter'), ('SSH_CLIENT', '192.168.10.111 53952 22'), ('LC_TIME', 'zh_CN.UTF-8'), ('XDG_SESSION_TYPE', 'tty'), ('SHLVL', '1'), ('LD_LIBRARY_PATH', '/opt/ros/humble/opt/rviz_ogre_vendor/lib:/opt/ros/humble/lib/x86_64-linux-gnu:/opt/ros/humble/lib'), ('MOTD_SHOWN', 'pam'), ('HOME', '/home/jenter'), ('OLDPWD', '/home/jenter/package/work/src'), ('SSH_TTY', '/dev/pts/0'), ('ROS_PYTHON_VERSION', '3'), ('LC_MONETARY', 'zh_CN.UTF-8'), ('DBUS_SESSION_BUS_ADDRESS', 'unix:path=/run/user/1000/bus'), ('COLCON_PREFIX_PATH', '/home/jenter/package/work/install'), ('ROS_DISTRO', 'humble'), ('LOGNAME', 'jenter'), ('_', '/usr/bin/colcon'), ('ROS_VERSION', '2'), ('XDG_SESSION_CLASS', 'user'), ('TERM', 'vt100'), ('XDG_SESSION_ID', '2'), ('ROS_LOCALHOST_ONLY', '0'), ('PATH', '/opt/ros/humble/bin:/usr/local/sbin:/usr/local/bin:/usr/sbin:/usr/bin:/sbin:/bin:/usr/games:/usr/local/games:/snap/bin'), ('LC_ADDRESS', 'zh_CN.UTF-8'), ('XDG_RUNTIME_DIR', '/run/user/1000'), ('LANG', 'en_US.UTF-8'), ('LC_TELEPHONE', 'zh_CN.UTF-8'), ('LS_COLORS', 'rs=0:di=01;34:ln=01;36:mh=00:pi=40;33:so=01;35:do=01;35:bd=40;33;01:cd=40;33;01:or=40;31;01:mi=00:su=37;41:sg=30;43:ca=30;41:tw=30;42:ow=34;42:st=37;44:ex=01;32:*.tar=01;31:*.tgz=01;31:*.arc=01;31:*.arj=01;31:*.taz=01;31:*.lha=01;31:*.lz4=01;31:*.lzh=01;31:*.lzma=01;31:*.tlz=01;31:*.txz=01;31:*.tzo=01;31:*.t7z=01;31:*.zip=01;31:*.z=01;31:*.dz=01;31:*.gz=01;31:*.lrz=01;31:*.lz=01;31:*.lzo=01;31:*.xz=01;31:*.zst=01;31:*.tzst=01;31:*.bz2=01;31:*.bz=01;31:*.tbz=01;31:*.tbz2=01;31:*.tz=01;31:*.deb=01;31:*.rpm=01;31:*.jar=01;31:*.war=01;31:*.ear=01;31:*.sar=01;31:*.rar=01;31:*.alz=01;31:*.ace=01;31:*.zoo=01;31:*.cpio=01;31:*.7z=01;31:*.rz=01;31:*.cab=01;31:*.wim=01;31:*.swm=01;31:*.dwm=01;31:*.esd=01;31:*.jpg=01;35:*.jpeg=01;35:*.mjpg=01;35:*.mjpeg=01;35:*.gif=01;35:*.bmp=01;35:*.pbm=01;35:*.pgm=01;35:*.ppm=01;35:*.tga=01;35:*.xbm=01;35:*.xpm=01;35:*.tif=01;35:*.tiff=01;35:*.png=01;35:*.svg=01;35:*.svgz=01;35:*.mng=01;35:*.pcx=01;35:*.mov=01;35:*.mpg=01;35:*.mpeg=01;35:*.m2v=01;35:*.mkv=01;35:*.webm=01;35:*.webp=01;35:*.ogm=01;35:*.mp4=01;35:*.m4v=01;35:*.mp4v=01;35:*.vob=01;35:*.qt=01;35:*.nuv=01;35:*.wmv=01;35:*.asf=01;35:*.rm=01;35:*.rmvb=01;35:*.flc=01;35:*.avi=01;35:*.fli=01;35:*.flv=01;35:*.gl=01;35:*.dl=01;35:*.xcf=01;35:*.xwd=01;35:*.yuv=01;35:*.cgm=01;35:*.emf=01;35:*.ogv=01;35:*.ogx=01;35:*.aac=00;36:*.au=00;36:*.flac=00;36:*.m4a=00;36:*.mid=00;36:*.midi=00;36:*.mka=00;36:*.mp3=00;36:*.mpc=00;36:*.ogg=00;36:*.ra=00;36:*.wav=00;36:*.oga=00;36:*.opus=00;36:*.spx=00;36:*.xspf=00;36:'), ('AMENT_PREFIX_PATH', '/home/jenter/package/work/install/bluesea2:/opt/ros/humble'), ('SHELL', '/bin/bash'), ('LC_NAME', 'zh_CN.UTF-8'), ('LESSCLOSE', '/usr/bin/lesspipe %s %s'), ('LC_MEASUREMENT', 'zh_CN.UTF-8'), ('LC_IDENTIFICATION', 'zh_CN.UTF-8'), ('PWD', '/home/jenter/package/work/build/yesense_interface'), ('LC_ALL', 'en_US.UTF-8'), ('SSH_CONNECTION', '192.168.10.111 53952 192.168.10.120 22'), ('XDG_DATA_DIRS', '/usr/share/gnome:/usr/local/share:/usr/share:/var/lib/snapd/desktop'), ('PYTHONPATH', '/opt/ros/humble/lib/python3.10/site-packages:/opt/ros/humble/local/lib/python3.10/dist-packages'), ('LC_NUMERIC', 'zh_CN.UTF-8'), ('LC_PAPER', 'zh_CN.UTF-8'), ('COLCON', '1'), ('CMAKE_PREFIX_PATH', '/home/jenter/package/work/install/bluesea2:/opt/ros/humble')]), 'shell': False}
[2.103410] (-) TimerEvent: {}
[2.136100] (yesense_interface) StdoutLine: {'line': b'[  0%] \x1b[34m\x1b[1mGenerating C code for ROS interfaces\x1b[0m\n'}
[2.155063] (yesense_interface) StdoutLine: {'line': b'[  0%] \x1b[34m\x1b[1mGenerating C++ code for ROS interfaces\x1b[0m\n'}
[2.165882] (yesense_interface) StdoutLine: {'line': b'[  0%] Built target ament_cmake_python_copy_yesense_interface\n'}
[2.203543] (-) TimerEvent: {}
[2.304248] (-) TimerEvent: {}
[2.404890] (-) TimerEvent: {}
[2.505539] (-) TimerEvent: {}
[2.606180] (-) TimerEvent: {}
[2.657786] (yesense_interface) StdoutLine: {'line': b'running egg_info\n'}
[2.659362] (yesense_interface) StdoutLine: {'line': b'creating yesense_interface.egg-info\n'}
[2.659684] (yesense_interface) StdoutLine: {'line': b'writing yesense_interface.egg-info/PKG-INFO\n'}
[2.660052] (yesense_interface) StdoutLine: {'line': b'writing dependency_links to yesense_interface.egg-info/dependency_links.txt\n'}
[2.660358] (yesense_interface) StdoutLine: {'line': b'writing top-level names to yesense_interface.egg-info/top_level.txt\n'}
[2.660812] (yesense_interface) StdoutLine: {'line': b"writing manifest file 'yesense_interface.egg-info/SOURCES.txt'\n"}
[2.664610] (yesense_interface) StdoutLine: {'line': b"reading manifest file 'yesense_interface.egg-info/SOURCES.txt'\n"}
[2.665764] (yesense_interface) StdoutLine: {'line': b"writing manifest file 'yesense_interface.egg-info/SOURCES.txt'\n"}
[2.706372] (-) TimerEvent: {}
[2.721999] (yesense_interface) StdoutLine: {'line': b'[  0%] Built target ament_cmake_python_build_yesense_interface_egg\n'}
[2.806528] (-) TimerEvent: {}
[2.907093] (-) TimerEvent: {}
[3.007632] (-) TimerEvent: {}
[3.108168] (-) TimerEvent: {}
[3.208700] (-) TimerEvent: {}
[3.309243] (-) TimerEvent: {}
[3.409791] (-) TimerEvent: {}
[3.510330] (-) TimerEvent: {}
[3.610895] (-) TimerEvent: {}
[3.711482] (-) TimerEvent: {}
[3.812027] (-) TimerEvent: {}
[3.912554] (-) TimerEvent: {}
[4.013109] (-) TimerEvent: {}
[4.113672] (-) TimerEvent: {}
[4.214284] (-) TimerEvent: {}
[4.314916] (-) TimerEvent: {}
[4.415385] (-) TimerEvent: {}
[4.515900] (-) TimerEvent: {}
[4.616408] (-) TimerEvent: {}
[4.716943] (-) TimerEvent: {}
[4.817489] (-) TimerEvent: {}
[4.918017] (-) TimerEvent: {}
[5.018548] (-) TimerEvent: {}
[5.058650] (yesense_interface) StdoutLine: {'line': b'[  0%] Built target yesense_interface__cpp\n'}
[5.078367] (yesense_interface) StdoutLine: {'line': b'[  1%] \x1b[34m\x1b[1mGenerating C++ type support dispatch for ROS interfaces\x1b[0m\n'}
[5.091786] (yesense_interface) StdoutLine: {'line': b'[  2%] \x1b[34m\x1b[1mGenerating C++ type support for eProsima Fast-RTPS\x1b[0m\n'}
[5.106148] (yesense_interface) StdoutLine: {'line': b'[  3%] \x1b[34m\x1b[1mGenerating C++ introspection for ROS interfaces\x1b[0m\n'}
[5.118694] (-) TimerEvent: {}
[5.142410] (yesense_interface) StdoutLine: {'line': b'[  4%] \x1b[32mBuilding C object CMakeFiles/yesense_interface__rosidl_generator_c.dir/rosidl_generator_c/yesense_interface/msg/detail/tid__functions.c.o\x1b[0m\n'}
[5.218842] (-) TimerEvent: {}
[5.245596] (yesense_interface) StdoutLine: {'line': b'[  4%] \x1b[32mBuilding C object CMakeFiles/yesense_interface__rosidl_generator_c.dir/rosidl_generator_c/yesense_interface/msg/detail/three_axis__functions.c.o\x1b[0m\n'}
[5.319035] (-) TimerEvent: {}
[5.340723] (yesense_interface) StdoutLine: {'line': b'[  5%] \x1b[32mBuilding C object CMakeFiles/yesense_interface__rosidl_generator_c.dir/rosidl_generator_c/yesense_interface/msg/detail/sensor_temp__functions.c.o\x1b[0m\n'}
[5.419191] (-) TimerEvent: {}
[5.433240] (yesense_interface) StdoutLine: {'line': b'[  5%] \x1b[32mBuilding C object CMakeFiles/yesense_interface__rosidl_generator_c.dir/rosidl_generator_c/yesense_interface/msg/detail/pressure__functions.c.o\x1b[0m\n'}
[5.519375] (-) TimerEvent: {}
[5.524657] (yesense_interface) StdoutLine: {'line': b'[  6%] \x1b[32mBuilding C object CMakeFiles/yesense_interface__rosidl_generator_c.dir/rosidl_generator_c/yesense_interface/msg/detail/euler_angle__functions.c.o\x1b[0m\n'}
[5.617284] (yesense_interface) StdoutLine: {'line': b'[  6%] \x1b[32mBuilding C object CMakeFiles/yesense_interface__rosidl_generator_c.dir/rosidl_generator_c/yesense_interface/msg/detail/quat__functions.c.o\x1b[0m\n'}
[5.619481] (-) TimerEvent: {}
[5.709439] (yesense_interface) StdoutLine: {'line': b'[  7%] \x1b[32mBuilding C object CMakeFiles/yesense_interface__rosidl_generator_c.dir/rosidl_generator_c/yesense_interface/msg/detail/gnss_pos__functions.c.o\x1b[0m\n'}
[5.719611] (-) TimerEvent: {}
[5.802281] (yesense_interface) StdoutLine: {'line': b'[  7%] \x1b[32mBuilding C object CMakeFiles/yesense_interface__rosidl_generator_c.dir/rosidl_generator_c/yesense_interface/msg/detail/nav_status__functions.c.o\x1b[0m\n'}
[5.819749] (-) TimerEvent: {}
[5.894337] (yesense_interface) StdoutLine: {'line': b'[  8%] \x1b[32mBuilding C object CMakeFiles/yesense_interface__rosidl_generator_c.dir/rosidl_generator_c/yesense_interface/msg/detail/vel__functions.c.o\x1b[0m\n'}
[5.919891] (-) TimerEvent: {}
[5.986948] (yesense_interface) StdoutLine: {'line': b'[  8%] \x1b[32mBuilding C object CMakeFiles/yesense_interface__rosidl_generator_c.dir/rosidl_generator_c/yesense_interface/msg/detail/utc__functions.c.o\x1b[0m\n'}
[6.020025] (-) TimerEvent: {}
[6.080459] (yesense_interface) StdoutLine: {'line': b'[  9%] \x1b[32mBuilding C object CMakeFiles/yesense_interface__rosidl_generator_c.dir/rosidl_generator_c/yesense_interface/msg/detail/sample_timestamp__functions.c.o\x1b[0m\n'}
[6.120168] (-) TimerEvent: {}
[6.171455] (yesense_interface) StdoutLine: {'line': b'[  9%] \x1b[32mBuilding C object CMakeFiles/yesense_interface__rosidl_generator_c.dir/rosidl_generator_c/yesense_interface/msg/detail/imu_data__functions.c.o\x1b[0m\n'}
[6.220313] (-) TimerEvent: {}
[6.270917] (yesense_interface) StdoutLine: {'line': b'[ 10%] \x1b[32mBuilding C object CMakeFiles/yesense_interface__rosidl_generator_c.dir/rosidl_generator_c/yesense_interface/msg/detail/imu_data_ten_axis__functions.c.o\x1b[0m\n'}
[6.320482] (-) TimerEvent: {}
[6.368997] (yesense_interface) StdoutLine: {'line': b'[ 10%] \x1b[32mBuilding C object CMakeFiles/yesense_interface__rosidl_generator_c.dir/rosidl_generator_c/yesense_interface/msg/detail/euler_only__functions.c.o\x1b[0m\n'}
[6.420633] (-) TimerEvent: {}
[6.465196] (yesense_interface) StdoutLine: {'line': b'[ 11%] \x1b[32mBuilding C object CMakeFiles/yesense_interface__rosidl_generator_c.dir/rosidl_generator_c/yesense_interface/msg/detail/robot_lord__functions.c.o\x1b[0m\n'}
[6.520781] (-) TimerEvent: {}
[6.570563] (yesense_interface) StdoutLine: {'line': b'[ 11%] \x1b[32mBuilding C object CMakeFiles/yesense_interface__rosidl_generator_c.dir/rosidl_generator_c/yesense_interface/msg/detail/attitude_min_vru__functions.c.o\x1b[0m\n'}
[6.620932] (-) TimerEvent: {}
[6.680904] (yesense_interface) StdoutLine: {'line': b'[ 12%] \x1b[32mBuilding C object CMakeFiles/yesense_interface__rosidl_generator_c.dir/rosidl_generator_c/yesense_interface/msg/detail/attitude_min_ahrs__functions.c.o\x1b[0m\n'}
[6.721095] (-) TimerEvent: {}
[6.790189] (yesense_interface) StdoutLine: {'line': b'[ 12%] \x1b[32mBuilding C object CMakeFiles/yesense_interface__rosidl_generator_c.dir/rosidl_generator_c/yesense_interface/msg/detail/attitude_all_data__functions.c.o\x1b[0m\n'}
[6.821241] (-) TimerEvent: {}
[6.860886] (yesense_interface) StdoutLine: {'line': b'[ 12%] \x1b[32mBuilding CXX object CMakeFiles/yesense_interface__rosidl_typesupport_cpp.dir/rosidl_typesupport_cpp/yesense_interface/msg/tid__type_support.cpp.o\x1b[0m\n'}
[6.892407] (yesense_interface) StdoutLine: {'line': b'[ 13%] \x1b[32mBuilding C object CMakeFiles/yesense_interface__rosidl_generator_c.dir/rosidl_generator_c/yesense_interface/msg/detail/pos_only__functions.c.o\x1b[0m\n'}
[6.921389] (-) TimerEvent: {}
[7.005211] (yesense_interface) StdoutLine: {'line': b'[ 13%] \x1b[32mBuilding C object CMakeFiles/yesense_interface__rosidl_generator_c.dir/rosidl_generator_c/yesense_interface/msg/detail/nav_min__functions.c.o\x1b[0m\n'}
[7.021557] (-) TimerEvent: {}
[7.117348] (yesense_interface) StdoutLine: {'line': b'[ 14%] \x1b[32mBuilding C object CMakeFiles/yesense_interface__rosidl_generator_c.dir/rosidl_generator_c/yesense_interface/msg/detail/nav_min_utc__functions.c.o\x1b[0m\n'}
[7.121705] (-) TimerEvent: {}
[7.222243] (-) TimerEvent: {}
[7.235656] (yesense_interface) StdoutLine: {'line': b'[ 14%] \x1b[32mBuilding C object CMakeFiles/yesense_interface__rosidl_generator_c.dir/rosidl_generator_c/yesense_interface/msg/detail/nav_all__functions.c.o\x1b[0m\n'}
[7.322403] (-) TimerEvent: {}
[7.353982] (yesense_interface) StdoutLine: {'line': b'[ 15%] \x1b[32m\x1b[1mLinking C shared library libyesense_interface__rosidl_generator_c.so\x1b[0m\n'}
[7.422566] (-) TimerEvent: {}
[7.465998] (yesense_interface) StdoutLine: {'line': b'[ 15%] Built target yesense_interface__rosidl_generator_c\n'}
[7.482132] (yesense_interface) StdoutLine: {'line': b'[ 16%] \x1b[32mBuilding CXX object CMakeFiles/yesense_interface__rosidl_typesupport_cpp.dir/rosidl_typesupport_cpp/yesense_interface/msg/three_axis__type_support.cpp.o\x1b[0m\n'}
[7.495633] (yesense_interface) StdoutLine: {'line': b'[ 16%] \x1b[32mBuilding CXX object CMakeFiles/yesense_interface__rosidl_typesupport_cpp.dir/rosidl_typesupport_cpp/yesense_interface/msg/sensor_temp__type_support.cpp.o\x1b[0m\n'}
[7.522736] (-) TimerEvent: {}
[7.595706] (yesense_interface) StdoutLine: {'line': b'[ 16%] \x1b[32mBuilding CXX object CMakeFiles/yesense_interface__rosidl_typesupport_introspection_cpp.dir/rosidl_typesupport_introspection_cpp/yesense_interface/msg/detail/tid__type_support.cpp.o\x1b[0m\n'}
[7.622906] (-) TimerEvent: {}
[7.723543] (-) TimerEvent: {}
[7.824121] (-) TimerEvent: {}
[7.924717] (-) TimerEvent: {}
[8.025356] (-) TimerEvent: {}
[8.069040] (yesense_interface) StdoutLine: {'line': b'[ 16%] \x1b[32mBuilding CXX object CMakeFiles/yesense_interface__rosidl_typesupport_fastrtps_cpp.dir/rosidl_typesupport_fastrtps_cpp/yesense_interface/msg/detail/dds_fastrtps/tid__type_support.cpp.o\x1b[0m\n'}
[8.107178] (yesense_interface) StdoutLine: {'line': b'[ 17%] \x1b[32mBuilding CXX object CMakeFiles/yesense_interface__rosidl_typesupport_fastrtps_cpp.dir/rosidl_typesupport_fastrtps_cpp/yesense_interface/msg/detail/dds_fastrtps/three_axis__type_support.cpp.o\x1b[0m\n'}
[8.125520] (-) TimerEvent: {}
[8.132523] (yesense_interface) StdoutLine: {'line': b'[ 18%] \x1b[32mBuilding CXX object CMakeFiles/yesense_interface__rosidl_typesupport_cpp.dir/rosidl_typesupport_cpp/yesense_interface/msg/pressure__type_support.cpp.o\x1b[0m\n'}
[8.225685] (-) TimerEvent: {}
[8.326228] (-) TimerEvent: {}
[8.426789] (-) TimerEvent: {}
[8.482850] (yesense_interface) StdoutLine: {'line': b'[ 19%] \x1b[32mBuilding CXX object CMakeFiles/yesense_interface__rosidl_typesupport_introspection_cpp.dir/rosidl_typesupport_introspection_cpp/yesense_interface/msg/detail/three_axis__type_support.cpp.o\x1b[0m\n'}
[8.526967] (-) TimerEvent: {}
[8.627536] (-) TimerEvent: {}
[8.728087] (-) TimerEvent: {}
[8.755159] (yesense_interface) StdoutLine: {'line': b'[ 19%] \x1b[32mBuilding CXX object CMakeFiles/yesense_interface__rosidl_typesupport_cpp.dir/rosidl_typesupport_cpp/yesense_interface/msg/euler_angle__type_support.cpp.o\x1b[0m\n'}
[8.828256] (-) TimerEvent: {}
[8.929038] (-) TimerEvent: {}
[8.989894] (yesense_interface) StdoutLine: {'line': b'[ 19%] \x1b[32mBuilding CXX object CMakeFiles/yesense_interface__rosidl_typesupport_fastrtps_cpp.dir/rosidl_typesupport_fastrtps_cpp/yesense_interface/msg/detail/dds_fastrtps/sensor_temp__type_support.cpp.o\x1b[0m\n'}
[9.029213] (-) TimerEvent: {}
[9.031874] (yesense_interface) StdoutLine: {'line': b'[ 20%] \x1b[32mBuilding CXX object CMakeFiles/yesense_interface__rosidl_typesupport_fastrtps_cpp.dir/rosidl_typesupport_fastrtps_cpp/yesense_interface/msg/detail/dds_fastrtps/pressure__type_support.cpp.o\x1b[0m\n'}
[9.129377] (-) TimerEvent: {}
[9.230168] (-) TimerEvent: {}
[9.330966] (-) TimerEvent: {}
[9.366369] (yesense_interface) StdoutLine: {'line': b'[ 20%] \x1b[32mBuilding CXX object CMakeFiles/yesense_interface__rosidl_typesupport_introspection_cpp.dir/rosidl_typesupport_introspection_cpp/yesense_interface/msg/detail/sensor_temp__type_support.cpp.o\x1b[0m\n'}
[9.375056] (yesense_interface) StdoutLine: {'line': b'[ 21%] \x1b[32mBuilding CXX object CMakeFiles/yesense_interface__rosidl_typesupport_cpp.dir/rosidl_typesupport_cpp/yesense_interface/msg/quat__type_support.cpp.o\x1b[0m\n'}
[9.431125] (-) TimerEvent: {}
[9.531900] (-) TimerEvent: {}
[9.632739] (-) TimerEvent: {}
[9.733599] (-) TimerEvent: {}
[9.842652] (-) TimerEvent: {}
[9.910385] (yesense_interface) StdoutLine: {'line': b'[ 21%] \x1b[32mBuilding CXX object CMakeFiles/yesense_interface__rosidl_typesupport_cpp.dir/rosidl_typesupport_cpp/yesense_interface/msg/gnss_pos__type_support.cpp.o\x1b[0m\n'}
[9.944412] (-) TimerEvent: {}
[9.966713] (yesense_interface) StdoutLine: {'line': b'[ 21%] \x1b[32mBuilding CXX object CMakeFiles/yesense_interface__rosidl_typesupport_fastrtps_cpp.dir/rosidl_typesupport_fastrtps_cpp/yesense_interface/msg/detail/dds_fastrtps/euler_angle__type_support.cpp.o\x1b[0m\n'}
[9.996978] (yesense_interface) StdoutLine: {'line': b'[ 22%] \x1b[32mBuilding CXX object CMakeFiles/yesense_interface__rosidl_typesupport_cpp.dir/rosidl_typesupport_cpp/yesense_interface/msg/nav_status__type_support.cpp.o\x1b[0m\n'}
[10.044591] (-) TimerEvent: {}
[10.145180] (-) TimerEvent: {}
[10.245773] (-) TimerEvent: {}
[10.249194] (yesense_interface) StdoutLine: {'line': b'[ 23%] \x1b[32mBuilding CXX object CMakeFiles/yesense_interface__rosidl_typesupport_introspection_cpp.dir/rosidl_typesupport_introspection_cpp/yesense_interface/msg/detail/pressure__type_support.cpp.o\x1b[0m\n'}
[10.345968] (-) TimerEvent: {}
[10.446584] (-) TimerEvent: {}
[10.528776] (yesense_interface) StdoutLine: {'line': b'[ 23%] \x1b[32mBuilding CXX object CMakeFiles/yesense_interface__rosidl_typesupport_cpp.dir/rosidl_typesupport_cpp/yesense_interface/msg/vel__type_support.cpp.o\x1b[0m\n'}
[10.546754] (-) TimerEvent: {}
[10.625212] (yesense_interface) StdoutLine: {'line': b'[ 23%] \x1b[32mBuilding CXX object CMakeFiles/yesense_interface__rosidl_typesupport_introspection_cpp.dir/rosidl_typesupport_introspection_cpp/yesense_interface/msg/detail/euler_angle__type_support.cpp.o\x1b[0m\n'}
[10.646935] (-) TimerEvent: {}
[10.747740] (-) TimerEvent: {}
[10.848574] (-) TimerEvent: {}
[10.892155] (yesense_interface) StdoutLine: {'line': b'[ 24%] \x1b[32mBuilding CXX object CMakeFiles/yesense_interface__rosidl_typesupport_fastrtps_cpp.dir/rosidl_typesupport_fastrtps_cpp/yesense_interface/msg/detail/dds_fastrtps/quat__type_support.cpp.o\x1b[0m\n'}
[10.948825] (-) TimerEvent: {}
[11.049661] (-) TimerEvent: {}
[11.134227] (yesense_interface) StdoutLine: {'line': b'[ 24%] \x1b[32mBuilding CXX object CMakeFiles/yesense_interface__rosidl_typesupport_fastrtps_cpp.dir/rosidl_typesupport_fastrtps_cpp/yesense_interface/msg/detail/dds_fastrtps/gnss_pos__type_support.cpp.o\x1b[0m\n'}
[11.147526] (yesense_interface) StdoutLine: {'line': b'[ 25%] \x1b[32mBuilding CXX object CMakeFiles/yesense_interface__rosidl_typesupport_cpp.dir/rosidl_typesupport_cpp/yesense_interface/msg/utc__type_support.cpp.o\x1b[0m\n'}
[11.149794] (-) TimerEvent: {}
[11.250535] (-) TimerEvent: {}
[11.351349] (-) TimerEvent: {}
[11.452166] (-) TimerEvent: {}
[11.508134] (yesense_interface) StdoutLine: {'line': b'[ 26%] \x1b[32mBuilding CXX object CMakeFiles/yesense_interface__rosidl_typesupport_introspection_cpp.dir/rosidl_typesupport_introspection_cpp/yesense_interface/msg/detail/quat__type_support.cpp.o\x1b[0m\n'}
[11.552333] (-) TimerEvent: {}
[11.653094] (-) TimerEvent: {}
[11.753899] (-) TimerEvent: {}
[11.767599] (yesense_interface) StdoutLine: {'line': b'[ 26%] \x1b[32mBuilding CXX object CMakeFiles/yesense_interface__rosidl_typesupport_cpp.dir/rosidl_typesupport_cpp/yesense_interface/msg/sample_timestamp__type_support.cpp.o\x1b[0m\n'}
[11.829648] (yesense_interface) StdoutLine: {'line': b'[ 27%] \x1b[32mBuilding CXX object CMakeFiles/yesense_interface__rosidl_typesupport_fastrtps_cpp.dir/rosidl_typesupport_fastrtps_cpp/yesense_interface/msg/detail/dds_fastrtps/nav_status__type_support.cpp.o\x1b[0m\n'}
[11.854070] (-) TimerEvent: {}
[11.954900] (-) TimerEvent: {}
[12.055733] (-) TimerEvent: {}
[12.060030] (yesense_interface) StdoutLine: {'line': b'[ 27%] \x1b[32mBuilding CXX object CMakeFiles/yesense_interface__rosidl_typesupport_fastrtps_cpp.dir/rosidl_typesupport_fastrtps_cpp/yesense_interface/msg/detail/dds_fastrtps/vel__type_support.cpp.o\x1b[0m\n'}
[12.155894] (-) TimerEvent: {}
[12.256703] (-) TimerEvent: {}
[12.357575] (-) TimerEvent: {}
[12.386958] (yesense_interface) StdoutLine: {'line': b'[ 28%] \x1b[32mBuilding CXX object CMakeFiles/yesense_interface__rosidl_typesupport_cpp.dir/rosidl_typesupport_cpp/yesense_interface/msg/imu_data__type_support.cpp.o\x1b[0m\n'}
[12.393066] (yesense_interface) StdoutLine: {'line': b'[ 28%] \x1b[32mBuilding CXX object CMakeFiles/yesense_interface__rosidl_typesupport_introspection_cpp.dir/rosidl_typesupport_introspection_cpp/yesense_interface/msg/detail/gnss_pos__type_support.cpp.o\x1b[0m\n'}
[12.457740] (-) TimerEvent: {}
[12.558537] (-) TimerEvent: {}
[12.659344] (-) TimerEvent: {}
[12.760208] (-) TimerEvent: {}
[12.763621] (yesense_interface) StdoutLine: {'line': b'[ 29%] \x1b[32mBuilding CXX object CMakeFiles/yesense_interface__rosidl_typesupport_introspection_cpp.dir/rosidl_typesupport_introspection_cpp/yesense_interface/msg/detail/nav_status__type_support.cpp.o\x1b[0m\n'}
[12.860380] (-) TimerEvent: {}
[12.961221] (-) TimerEvent: {}
[12.985661] (yesense_interface) StdoutLine: {'line': b'[ 30%] \x1b[32mBuilding CXX object CMakeFiles/yesense_interface__rosidl_typesupport_fastrtps_cpp.dir/rosidl_typesupport_fastrtps_cpp/yesense_interface/msg/detail/dds_fastrtps/utc__type_support.cpp.o\x1b[0m\n'}
[13.010836] (yesense_interface) StdoutLine: {'line': b'[ 30%] \x1b[32mBuilding CXX object CMakeFiles/yesense_interface__rosidl_typesupport_cpp.dir/rosidl_typesupport_cpp/yesense_interface/msg/imu_data_ten_axis__type_support.cpp.o\x1b[0m\n'}
[13.061387] (-) TimerEvent: {}
[13.162171] (-) TimerEvent: {}
[13.263000] (-) TimerEvent: {}
[13.268648] (yesense_interface) StdoutLine: {'line': b'[ 31%] \x1b[32mBuilding CXX object CMakeFiles/yesense_interface__rosidl_typesupport_cpp.dir/rosidl_typesupport_cpp/yesense_interface/msg/euler_only__type_support.cpp.o\x1b[0m\n'}
[13.363175] (-) TimerEvent: {}
[13.463967] (-) TimerEvent: {}
[13.564882] (-) TimerEvent: {}
[13.638185] (yesense_interface) StdoutLine: {'line': b'[ 31%] \x1b[32mBuilding CXX object CMakeFiles/yesense_interface__rosidl_typesupport_introspection_cpp.dir/rosidl_typesupport_introspection_cpp/yesense_interface/msg/detail/vel__type_support.cpp.o\x1b[0m\n'}
[13.660385] (yesense_interface) StdoutLine: {'line': b'[ 32%] \x1b[32mBuilding CXX object CMakeFiles/yesense_interface__rosidl_typesupport_introspection_cpp.dir/rosidl_typesupport_introspection_cpp/yesense_interface/msg/detail/utc__type_support.cpp.o\x1b[0m\n'}
[13.665020] (-) TimerEvent: {}
[13.765775] (-) TimerEvent: {}
[13.866550] (-) TimerEvent: {}
[13.891530] (yesense_interface) StdoutLine: {'line': b'[ 32%] \x1b[32mBuilding CXX object CMakeFiles/yesense_interface__rosidl_typesupport_cpp.dir/rosidl_typesupport_cpp/yesense_interface/msg/robot_lord__type_support.cpp.o\x1b[0m\n'}
[13.915873] (yesense_interface) StdoutLine: {'line': b'[ 32%] \x1b[32mBuilding CXX object CMakeFiles/yesense_interface__rosidl_typesupport_fastrtps_cpp.dir/rosidl_typesupport_fastrtps_cpp/yesense_interface/msg/detail/dds_fastrtps/sample_timestamp__type_support.cpp.o\x1b[0m\n'}
[13.966714] (-) TimerEvent: {}
[14.067739] (-) TimerEvent: {}
[14.168544] (-) TimerEvent: {}
[14.269128] (-) TimerEvent: {}
[14.369742] (-) TimerEvent: {}
[14.470360] (-) TimerEvent: {}
[14.521660] (yesense_interface) StdoutLine: {'line': b'[ 33%] \x1b[32mBuilding CXX object CMakeFiles/yesense_interface__rosidl_typesupport_cpp.dir/rosidl_typesupport_cpp/yesense_interface/msg/attitude_min_vru__type_support.cpp.o\x1b[0m\n'}
[14.533619] (yesense_interface) StdoutLine: {'line': b'[ 33%] \x1b[32mBuilding CXX object CMakeFiles/yesense_interface__rosidl_typesupport_introspection_cpp.dir/rosidl_typesupport_introspection_cpp/yesense_interface/msg/detail/sample_timestamp__type_support.cpp.o\x1b[0m\n'}
[14.547344] (yesense_interface) StdoutLine: {'line': b'[ 34%] \x1b[32mBuilding CXX object CMakeFiles/yesense_interface__rosidl_typesupport_introspection_cpp.dir/rosidl_typesupport_introspection_cpp/yesense_interface/msg/detail/imu_data__type_support.cpp.o\x1b[0m\n'}
[14.570515] (-) TimerEvent: {}
[14.671245] (-) TimerEvent: {}
[14.772104] (-) TimerEvent: {}
[14.837589] (yesense_interface) StdoutLine: {'line': b'[ 35%] \x1b[32mBuilding CXX object CMakeFiles/yesense_interface__rosidl_typesupport_fastrtps_cpp.dir/rosidl_typesupport_fastrtps_cpp/yesense_interface/msg/detail/dds_fastrtps/imu_data__type_support.cpp.o\x1b[0m\n'}
[14.872281] (-) TimerEvent: {}
[14.973070] (-) TimerEvent: {}
[15.073850] (-) TimerEvent: {}
[15.143362] (yesense_interface) StdoutLine: {'line': b'[ 35%] \x1b[32mBuilding CXX object CMakeFiles/yesense_interface__rosidl_typesupport_cpp.dir/rosidl_typesupport_cpp/yesense_interface/msg/attitude_min_ahrs__type_support.cpp.o\x1b[0m\n'}
[15.174017] (-) TimerEvent: {}
[15.274764] (-) TimerEvent: {}
[15.375583] (-) TimerEvent: {}
[15.416844] (yesense_interface) StdoutLine: {'line': b'[ 36%] \x1b[32mBuilding CXX object CMakeFiles/yesense_interface__rosidl_typesupport_cpp.dir/rosidl_typesupport_cpp/yesense_interface/msg/attitude_all_data__type_support.cpp.o\x1b[0m\n'}
[15.452071] (yesense_interface) StdoutLine: {'line': b'[ 36%] \x1b[32mBuilding CXX object CMakeFiles/yesense_interface__rosidl_typesupport_introspection_cpp.dir/rosidl_typesupport_introspection_cpp/yesense_interface/msg/detail/imu_data_ten_axis__type_support.cpp.o\x1b[0m\n'}
[15.475739] (-) TimerEvent: {}
[15.576567] (-) TimerEvent: {}
[15.677363] (-) TimerEvent: {}
[15.768632] (yesense_interface) StdoutLine: {'line': b'[ 36%] \x1b[32mBuilding CXX object CMakeFiles/yesense_interface__rosidl_typesupport_fastrtps_cpp.dir/rosidl_typesupport_fastrtps_cpp/yesense_interface/msg/detail/dds_fastrtps/imu_data_ten_axis__type_support.cpp.o\x1b[0m\n'}
[15.775353] (yesense_interface) StdoutLine: {'line': b'[ 36%] \x1b[32mBuilding CXX object CMakeFiles/yesense_interface__rosidl_typesupport_cpp.dir/rosidl_typesupport_cpp/yesense_interface/msg/pos_only__type_support.cpp.o\x1b[0m\n'}
[15.777499] (-) TimerEvent: {}
[15.877992] (-) TimerEvent: {}
[15.978520] (-) TimerEvent: {}
[16.045177] (yesense_interface) StdoutLine: {'line': b'[ 37%] \x1b[32mBuilding CXX object CMakeFiles/yesense_interface__rosidl_typesupport_cpp.dir/rosidl_typesupport_cpp/yesense_interface/msg/nav_min__type_support.cpp.o\x1b[0m\n'}
[16.078698] (-) TimerEvent: {}
[16.179521] (-) TimerEvent: {}
[16.280280] (-) TimerEvent: {}
[16.355590] (yesense_interface) StdoutLine: {'line': b'[ 38%] \x1b[32mBuilding CXX object CMakeFiles/yesense_interface__rosidl_typesupport_introspection_cpp.dir/rosidl_typesupport_introspection_cpp/yesense_interface/msg/detail/euler_only__type_support.cpp.o\x1b[0m\n'}
[16.380439] (-) TimerEvent: {}
[16.395908] (yesense_interface) StdoutLine: {'line': b'[ 38%] \x1b[32mBuilding CXX object CMakeFiles/yesense_interface__rosidl_typesupport_cpp.dir/rosidl_typesupport_cpp/yesense_interface/msg/nav_min_utc__type_support.cpp.o\x1b[0m\n'}
[16.480611] (-) TimerEvent: {}
[16.581451] (-) TimerEvent: {}
[16.675688] (yesense_interface) StdoutLine: {'line': b'[ 39%] \x1b[32mBuilding CXX object CMakeFiles/yesense_interface__rosidl_typesupport_cpp.dir/rosidl_typesupport_cpp/yesense_interface/msg/nav_all__type_support.cpp.o\x1b[0m\n'}
[16.681607] (-) TimerEvent: {}
[16.697191] (yesense_interface) StdoutLine: {'line': b'[ 40%] \x1b[32mBuilding CXX object CMakeFiles/yesense_interface__rosidl_typesupport_fastrtps_cpp.dir/rosidl_typesupport_fastrtps_cpp/yesense_interface/msg/detail/dds_fastrtps/euler_only__type_support.cpp.o\x1b[0m\n'}
[16.781770] (-) TimerEvent: {}
[16.882341] (-) TimerEvent: {}
[16.982894] (-) TimerEvent: {}
[17.024641] (yesense_interface) StdoutLine: {'line': b'[ 40%] \x1b[32mBuilding CXX object CMakeFiles/yesense_interface__rosidl_typesupport_fastrtps_cpp.dir/rosidl_typesupport_fastrtps_cpp/yesense_interface/msg/detail/dds_fastrtps/robot_lord__type_support.cpp.o\x1b[0m\n'}
[17.083072] (-) TimerEvent: {}
[17.183649] (-) TimerEvent: {}
[17.242023] (yesense_interface) StdoutLine: {'line': b'[ 40%] \x1b[32mBuilding CXX object CMakeFiles/yesense_interface__rosidl_typesupport_introspection_cpp.dir/rosidl_typesupport_introspection_cpp/yesense_interface/msg/detail/robot_lord__type_support.cpp.o\x1b[0m\n'}
[17.283807] (-) TimerEvent: {}
[17.316877] (yesense_interface) StdoutLine: {'line': b'[ 40%] \x1b[32m\x1b[1mLinking CXX shared library libyesense_interface__rosidl_typesupport_cpp.so\x1b[0m\n'}
[17.383972] (-) TimerEvent: {}
[17.413402] (yesense_interface) StdoutLine: {'line': b'[ 40%] Built target yesense_interface__rosidl_typesupport_cpp\n'}
[17.430412] (yesense_interface) StdoutLine: {'line': b'[ 41%] \x1b[32mBuilding CXX object CMakeFiles/yesense_interface__rosidl_typesupport_introspection_cpp.dir/rosidl_typesupport_introspection_cpp/yesense_interface/msg/detail/attitude_min_vru__type_support.cpp.o\x1b[0m\n'}
[17.484140] (-) TimerEvent: {}
[17.584903] (-) TimerEvent: {}
[17.631818] (yesense_interface) StdoutLine: {'line': b'[ 41%] \x1b[32mBuilding CXX object CMakeFiles/yesense_interface__rosidl_typesupport_introspection_cpp.dir/rosidl_typesupport_introspection_cpp/yesense_interface/msg/detail/attitude_min_ahrs__type_support.cpp.o\x1b[0m\n'}
[17.685068] (-) TimerEvent: {}
[17.785883] (-) TimerEvent: {}
[17.886780] (-) TimerEvent: {}
[17.954742] (yesense_interface) StdoutLine: {'line': b'[ 42%] \x1b[32mBuilding CXX object CMakeFiles/yesense_interface__rosidl_typesupport_fastrtps_cpp.dir/rosidl_typesupport_fastrtps_cpp/yesense_interface/msg/detail/dds_fastrtps/attitude_min_vru__type_support.cpp.o\x1b[0m\n'}
[17.986955] (-) TimerEvent: {}
[18.087517] (-) TimerEvent: {}
[18.144150] (yesense_interface) StdoutLine: {'line': b'[ 43%] \x1b[32mBuilding CXX object CMakeFiles/yesense_interface__rosidl_typesupport_introspection_cpp.dir/rosidl_typesupport_introspection_cpp/yesense_interface/msg/detail/attitude_all_data__type_support.cpp.o\x1b[0m\n'}
[18.187684] (-) TimerEvent: {}
[18.288219] (-) TimerEvent: {}
[18.337447] (yesense_interface) StdoutLine: {'line': b'[ 43%] \x1b[32mBuilding CXX object CMakeFiles/yesense_interface__rosidl_typesupport_introspection_cpp.dir/rosidl_typesupport_introspection_cpp/yesense_interface/msg/detail/pos_only__type_support.cpp.o\x1b[0m\n'}
[18.388378] (-) TimerEvent: {}
[18.489153] (-) TimerEvent: {}
[18.551076] (yesense_interface) StdoutLine: {'line': b'[ 44%] \x1b[32mBuilding CXX object CMakeFiles/yesense_interface__rosidl_typesupport_introspection_cpp.dir/rosidl_typesupport_introspection_cpp/yesense_interface/msg/detail/nav_min__type_support.cpp.o\x1b[0m\n'}
[18.589320] (-) TimerEvent: {}
[18.690154] (-) TimerEvent: {}
[18.791045] (-) TimerEvent: {}
[18.884954] (yesense_interface) StdoutLine: {'line': b'[ 44%] \x1b[32mBuilding CXX object CMakeFiles/yesense_interface__rosidl_typesupport_fastrtps_cpp.dir/rosidl_typesupport_fastrtps_cpp/yesense_interface/msg/detail/dds_fastrtps/attitude_min_ahrs__type_support.cpp.o\x1b[0m\n'}
[18.891209] (-) TimerEvent: {}
[18.992023] (-) TimerEvent: {}
[19.059750] (yesense_interface) StdoutLine: {'line': b'[ 45%] \x1b[32mBuilding CXX object CMakeFiles/yesense_interface__rosidl_typesupport_fastrtps_cpp.dir/rosidl_typesupport_fastrtps_cpp/yesense_interface/msg/detail/dds_fastrtps/attitude_all_data__type_support.cpp.o\x1b[0m\n'}
[19.092255] (-) TimerEvent: {}
[19.193021] (-) TimerEvent: {}
[19.247201] (yesense_interface) StdoutLine: {'line': b'[ 45%] \x1b[32mBuilding CXX object CMakeFiles/yesense_interface__rosidl_typesupport_fastrtps_cpp.dir/rosidl_typesupport_fastrtps_cpp/yesense_interface/msg/detail/dds_fastrtps/pos_only__type_support.cpp.o\x1b[0m\n'}
[19.293193] (-) TimerEvent: {}
[19.394047] (-) TimerEvent: {}
[19.454717] (yesense_interface) StdoutLine: {'line': b'[ 45%] \x1b[32mBuilding CXX object CMakeFiles/yesense_interface__rosidl_typesupport_introspection_cpp.dir/rosidl_typesupport_introspection_cpp/yesense_interface/msg/detail/nav_min_utc__type_support.cpp.o\x1b[0m\n'}
[19.494213] (-) TimerEvent: {}
[19.594989] (-) TimerEvent: {}
[19.695815] (-) TimerEvent: {}
[19.796650] (-) TimerEvent: {}
[19.824357] (yesense_interface) StdoutLine: {'line': b'[ 46%] \x1b[32mBuilding CXX object CMakeFiles/yesense_interface__rosidl_typesupport_introspection_cpp.dir/rosidl_typesupport_introspection_cpp/yesense_interface/msg/detail/nav_all__type_support.cpp.o\x1b[0m\n'}
[19.896808] (-) TimerEvent: {}
[19.997611] (-) TimerEvent: {}
[20.002098] (yesense_interface) StdoutLine: {'line': b'[ 47%] \x1b[32mBuilding CXX object CMakeFiles/yesense_interface__rosidl_typesupport_fastrtps_cpp.dir/rosidl_typesupport_fastrtps_cpp/yesense_interface/msg/detail/dds_fastrtps/nav_min__type_support.cpp.o\x1b[0m\n'}
[20.097787] (-) TimerEvent: {}
[20.193040] (yesense_interface) StdoutLine: {'line': b'[ 47%] \x1b[32mBuilding CXX object CMakeFiles/yesense_interface__rosidl_typesupport_fastrtps_cpp.dir/rosidl_typesupport_fastrtps_cpp/yesense_interface/msg/detail/dds_fastrtps/nav_min_utc__type_support.cpp.o\x1b[0m\n'}
[20.197989] (-) TimerEvent: {}
[20.298825] (-) TimerEvent: {}
[20.375478] (yesense_interface) StdoutLine: {'line': b'[ 48%] \x1b[34m\x1b[1mGenerating C type support for eProsima Fast-RTPS\x1b[0m\n'}
[20.398982] (-) TimerEvent: {}
[20.499757] (-) TimerEvent: {}
[20.600526] (-) TimerEvent: {}
[20.701296] (-) TimerEvent: {}
[20.751173] (yesense_interface) StdoutLine: {'line': b'[ 49%] \x1b[32m\x1b[1mLinking CXX shared library libyesense_interface__rosidl_typesupport_introspection_cpp.so\x1b[0m\n'}
[20.801454] (-) TimerEvent: {}
[20.902202] (-) TimerEvent: {}
[20.914472] (yesense_interface) StdoutLine: {'line': b'[ 49%] Built target yesense_interface__rosidl_typesupport_introspection_cpp\n'}
[20.936167] (yesense_interface) StdoutLine: {'line': b'[ 50%] \x1b[34m\x1b[1mGenerating C introspection for ROS interfaces\x1b[0m\n'}
[20.943612] (yesense_interface) StdoutLine: {'line': b'[ 51%] \x1b[32mBuilding CXX object CMakeFiles/yesense_interface__rosidl_typesupport_fastrtps_cpp.dir/rosidl_typesupport_fastrtps_cpp/yesense_interface/msg/detail/dds_fastrtps/nav_all__type_support.cpp.o\x1b[0m\n'}
[21.002345] (-) TimerEvent: {}
[21.103061] (-) TimerEvent: {}
[21.154801] (yesense_interface) StdoutLine: {'line': b'[ 52%] \x1b[34m\x1b[1mGenerating C type support dispatch for ROS interfaces\x1b[0m\n'}
[21.203216] (-) TimerEvent: {}
[21.303982] (-) TimerEvent: {}
[21.404706] (-) TimerEvent: {}
[21.505424] (-) TimerEvent: {}
[21.606135] (-) TimerEvent: {}
[21.706869] (-) TimerEvent: {}
[21.807582] (-) TimerEvent: {}
[21.865711] (yesense_interface) StdoutLine: {'line': b'[ 52%] \x1b[32m\x1b[1mLinking CXX shared library libyesense_interface__rosidl_typesupport_fastrtps_cpp.so\x1b[0m\n'}
[21.907728] (-) TimerEvent: {}
[22.008451] (-) TimerEvent: {}
[22.043705] (yesense_interface) StdoutLine: {'line': b'[ 52%] Built target yesense_interface__rosidl_typesupport_fastrtps_cpp\n'}
[22.108645] (-) TimerEvent: {}
[22.209257] (-) TimerEvent: {}
[22.309868] (-) TimerEvent: {}
[22.410466] (-) TimerEvent: {}
[22.511079] (-) TimerEvent: {}
[22.611750] (-) TimerEvent: {}
[22.712555] (-) TimerEvent: {}
[22.788549] (yesense_interface) StdoutLine: {'line': b'[ 52%] \x1b[32mBuilding CXX object CMakeFiles/yesense_interface__rosidl_typesupport_c.dir/rosidl_typesupport_c/yesense_interface/msg/tid__type_support.cpp.o\x1b[0m\n'}
[22.796091] (yesense_interface) StdoutLine: {'line': b'[ 53%] \x1b[32mBuilding CXX object CMakeFiles/yesense_interface__rosidl_typesupport_c.dir/rosidl_typesupport_c/yesense_interface/msg/three_axis__type_support.cpp.o\x1b[0m\n'}
[22.812693] (-) TimerEvent: {}
[22.850906] (yesense_interface) StdoutLine: {'line': b'[ 53%] \x1b[32mBuilding CXX object CMakeFiles/yesense_interface__rosidl_typesupport_c.dir/rosidl_typesupport_c/yesense_interface/msg/sensor_temp__type_support.cpp.o\x1b[0m\n'}
[22.872154] (yesense_interface) StdoutLine: {'line': b'[ 54%] \x1b[32mBuilding CXX object CMakeFiles/yesense_interface__rosidl_typesupport_c.dir/rosidl_typesupport_c/yesense_interface/msg/pressure__type_support.cpp.o\x1b[0m\n'}
[22.910644] (yesense_interface) StdoutLine: {'line': b'[ 54%] \x1b[32mBuilding CXX object CMakeFiles/yesense_interface__rosidl_typesupport_c.dir/rosidl_typesupport_c/yesense_interface/msg/euler_angle__type_support.cpp.o\x1b[0m\n'}
[22.912827] (-) TimerEvent: {}
[22.932432] (yesense_interface) StdoutLine: {'line': b'[ 55%] \x1b[32mBuilding CXX object CMakeFiles/yesense_interface__rosidl_typesupport_c.dir/rosidl_typesupport_c/yesense_interface/msg/quat__type_support.cpp.o\x1b[0m\n'}
[22.981419] (yesense_interface) StdoutLine: {'line': b'[ 55%] \x1b[32mBuilding CXX object CMakeFiles/yesense_interface__rosidl_typesupport_c.dir/rosidl_typesupport_c/yesense_interface/msg/gnss_pos__type_support.cpp.o\x1b[0m\n'}
[22.990121] (yesense_interface) StdoutLine: {'line': b'[ 56%] \x1b[32mBuilding CXX object CMakeFiles/yesense_interface__rosidl_typesupport_c.dir/rosidl_typesupport_c/yesense_interface/msg/nav_status__type_support.cpp.o\x1b[0m\n'}
[23.012991] (-) TimerEvent: {}
[23.046954] (yesense_interface) StdoutLine: {'line': b'[ 56%] \x1b[32mBuilding CXX object CMakeFiles/yesense_interface__rosidl_typesupport_c.dir/rosidl_typesupport_c/yesense_interface/msg/vel__type_support.cpp.o\x1b[0m\n'}
[23.065009] (yesense_interface) StdoutLine: {'line': b'[ 57%] \x1b[32mBuilding CXX object CMakeFiles/yesense_interface__rosidl_typesupport_c.dir/rosidl_typesupport_c/yesense_interface/msg/utc__type_support.cpp.o\x1b[0m\n'}
[23.100210] (yesense_interface) StdoutLine: {'line': b'[ 57%] \x1b[32mBuilding CXX object CMakeFiles/yesense_interface__rosidl_typesupport_fastrtps_c.dir/rosidl_typesupport_fastrtps_c/yesense_interface/msg/detail/tid__type_support_c.cpp.o\x1b[0m\n'}
[23.104842] (yesense_interface) StdoutLine: {'line': b'[ 58%] \x1b[32mBuilding CXX object CMakeFiles/yesense_interface__rosidl_typesupport_fastrtps_c.dir/rosidl_typesupport_fastrtps_c/yesense_interface/msg/detail/three_axis__type_support_c.cpp.o\x1b[0m\n'}
[23.113176] (-) TimerEvent: {}
[23.122027] (yesense_interface) StdoutLine: {'line': b'[ 58%] \x1b[32mBuilding CXX object CMakeFiles/yesense_interface__rosidl_typesupport_c.dir/rosidl_typesupport_c/yesense_interface/msg/sample_timestamp__type_support.cpp.o\x1b[0m\n'}
[23.175771] (yesense_interface) StdoutLine: {'line': b'[ 59%] \x1b[32mBuilding CXX object CMakeFiles/yesense_interface__rosidl_typesupport_c.dir/rosidl_typesupport_c/yesense_interface/msg/imu_data__type_support.cpp.o\x1b[0m\n'}
[23.213333] (-) TimerEvent: {}
[23.231905] (yesense_interface) StdoutLine: {'line': b'[ 59%] \x1b[32mBuilding CXX object CMakeFiles/yesense_interface__rosidl_typesupport_c.dir/rosidl_typesupport_c/yesense_interface/msg/imu_data_ten_axis__type_support.cpp.o\x1b[0m\n'}
[23.290442] (yesense_interface) StdoutLine: {'line': b'[ 60%] \x1b[32mBuilding CXX object CMakeFiles/yesense_interface__rosidl_typesupport_c.dir/rosidl_typesupport_c/yesense_interface/msg/euler_only__type_support.cpp.o\x1b[0m\n'}
[23.313487] (-) TimerEvent: {}
[23.347699] (yesense_interface) StdoutLine: {'line': b'[ 60%] \x1b[32mBuilding CXX object CMakeFiles/yesense_interface__rosidl_typesupport_c.dir/rosidl_typesupport_c/yesense_interface/msg/robot_lord__type_support.cpp.o\x1b[0m\n'}
[23.406157] (yesense_interface) StdoutLine: {'line': b'[ 61%] \x1b[32mBuilding CXX object CMakeFiles/yesense_interface__rosidl_typesupport_c.dir/rosidl_typesupport_c/yesense_interface/msg/attitude_min_vru__type_support.cpp.o\x1b[0m\n'}
[23.413651] (-) TimerEvent: {}
[23.466208] (yesense_interface) StdoutLine: {'line': b'[ 61%] \x1b[32mBuilding CXX object CMakeFiles/yesense_interface__rosidl_typesupport_c.dir/rosidl_typesupport_c/yesense_interface/msg/attitude_min_ahrs__type_support.cpp.o\x1b[0m\n'}
[23.513810] (-) TimerEvent: {}
[23.526582] (yesense_interface) StdoutLine: {'line': b'[ 62%] \x1b[32mBuilding CXX object CMakeFiles/yesense_interface__rosidl_typesupport_c.dir/rosidl_typesupport_c/yesense_interface/msg/attitude_all_data__type_support.cpp.o\x1b[0m\n'}
[23.548592] (yesense_interface) StdoutLine: {'line': b'[ 62%] \x1b[32mBuilding C object CMakeFiles/yesense_interface__rosidl_typesupport_introspection_c.dir/rosidl_typesupport_introspection_c/yesense_interface/msg/detail/tid__type_support.c.o\x1b[0m\n'}
[23.589156] (yesense_interface) StdoutLine: {'line': b'[ 62%] \x1b[32mBuilding CXX object CMakeFiles/yesense_interface__rosidl_typesupport_c.dir/rosidl_typesupport_c/yesense_interface/msg/pos_only__type_support.cpp.o\x1b[0m\n'}
[23.613986] (-) TimerEvent: {}
[23.616287] (yesense_interface) StdoutLine: {'line': b'[ 63%] \x1b[32mBuilding C object CMakeFiles/yesense_interface__rosidl_typesupport_introspection_c.dir/rosidl_typesupport_introspection_c/yesense_interface/msg/detail/three_axis__type_support.c.o\x1b[0m\n'}
[23.651128] (yesense_interface) StdoutLine: {'line': b'[ 64%] \x1b[32mBuilding CXX object CMakeFiles/yesense_interface__rosidl_typesupport_c.dir/rosidl_typesupport_c/yesense_interface/msg/nav_min__type_support.cpp.o\x1b[0m\n'}
[23.684346] (yesense_interface) StdoutLine: {'line': b'[ 64%] \x1b[32mBuilding C object CMakeFiles/yesense_interface__rosidl_typesupport_introspection_c.dir/rosidl_typesupport_introspection_c/yesense_interface/msg/detail/sensor_temp__type_support.c.o\x1b[0m\n'}
[23.711441] (yesense_interface) StdoutLine: {'line': b'[ 64%] \x1b[32mBuilding CXX object CMakeFiles/yesense_interface__rosidl_typesupport_c.dir/rosidl_typesupport_c/yesense_interface/msg/nav_min_utc__type_support.cpp.o\x1b[0m\n'}
[23.714132] (-) TimerEvent: {}
[23.751093] (yesense_interface) StdoutLine: {'line': b'[ 65%] \x1b[32mBuilding C object CMakeFiles/yesense_interface__rosidl_typesupport_introspection_c.dir/rosidl_typesupport_introspection_c/yesense_interface/msg/detail/pressure__type_support.c.o\x1b[0m\n'}
[23.774086] (yesense_interface) StdoutLine: {'line': b'[ 66%] \x1b[32mBuilding CXX object CMakeFiles/yesense_interface__rosidl_typesupport_c.dir/rosidl_typesupport_c/yesense_interface/msg/nav_all__type_support.cpp.o\x1b[0m\n'}
[23.814289] (-) TimerEvent: {}
[23.816212] (yesense_interface) StdoutLine: {'line': b'[ 66%] \x1b[32mBuilding C object CMakeFiles/yesense_interface__rosidl_typesupport_introspection_c.dir/rosidl_typesupport_introspection_c/yesense_interface/msg/detail/euler_angle__type_support.c.o\x1b[0m\n'}
[23.837236] (yesense_interface) StdoutLine: {'line': b'[ 66%] \x1b[32m\x1b[1mLinking CXX shared library libyesense_interface__rosidl_typesupport_c.so\x1b[0m\n'}
[23.877415] (yesense_interface) StdoutLine: {'line': b'[ 66%] \x1b[32mBuilding CXX object CMakeFiles/yesense_interface__rosidl_typesupport_fastrtps_c.dir/rosidl_typesupport_fastrtps_c/yesense_interface/msg/detail/sensor_temp__type_support_c.cpp.o\x1b[0m\n'}
[23.880695] (yesense_interface) StdoutLine: {'line': b'[ 67%] \x1b[32mBuilding C object CMakeFiles/yesense_interface__rosidl_typesupport_introspection_c.dir/rosidl_typesupport_introspection_c/yesense_interface/msg/detail/quat__type_support.c.o\x1b[0m\n'}
[23.898299] (yesense_interface) StdoutLine: {'line': b'[ 68%] \x1b[32mBuilding CXX object CMakeFiles/yesense_interface__rosidl_typesupport_fastrtps_c.dir/rosidl_typesupport_fastrtps_c/yesense_interface/msg/detail/pressure__type_support_c.cpp.o\x1b[0m\n'}
[23.914450] (-) TimerEvent: {}
[23.932382] (yesense_interface) StdoutLine: {'line': b'[ 68%] Built target yesense_interface__rosidl_typesupport_c\n'}
[23.943007] (yesense_interface) StdoutLine: {'line': b'[ 68%] \x1b[32mBuilding C object CMakeFiles/yesense_interface__rosidl_typesupport_introspection_c.dir/rosidl_typesupport_introspection_c/yesense_interface/msg/detail/gnss_pos__type_support.c.o\x1b[0m\n'}
[23.947611] (yesense_interface) StdoutLine: {'line': b'[ 69%] \x1b[32mBuilding C object CMakeFiles/yesense_interface__rosidl_typesupport_introspection_c.dir/rosidl_typesupport_introspection_c/yesense_interface/msg/detail/nav_status__type_support.c.o\x1b[0m\n'}
[24.004726] (yesense_interface) StdoutLine: {'line': b'[ 69%] \x1b[32mBuilding C object CMakeFiles/yesense_interface__rosidl_typesupport_introspection_c.dir/rosidl_typesupport_introspection_c/yesense_interface/msg/detail/vel__type_support.c.o\x1b[0m\n'}
[24.008494] (yesense_interface) StdoutLine: {'line': b'[ 70%] \x1b[32mBuilding C object CMakeFiles/yesense_interface__rosidl_typesupport_introspection_c.dir/rosidl_typesupport_introspection_c/yesense_interface/msg/detail/utc__type_support.c.o\x1b[0m\n'}
[24.014588] (-) TimerEvent: {}
[24.068647] (yesense_interface) StdoutLine: {'line': b'[ 70%] \x1b[32mBuilding C object CMakeFiles/yesense_interface__rosidl_typesupport_introspection_c.dir/rosidl_typesupport_introspection_c/yesense_interface/msg/detail/sample_timestamp__type_support.c.o\x1b[0m\n'}
[24.071456] (yesense_interface) StdoutLine: {'line': b'[ 71%] \x1b[32mBuilding C object CMakeFiles/yesense_interface__rosidl_typesupport_introspection_c.dir/rosidl_typesupport_introspection_c/yesense_interface/msg/detail/imu_data__type_support.c.o\x1b[0m\n'}
[24.114758] (-) TimerEvent: {}
[24.134180] (yesense_interface) StdoutLine: {'line': b'[ 71%] \x1b[32mBuilding C object CMakeFiles/yesense_interface__rosidl_typesupport_introspection_c.dir/rosidl_typesupport_introspection_c/yesense_interface/msg/detail/imu_data_ten_axis__type_support.c.o\x1b[0m\n'}
[24.140187] (yesense_interface) StdoutLine: {'line': b'[ 72%] \x1b[32mBuilding C object CMakeFiles/yesense_interface__rosidl_typesupport_introspection_c.dir/rosidl_typesupport_introspection_c/yesense_interface/msg/detail/euler_only__type_support.c.o\x1b[0m\n'}
[24.214932] (-) TimerEvent: {}
[24.216029] (yesense_interface) StdoutLine: {'line': b'[ 73%] \x1b[32mBuilding C object CMakeFiles/yesense_interface__rosidl_typesupport_introspection_c.dir/rosidl_typesupport_introspection_c/yesense_interface/msg/detail/attitude_min_vru__type_support.c.o\x1b[0m\n'}
[24.217261] (yesense_interface) StdoutLine: {'line': b'[ 73%] \x1b[32mBuilding C object CMakeFiles/yesense_interface__rosidl_typesupport_introspection_c.dir/rosidl_typesupport_introspection_c/yesense_interface/msg/detail/robot_lord__type_support.c.o\x1b[0m\n'}
[24.283509] (yesense_interface) StdoutLine: {'line': b'[ 73%] \x1b[32mBuilding C object CMakeFiles/yesense_interface__rosidl_typesupport_introspection_c.dir/rosidl_typesupport_introspection_c/yesense_interface/msg/detail/attitude_min_ahrs__type_support.c.o\x1b[0m\n'}
[24.284020] (yesense_interface) StdoutLine: {'line': b'[ 74%] \x1b[32mBuilding C object CMakeFiles/yesense_interface__rosidl_typesupport_introspection_c.dir/rosidl_typesupport_introspection_c/yesense_interface/msg/detail/attitude_all_data__type_support.c.o\x1b[0m\n'}
[24.315080] (-) TimerEvent: {}
[24.368486] (yesense_interface) StdoutLine: {'line': b'[ 75%] \x1b[32mBuilding C object CMakeFiles/yesense_interface__rosidl_typesupport_introspection_c.dir/rosidl_typesupport_introspection_c/yesense_interface/msg/detail/pos_only__type_support.c.o\x1b[0m\n'}
[24.368914] (yesense_interface) StdoutLine: {'line': b'[ 75%] \x1b[32mBuilding C object CMakeFiles/yesense_interface__rosidl_typesupport_introspection_c.dir/rosidl_typesupport_introspection_c/yesense_interface/msg/detail/nav_min__type_support.c.o\x1b[0m\n'}
[24.415286] (-) TimerEvent: {}
[24.436829] (yesense_interface) StdoutLine: {'line': b'[ 75%] \x1b[32mBuilding C object CMakeFiles/yesense_interface__rosidl_typesupport_introspection_c.dir/rosidl_typesupport_introspection_c/yesense_interface/msg/detail/nav_min_utc__type_support.c.o\x1b[0m\n'}
[24.437255] (yesense_interface) StdoutLine: {'line': b'[ 75%] \x1b[32mBuilding CXX object CMakeFiles/yesense_interface__rosidl_typesupport_fastrtps_c.dir/rosidl_typesupport_fastrtps_c/yesense_interface/msg/detail/euler_angle__type_support_c.cpp.o\x1b[0m\n'}
[24.515477] (-) TimerEvent: {}
[24.520740] (yesense_interface) StdoutLine: {'line': b'[ 76%] \x1b[32mBuilding C object CMakeFiles/yesense_interface__rosidl_typesupport_introspection_c.dir/rosidl_typesupport_introspection_c/yesense_interface/msg/detail/nav_all__type_support.c.o\x1b[0m\n'}
[24.608603] (yesense_interface) StdoutLine: {'line': b'[ 76%] \x1b[32m\x1b[1mLinking C shared library libyesense_interface__rosidl_typesupport_introspection_c.so\x1b[0m\n'}
[24.615634] (-) TimerEvent: {}
[24.641198] (yesense_interface) StdoutLine: {'line': b'[ 77%] \x1b[32mBuilding CXX object CMakeFiles/yesense_interface__rosidl_typesupport_fastrtps_c.dir/rosidl_typesupport_fastrtps_c/yesense_interface/msg/detail/quat__type_support_c.cpp.o\x1b[0m\n'}
[24.669164] (yesense_interface) StdoutLine: {'line': b'[ 77%] \x1b[32mBuilding CXX object CMakeFiles/yesense_interface__rosidl_typesupport_fastrtps_c.dir/rosidl_typesupport_fastrtps_c/yesense_interface/msg/detail/gnss_pos__type_support_c.cpp.o\x1b[0m\n'}
[24.678901] (yesense_interface) StdoutLine: {'line': b'[ 77%] Built target yesense_interface__rosidl_typesupport_introspection_c\n'}
[24.694380] (yesense_interface) StdoutLine: {'line': b'[ 78%] \x1b[32mBuilding CXX object CMakeFiles/yesense_interface__rosidl_typesupport_fastrtps_c.dir/rosidl_typesupport_fastrtps_c/yesense_interface/msg/detail/nav_status__type_support_c.cpp.o\x1b[0m\n'}
[24.715779] (-) TimerEvent: {}
[24.816524] (-) TimerEvent: {}
[24.925722] (-) TimerEvent: {}
[25.026547] (-) TimerEvent: {}
[25.127421] (-) TimerEvent: {}
[25.210498] (yesense_interface) StdoutLine: {'line': b'[ 78%] \x1b[32mBuilding CXX object CMakeFiles/yesense_interface__rosidl_typesupport_fastrtps_c.dir/rosidl_typesupport_fastrtps_c/yesense_interface/msg/detail/vel__type_support_c.cpp.o\x1b[0m\n'}
[25.227577] (-) TimerEvent: {}
[25.328348] (-) TimerEvent: {}
[25.415418] (yesense_interface) StdoutLine: {'line': b'[ 79%] \x1b[32mBuilding CXX object CMakeFiles/yesense_interface__rosidl_typesupport_fastrtps_c.dir/rosidl_typesupport_fastrtps_c/yesense_interface/msg/detail/utc__type_support_c.cpp.o\x1b[0m\n'}
[25.429941] (-) TimerEvent: {}
[25.459018] (yesense_interface) StdoutLine: {'line': b'[ 79%] \x1b[32mBuilding CXX object CMakeFiles/yesense_interface__rosidl_typesupport_fastrtps_c.dir/rosidl_typesupport_fastrtps_c/yesense_interface/msg/detail/sample_timestamp__type_support_c.cpp.o\x1b[0m\n'}
[25.466502] (yesense_interface) StdoutLine: {'line': b'[ 80%] \x1b[32mBuilding CXX object CMakeFiles/yesense_interface__rosidl_typesupport_fastrtps_c.dir/rosidl_typesupport_fastrtps_c/yesense_interface/msg/detail/imu_data__type_support_c.cpp.o\x1b[0m\n'}
[25.530115] (-) TimerEvent: {}
[25.630747] (-) TimerEvent: {}
[25.731314] (-) TimerEvent: {}
[25.831843] (-) TimerEvent: {}
[25.932413] (-) TimerEvent: {}
[25.990456] (yesense_interface) StdoutLine: {'line': b'[ 80%] \x1b[32mBuilding CXX object CMakeFiles/yesense_interface__rosidl_typesupport_fastrtps_c.dir/rosidl_typesupport_fastrtps_c/yesense_interface/msg/detail/imu_data_ten_axis__type_support_c.cpp.o\x1b[0m\n'}
[26.032581] (-) TimerEvent: {}
[26.133191] (-) TimerEvent: {}
[26.204671] (yesense_interface) StdoutLine: {'line': b'[ 81%] \x1b[32mBuilding CXX object CMakeFiles/yesense_interface__rosidl_typesupport_fastrtps_c.dir/rosidl_typesupport_fastrtps_c/yesense_interface/msg/detail/euler_only__type_support_c.cpp.o\x1b[0m\n'}
[26.233348] (-) TimerEvent: {}
[26.236977] (yesense_interface) StdoutLine: {'line': b'[ 81%] \x1b[32mBuilding CXX object CMakeFiles/yesense_interface__rosidl_typesupport_fastrtps_c.dir/rosidl_typesupport_fastrtps_c/yesense_interface/msg/detail/robot_lord__type_support_c.cpp.o\x1b[0m\n'}
[26.251107] (yesense_interface) StdoutLine: {'line': b'[ 82%] \x1b[32mBuilding CXX object CMakeFiles/yesense_interface__rosidl_typesupport_fastrtps_c.dir/rosidl_typesupport_fastrtps_c/yesense_interface/msg/detail/attitude_min_vru__type_support_c.cpp.o\x1b[0m\n'}
[26.333512] (-) TimerEvent: {}
[26.434098] (-) TimerEvent: {}
[26.534698] (-) TimerEvent: {}
[26.635283] (-) TimerEvent: {}
[26.735844] (-) TimerEvent: {}
[26.776734] (yesense_interface) StdoutLine: {'line': b'[ 82%] \x1b[32mBuilding CXX object CMakeFiles/yesense_interface__rosidl_typesupport_fastrtps_c.dir/rosidl_typesupport_fastrtps_c/yesense_interface/msg/detail/attitude_min_ahrs__type_support_c.cpp.o\x1b[0m\n'}
[26.836004] (-) TimerEvent: {}
[26.936543] (-) TimerEvent: {}
[26.980331] (yesense_interface) StdoutLine: {'line': b'[ 83%] \x1b[32mBuilding CXX object CMakeFiles/yesense_interface__rosidl_typesupport_fastrtps_c.dir/rosidl_typesupport_fastrtps_c/yesense_interface/msg/detail/attitude_all_data__type_support_c.cpp.o\x1b[0m\n'}
[27.020747] (yesense_interface) StdoutLine: {'line': b'[ 83%] \x1b[32mBuilding CXX object CMakeFiles/yesense_interface__rosidl_typesupport_fastrtps_c.dir/rosidl_typesupport_fastrtps_c/yesense_interface/msg/detail/pos_only__type_support_c.cpp.o\x1b[0m\n'}
[27.032005] (yesense_interface) StdoutLine: {'line': b'[ 84%] \x1b[32mBuilding CXX object CMakeFiles/yesense_interface__rosidl_typesupport_fastrtps_c.dir/rosidl_typesupport_fastrtps_c/yesense_interface/msg/detail/nav_min__type_support_c.cpp.o\x1b[0m\n'}
[27.036695] (-) TimerEvent: {}
[27.137483] (-) TimerEvent: {}
[27.238290] (-) TimerEvent: {}
[27.339135] (-) TimerEvent: {}
[27.440006] (-) TimerEvent: {}
[27.540888] (-) TimerEvent: {}
[27.557576] (yesense_interface) StdoutLine: {'line': b'[ 84%] \x1b[32mBuilding CXX object CMakeFiles/yesense_interface__rosidl_typesupport_fastrtps_c.dir/rosidl_typesupport_fastrtps_c/yesense_interface/msg/detail/nav_min_utc__type_support_c.cpp.o\x1b[0m\n'}
[27.641059] (-) TimerEvent: {}
[27.741857] (-) TimerEvent: {}
[27.755897] (yesense_interface) StdoutLine: {'line': b'[ 85%] \x1b[32mBuilding CXX object CMakeFiles/yesense_interface__rosidl_typesupport_fastrtps_c.dir/rosidl_typesupport_fastrtps_c/yesense_interface/msg/detail/nav_all__type_support_c.cpp.o\x1b[0m\n'}
[27.842023] (-) TimerEvent: {}
[27.942667] (-) TimerEvent: {}
[28.043359] (-) TimerEvent: {}
[28.144012] (-) TimerEvent: {}
[28.244734] (-) TimerEvent: {}
[28.330966] (yesense_interface) StdoutLine: {'line': b'[ 85%] \x1b[32m\x1b[1mLinking CXX shared library libyesense_interface__rosidl_typesupport_fastrtps_c.so\x1b[0m\n'}
[28.344893] (-) TimerEvent: {}
[28.443820] (yesense_interface) StdoutLine: {'line': b'[ 85%] Built target yesense_interface__rosidl_typesupport_fastrtps_c\n'}
[28.445011] (-) TimerEvent: {}
[28.467208] (yesense_interface) StdoutLine: {'line': b'[ 85%] Built target yesense_interface\n'}
[28.491536] (yesense_interface) StdoutLine: {'line': b'[ 86%] \x1b[34m\x1b[1mGenerating Python code for ROS interfaces\x1b[0m\n'}
[28.545171] (-) TimerEvent: {}
[28.645531] (-) TimerEvent: {}
[28.745879] (-) TimerEvent: {}
[28.846238] (-) TimerEvent: {}
[28.946543] (-) TimerEvent: {}
[29.046841] (-) TimerEvent: {}
[29.147152] (-) TimerEvent: {}
[29.247463] (-) TimerEvent: {}
[29.347758] (-) TimerEvent: {}
[29.448076] (-) TimerEvent: {}
[29.548385] (-) TimerEvent: {}
[29.648699] (-) TimerEvent: {}
[29.749010] (-) TimerEvent: {}
[29.849308] (-) TimerEvent: {}
[29.949623] (-) TimerEvent: {}
[30.049932] (-) TimerEvent: {}
[30.150244] (-) TimerEvent: {}
[30.250573] (-) TimerEvent: {}
[30.350890] (-) TimerEvent: {}
[30.451223] (-) TimerEvent: {}
[30.551630] (-) TimerEvent: {}
[30.651953] (-) TimerEvent: {}
[30.752248] (-) TimerEvent: {}
[30.852538] (-) TimerEvent: {}
[30.952822] (-) TimerEvent: {}
[31.053090] (-) TimerEvent: {}
[31.153359] (-) TimerEvent: {}
[31.253655] (-) TimerEvent: {}
[31.354259] (-) TimerEvent: {}
[31.425704] (yesense_interface) StdoutLine: {'line': b'[ 86%] Built target yesense_interface__py\n'}
[31.453475] (yesense_interface) StdoutLine: {'line': b'[ 88%] \x1b[32mBuilding C object CMakeFiles/yesense_interface__rosidl_generator_py.dir/rosidl_generator_py/yesense_interface/msg/_pressure_s.c.o\x1b[0m\n'}
[31.453957] (yesense_interface) StdoutLine: {'line': b'[ 88%] \x1b[32mBuilding C object CMakeFiles/yesense_interface__rosidl_generator_py.dir/rosidl_generator_py/yesense_interface/msg/_three_axis_s.c.o\x1b[0m\n'}
[31.454160] (yesense_interface) StdoutLine: {'line': b'[ 88%] \x1b[32mBuilding C object CMakeFiles/yesense_interface__rosidl_generator_py.dir/rosidl_generator_py/yesense_interface/msg/_sensor_temp_s.c.o\x1b[0m\n'}
[31.454330] (-) TimerEvent: {}
[31.454569] (yesense_interface) StdoutLine: {'line': b'[ 88%] \x1b[32mBuilding C object CMakeFiles/yesense_interface__rosidl_generator_py.dir/rosidl_generator_py/yesense_interface/msg/_tid_s.c.o\x1b[0m\n'}
[31.554549] (-) TimerEvent: {}
[31.655127] (-) TimerEvent: {}
[31.660528] (yesense_interface) StdoutLine: {'line': b'[ 89%] \x1b[32mBuilding C object CMakeFiles/yesense_interface__rosidl_generator_py.dir/rosidl_generator_py/yesense_interface/msg/_gnss_pos_s.c.o\x1b[0m\n'}
[31.661024] (yesense_interface) StdoutLine: {'line': b'[ 89%] \x1b[32mBuilding C object CMakeFiles/yesense_interface__rosidl_generator_py.dir/rosidl_generator_py/yesense_interface/msg/_euler_angle_s.c.o\x1b[0m\n'}
[31.661260] (yesense_interface) StdoutLine: {'line': b'[ 89%] \x1b[32mBuilding C object CMakeFiles/yesense_interface__rosidl_generator_py.dir/rosidl_generator_py/yesense_interface/msg/_quat_s.c.o\x1b[0m\n'}
[31.668118] (yesense_interface) StdoutLine: {'line': b'[ 90%] \x1b[32mBuilding C object CMakeFiles/yesense_interface__rosidl_generator_py.dir/rosidl_generator_py/yesense_interface/msg/_nav_status_s.c.o\x1b[0m\n'}
[31.755309] (-) TimerEvent: {}
[31.855888] (-) TimerEvent: {}
[31.870147] (yesense_interface) StdoutLine: {'line': b'[ 91%] \x1b[32mBuilding C object CMakeFiles/yesense_interface__rosidl_generator_py.dir/rosidl_generator_py/yesense_interface/msg/_vel_s.c.o\x1b[0m\n'}
[31.870560] (yesense_interface) StdoutLine: {'line': b'[ 91%] \x1b[32mBuilding C object CMakeFiles/yesense_interface__rosidl_generator_py.dir/rosidl_generator_py/yesense_interface/msg/_utc_s.c.o\x1b[0m\n'}
[31.872311] (yesense_interface) StdoutLine: {'line': b'[ 91%] \x1b[32mBuilding C object CMakeFiles/yesense_interface__rosidl_generator_py.dir/rosidl_generator_py/yesense_interface/msg/_sample_timestamp_s.c.o\x1b[0m\n'}
[31.875468] (yesense_interface) StdoutLine: {'line': b'[ 92%] \x1b[32mBuilding C object CMakeFiles/yesense_interface__rosidl_generator_py.dir/rosidl_generator_py/yesense_interface/msg/_imu_data_s.c.o\x1b[0m\n'}
[31.956044] (-) TimerEvent: {}
[32.056972] (-) TimerEvent: {}
[32.080180] (yesense_interface) StdoutLine: {'line': b'[ 92%] \x1b[32mBuilding C object CMakeFiles/yesense_interface__rosidl_generator_py.dir/rosidl_generator_py/yesense_interface/msg/_imu_data_ten_axis_s.c.o\x1b[0m\n'}
[32.084265] (yesense_interface) StdoutLine: {'line': b'[ 93%] \x1b[32mBuilding C object CMakeFiles/yesense_interface__rosidl_generator_py.dir/rosidl_generator_py/yesense_interface/msg/_euler_only_s.c.o\x1b[0m\n'}
[32.085142] (yesense_interface) StdoutLine: {'line': b'[ 93%] \x1b[32mBuilding C object CMakeFiles/yesense_interface__rosidl_generator_py.dir/rosidl_generator_py/yesense_interface/msg/_robot_lord_s.c.o\x1b[0m\n'}
[32.085845] (yesense_interface) StdoutLine: {'line': b'[ 94%] \x1b[32mBuilding C object CMakeFiles/yesense_interface__rosidl_generator_py.dir/rosidl_generator_py/yesense_interface/msg/_attitude_min_vru_s.c.o\x1b[0m\n'}
[32.157129] (-) TimerEvent: {}
[32.257882] (-) TimerEvent: {}
[32.291131] (yesense_interface) StdoutLine: {'line': b'[ 95%] \x1b[32mBuilding C object CMakeFiles/yesense_interface__rosidl_generator_py.dir/rosidl_generator_py/yesense_interface/msg/_attitude_min_ahrs_s.c.o\x1b[0m\n'}
[32.291562] (yesense_interface) StdoutLine: {'line': b'[ 95%] \x1b[32mBuilding C object CMakeFiles/yesense_interface__rosidl_generator_py.dir/rosidl_generator_py/yesense_interface/msg/_pos_only_s.c.o\x1b[0m\n'}
[32.291777] (yesense_interface) StdoutLine: {'line': b'[ 95%] \x1b[32mBuilding C object CMakeFiles/yesense_interface__rosidl_generator_py.dir/rosidl_generator_py/yesense_interface/msg/_attitude_all_data_s.c.o\x1b[0m\n'}
[32.297741] (yesense_interface) StdoutLine: {'line': b'[ 96%] \x1b[32mBuilding C object CMakeFiles/yesense_interface__rosidl_generator_py.dir/rosidl_generator_py/yesense_interface/msg/_nav_min_s.c.o\x1b[0m\n'}
[32.358042] (-) TimerEvent: {}
[32.458808] (-) TimerEvent: {}
[32.498301] (yesense_interface) StdoutLine: {'line': b'[ 97%] \x1b[32mBuilding C object CMakeFiles/yesense_interface__rosidl_generator_py.dir/rosidl_generator_py/yesense_interface/msg/_nav_min_utc_s.c.o\x1b[0m\n'}
[32.498636] (yesense_interface) StdoutLine: {'line': b'[ 97%] \x1b[32mBuilding C object CMakeFiles/yesense_interface__rosidl_generator_py.dir/rosidl_generator_py/yesense_interface/msg/_nav_all_s.c.o\x1b[0m\n'}
[32.558978] (-) TimerEvent: {}
[32.659411] (-) TimerEvent: {}
[32.670769] (yesense_interface) StdoutLine: {'line': b'[ 97%] \x1b[32m\x1b[1mLinking C shared library rosidl_generator_py/yesense_interface/libyesense_interface__rosidl_generator_py.so\x1b[0m\n'}
[32.724011] (yesense_interface) StdoutLine: {'line': b'[ 97%] Built target yesense_interface__rosidl_generator_py\n'}
[32.756947] (yesense_interface) StdoutLine: {'line': b'[100%] \x1b[32mBuilding C object CMakeFiles/yesense_interface__rosidl_typesupport_fastrtps_c__pyext.dir/rosidl_generator_py/yesense_interface/_yesense_interface_s.ep.rosidl_typesupport_fastrtps_c.c.o\x1b[0m\n'}
[32.757330] (yesense_interface) StdoutLine: {'line': b'[100%] \x1b[32mBuilding C object CMakeFiles/yesense_interface__rosidl_typesupport_c__pyext.dir/rosidl_generator_py/yesense_interface/_yesense_interface_s.ep.rosidl_typesupport_c.c.o\x1b[0m\n'}
[32.757560] (yesense_interface) StdoutLine: {'line': b'[100%] \x1b[32mBuilding C object CMakeFiles/yesense_interface__rosidl_typesupport_introspection_c__pyext.dir/rosidl_generator_py/yesense_interface/_yesense_interface_s.ep.rosidl_typesupport_introspection_c.c.o\x1b[0m\n'}
[32.759569] (-) TimerEvent: {}
[32.860237] (-) TimerEvent: {}
[32.960937] (-) TimerEvent: {}
[33.061637] (-) TimerEvent: {}
[33.070577] (yesense_interface) StdoutLine: {'line': b'[100%] \x1b[32m\x1b[1mLinking C shared library rosidl_generator_py/yesense_interface/yesense_interface_s__rosidl_typesupport_introspection_c.cpython-310-x86_64-linux-gnu.so\x1b[0m\n'}
[33.070987] (yesense_interface) StdoutLine: {'line': b'[100%] \x1b[32m\x1b[1mLinking C shared library rosidl_generator_py/yesense_interface/yesense_interface_s__rosidl_typesupport_c.cpython-310-x86_64-linux-gnu.so\x1b[0m\n'}
[33.074079] (yesense_interface) StdoutLine: {'line': b'[100%] \x1b[32m\x1b[1mLinking C shared library rosidl_generator_py/yesense_interface/yesense_interface_s__rosidl_typesupport_fastrtps_c.cpython-310-x86_64-linux-gnu.so\x1b[0m\n'}
[33.138017] (yesense_interface) StdoutLine: {'line': b'[100%] Built target yesense_interface__rosidl_typesupport_introspection_c__pyext\n'}
[33.138622] (yesense_interface) StdoutLine: {'line': b'[100%] Built target yesense_interface__rosidl_typesupport_c__pyext\n'}
[33.142084] (yesense_interface) StdoutLine: {'line': b'[100%] Built target yesense_interface__rosidl_typesupport_fastrtps_c__pyext\n'}
[33.158320] (yesense_interface) CommandEnded: {'returncode': 0}
[33.159220] (yesense_interface) JobProgress: {'identifier': 'yesense_interface', 'progress': 'install'}
[33.161752] (-) TimerEvent: {}
[33.170670] (yesense_interface) Command: {'cmd': ['/usr/bin/cmake', '--install', '/home/jenter/package/work/build/yesense_interface'], 'cwd': '/home/jenter/package/work/build/yesense_interface', 'env': OrderedDict([('LESSOPEN', '| /usr/bin/lesspipe %s'), ('USER', 'jenter'), ('SSH_CLIENT', '192.168.10.111 53952 22'), ('LC_TIME', 'zh_CN.UTF-8'), ('XDG_SESSION_TYPE', 'tty'), ('SHLVL', '1'), ('LD_LIBRARY_PATH', '/opt/ros/humble/opt/rviz_ogre_vendor/lib:/opt/ros/humble/lib/x86_64-linux-gnu:/opt/ros/humble/lib'), ('MOTD_SHOWN', 'pam'), ('HOME', '/home/jenter'), ('OLDPWD', '/home/jenter/package/work/src'), ('SSH_TTY', '/dev/pts/0'), ('ROS_PYTHON_VERSION', '3'), ('LC_MONETARY', 'zh_CN.UTF-8'), ('DBUS_SESSION_BUS_ADDRESS', 'unix:path=/run/user/1000/bus'), ('COLCON_PREFIX_PATH', '/home/jenter/package/work/install'), ('ROS_DISTRO', 'humble'), ('LOGNAME', 'jenter'), ('_', '/usr/bin/colcon'), ('ROS_VERSION', '2'), ('XDG_SESSION_CLASS', 'user'), ('TERM', 'vt100'), ('XDG_SESSION_ID', '2'), ('ROS_LOCALHOST_ONLY', '0'), ('PATH', '/opt/ros/humble/bin:/usr/local/sbin:/usr/local/bin:/usr/sbin:/usr/bin:/sbin:/bin:/usr/games:/usr/local/games:/snap/bin'), ('LC_ADDRESS', 'zh_CN.UTF-8'), ('XDG_RUNTIME_DIR', '/run/user/1000'), ('LANG', 'en_US.UTF-8'), ('LC_TELEPHONE', 'zh_CN.UTF-8'), ('LS_COLORS', 'rs=0:di=01;34:ln=01;36:mh=00:pi=40;33:so=01;35:do=01;35:bd=40;33;01:cd=40;33;01:or=40;31;01:mi=00:su=37;41:sg=30;43:ca=30;41:tw=30;42:ow=34;42:st=37;44:ex=01;32:*.tar=01;31:*.tgz=01;31:*.arc=01;31:*.arj=01;31:*.taz=01;31:*.lha=01;31:*.lz4=01;31:*.lzh=01;31:*.lzma=01;31:*.tlz=01;31:*.txz=01;31:*.tzo=01;31:*.t7z=01;31:*.zip=01;31:*.z=01;31:*.dz=01;31:*.gz=01;31:*.lrz=01;31:*.lz=01;31:*.lzo=01;31:*.xz=01;31:*.zst=01;31:*.tzst=01;31:*.bz2=01;31:*.bz=01;31:*.tbz=01;31:*.tbz2=01;31:*.tz=01;31:*.deb=01;31:*.rpm=01;31:*.jar=01;31:*.war=01;31:*.ear=01;31:*.sar=01;31:*.rar=01;31:*.alz=01;31:*.ace=01;31:*.zoo=01;31:*.cpio=01;31:*.7z=01;31:*.rz=01;31:*.cab=01;31:*.wim=01;31:*.swm=01;31:*.dwm=01;31:*.esd=01;31:*.jpg=01;35:*.jpeg=01;35:*.mjpg=01;35:*.mjpeg=01;35:*.gif=01;35:*.bmp=01;35:*.pbm=01;35:*.pgm=01;35:*.ppm=01;35:*.tga=01;35:*.xbm=01;35:*.xpm=01;35:*.tif=01;35:*.tiff=01;35:*.png=01;35:*.svg=01;35:*.svgz=01;35:*.mng=01;35:*.pcx=01;35:*.mov=01;35:*.mpg=01;35:*.mpeg=01;35:*.m2v=01;35:*.mkv=01;35:*.webm=01;35:*.webp=01;35:*.ogm=01;35:*.mp4=01;35:*.m4v=01;35:*.mp4v=01;35:*.vob=01;35:*.qt=01;35:*.nuv=01;35:*.wmv=01;35:*.asf=01;35:*.rm=01;35:*.rmvb=01;35:*.flc=01;35:*.avi=01;35:*.fli=01;35:*.flv=01;35:*.gl=01;35:*.dl=01;35:*.xcf=01;35:*.xwd=01;35:*.yuv=01;35:*.cgm=01;35:*.emf=01;35:*.ogv=01;35:*.ogx=01;35:*.aac=00;36:*.au=00;36:*.flac=00;36:*.m4a=00;36:*.mid=00;36:*.midi=00;36:*.mka=00;36:*.mp3=00;36:*.mpc=00;36:*.ogg=00;36:*.ra=00;36:*.wav=00;36:*.oga=00;36:*.opus=00;36:*.spx=00;36:*.xspf=00;36:'), ('AMENT_PREFIX_PATH', '/home/jenter/package/work/install/bluesea2:/opt/ros/humble'), ('SHELL', '/bin/bash'), ('LC_NAME', 'zh_CN.UTF-8'), ('LESSCLOSE', '/usr/bin/lesspipe %s %s'), ('LC_MEASUREMENT', 'zh_CN.UTF-8'), ('LC_IDENTIFICATION', 'zh_CN.UTF-8'), ('PWD', '/home/jenter/package/work/build/yesense_interface'), ('LC_ALL', 'en_US.UTF-8'), ('SSH_CONNECTION', '192.168.10.111 53952 192.168.10.120 22'), ('XDG_DATA_DIRS', '/usr/share/gnome:/usr/local/share:/usr/share:/var/lib/snapd/desktop'), ('PYTHONPATH', '/opt/ros/humble/lib/python3.10/site-packages:/opt/ros/humble/local/lib/python3.10/dist-packages'), ('LC_NUMERIC', 'zh_CN.UTF-8'), ('LC_PAPER', 'zh_CN.UTF-8'), ('COLCON', '1'), ('CMAKE_PREFIX_PATH', '/home/jenter/package/work/install/bluesea2:/opt/ros/humble')]), 'shell': False}
[33.180521] (yesense_interface) StdoutLine: {'line': b'-- Install configuration: ""\n'}
[33.180836] (yesense_interface) StdoutLine: {'line': b'-- Installing: /home/jenter/package/work/install/yesense_interface/share/ament_index/resource_index/rosidl_interfaces/yesense_interface\n'}
[33.181108] (yesense_interface) StdoutLine: {'line': b'-- Installing: /home/jenter/package/work/install/yesense_interface/include/yesense_interface/yesense_interface\n'}
[33.181351] (yesense_interface) StdoutLine: {'line': b'-- Installing: /home/jenter/package/work/install/yesense_interface/include/yesense_interface/yesense_interface/msg\n'}
[33.181604] (yesense_interface) StdoutLine: {'line': b'-- Installing: /home/jenter/package/work/install/yesense_interface/include/yesense_interface/yesense_interface/msg/robot_lord.h\n'}
[33.181859] (yesense_interface) StdoutLine: {'line': b'-- Installing: /home/jenter/package/work/install/yesense_interface/include/yesense_interface/yesense_interface/msg/pos_only.h\n'}
[33.181998] (yesense_interface) StdoutLine: {'line': b'-- Installing: /home/jenter/package/work/install/yesense_interface/include/yesense_interface/yesense_interface/msg/detail\n'}
[33.182125] (yesense_interface) StdoutLine: {'line': b'-- Installing: /home/jenter/package/work/install/yesense_interface/include/yesense_interface/yesense_interface/msg/detail/imu_data_ten_axis__struct.h\n'}
[33.182247] (yesense_interface) StdoutLine: {'line': b'-- Installing: /home/jenter/package/work/install/yesense_interface/include/yesense_interface/yesense_interface/msg/detail/pos_only__functions.c\n'}
[33.182368] (yesense_interface) StdoutLine: {'line': b'-- Installing: /home/jenter/package/work/install/yesense_interface/include/yesense_interface/yesense_interface/msg/detail/pos_only__struct.h\n'}
[33.182490] (yesense_interface) StdoutLine: {'line': b'-- Installing: /home/jenter/package/work/install/yesense_interface/include/yesense_interface/yesense_interface/msg/detail/pressure__functions.c\n'}
[33.182615] (yesense_interface) StdoutLine: {'line': b'-- Installing: /home/jenter/package/work/install/yesense_interface/include/yesense_interface/yesense_interface/msg/detail/euler_only__type_support.h\n'}
[33.182734] (yesense_interface) StdoutLine: {'line': b'-- Installing: /home/jenter/package/work/install/yesense_interface/include/yesense_interface/yesense_interface/msg/detail/sample_timestamp__functions.h\n'}
[33.182854] (yesense_interface) StdoutLine: {'line': b'-- Installing: /home/jenter/package/work/install/yesense_interface/include/yesense_interface/yesense_interface/msg/detail/euler_only__functions.c\n'}
[33.182975] (yesense_interface) StdoutLine: {'line': b'-- Installing: /home/jenter/package/work/install/yesense_interface/include/yesense_interface/yesense_interface/msg/detail/gnss_pos__type_support.h\n'}
[33.183096] (yesense_interface) StdoutLine: {'line': b'-- Installing: /home/jenter/package/work/install/yesense_interface/include/yesense_interface/yesense_interface/msg/detail/imu_data_ten_axis__functions.h\n'}
[33.183218] (yesense_interface) StdoutLine: {'line': b'-- Installing: /home/jenter/package/work/install/yesense_interface/include/yesense_interface/yesense_interface/msg/detail/tid__struct.h\n'}
[33.183363] (yesense_interface) StdoutLine: {'line': b'-- Installing: /home/jenter/package/work/install/yesense_interface/include/yesense_interface/yesense_interface/msg/detail/gnss_pos__functions.h\n'}
[33.183490] (yesense_interface) StdoutLine: {'line': b'-- Installing: /home/jenter/package/work/install/yesense_interface/include/yesense_interface/yesense_interface/msg/detail/attitude_all_data__functions.h\n'}
[33.183596] (yesense_interface) StdoutLine: {'line': b'-- Installing: /home/jenter/package/work/install/yesense_interface/include/yesense_interface/yesense_interface/msg/detail/sample_timestamp__functions.c\n'}
[33.183720] (yesense_interface) StdoutLine: {'line': b'-- Installing: /home/jenter/package/work/install/yesense_interface/include/yesense_interface/yesense_interface/msg/detail/attitude_min_ahrs__type_support.h\n'}
[33.183844] (yesense_interface) StdoutLine: {'line': b'-- Installing: /home/jenter/package/work/install/yesense_interface/include/yesense_interface/yesense_interface/msg/detail/tid__functions.c\n'}
[33.183969] (yesense_interface) StdoutLine: {'line': b'-- Installing: /home/jenter/package/work/install/yesense_interface/include/yesense_interface/yesense_interface/msg/detail/nav_min__functions.c\n'}
[33.184074] (yesense_interface) StdoutLine: {'line': b'-- Installing: /home/jenter/package/work/install/yesense_interface/include/yesense_interface/yesense_interface/msg/detail/attitude_min_vru__struct.h\n'}
[33.184217] (yesense_interface) StdoutLine: {'line': b'-- Installing: /home/jenter/package/work/install/yesense_interface/include/yesense_interface/yesense_interface/msg/detail/tid__functions.h\n'}
[33.184349] (yesense_interface) StdoutLine: {'line': b'-- Installing: /home/jenter/package/work/install/yesense_interface/include/yesense_interface/yesense_interface/msg/detail/three_axis__type_support.h\n'}
[33.184478] (yesense_interface) StdoutLine: {'line': b'-- Installing: /home/jenter/package/work/install/yesense_interface/include/yesense_interface/yesense_interface/msg/detail/euler_angle__functions.c\n'}
[33.184611] (yesense_interface) StdoutLine: {'line': b'-- Installing: /home/jenter/package/work/install/yesense_interface/include/yesense_interface/yesense_interface/msg/detail/tid__type_support.h\n'}
[33.184742] (yesense_interface) StdoutLine: {'line': b'-- Installing: /home/jenter/package/work/install/yesense_interface/include/yesense_interface/yesense_interface/msg/detail/nav_all__functions.h\n'}
[33.184875] (yesense_interface) StdoutLine: {'line': b'-- Installing: /home/jenter/package/work/install/yesense_interface/include/yesense_interface/yesense_interface/msg/detail/attitude_min_ahrs__functions.c\n'}
[33.185003] (yesense_interface) StdoutLine: {'line': b'-- Installing: /home/jenter/package/work/install/yesense_interface/include/yesense_interface/yesense_interface/msg/detail/pressure__struct.h\n'}
[33.185144] (yesense_interface) StdoutLine: {'line': b'-- Installing: /home/jenter/package/work/install/yesense_interface/include/yesense_interface/yesense_interface/msg/detail/pressure__functions.h\n'}
[33.185281] (yesense_interface) StdoutLine: {'line': b'-- Installing: /home/jenter/package/work/install/yesense_interface/include/yesense_interface/yesense_interface/msg/detail/three_axis__struct.h\n'}
[33.185418] (yesense_interface) StdoutLine: {'line': b'-- Installing: /home/jenter/package/work/install/yesense_interface/include/yesense_interface/yesense_interface/msg/detail/nav_status__type_support.h\n'}
[33.185536] (yesense_interface) StdoutLine: {'line': b'-- Installing: /home/jenter/package/work/install/yesense_interface/include/yesense_interface/yesense_interface/msg/detail/utc__functions.c\n'}
[33.185675] (yesense_interface) StdoutLine: {'line': b'-- Installing: /home/jenter/package/work/install/yesense_interface/include/yesense_interface/yesense_interface/msg/detail/nav_all__struct.h\n'}
[33.185812] (yesense_interface) StdoutLine: {'line': b'-- Installing: /home/jenter/package/work/install/yesense_interface/include/yesense_interface/yesense_interface/msg/detail/attitude_min_ahrs__functions.h\n'}
[33.185951] (yesense_interface) StdoutLine: {'line': b'-- Installing: /home/jenter/package/work/install/yesense_interface/include/yesense_interface/yesense_interface/msg/detail/vel__functions.h\n'}
[33.186090] (yesense_interface) StdoutLine: {'line': b'-- Installing: /home/jenter/package/work/install/yesense_interface/include/yesense_interface/yesense_interface/msg/detail/sensor_temp__type_support.h\n'}
[33.186230] (yesense_interface) StdoutLine: {'line': b'-- Installing: /home/jenter/package/work/install/yesense_interface/include/yesense_interface/yesense_interface/msg/detail/imu_data__functions.h\n'}
[33.186367] (yesense_interface) StdoutLine: {'line': b'-- Installing: /home/jenter/package/work/install/yesense_interface/include/yesense_interface/yesense_interface/msg/detail/quat__functions.h\n'}
[33.186506] (yesense_interface) StdoutLine: {'line': b'-- Installing: /home/jenter/package/work/install/yesense_interface/include/yesense_interface/yesense_interface/msg/detail/quat__functions.c\n'}
[33.186643] (yesense_interface) StdoutLine: {'line': b'-- Installing: /home/jenter/package/work/install/yesense_interface/include/yesense_interface/yesense_interface/msg/detail/quat__struct.h\n'}
[33.186781] (yesense_interface) StdoutLine: {'line': b'-- Installing: /home/jenter/package/work/install/yesense_interface/include/yesense_interface/yesense_interface/msg/detail/utc__struct.h\n'}
[33.186915] (yesense_interface) StdoutLine: {'line': b'-- Installing: /home/jenter/package/work/install/yesense_interface/include/yesense_interface/yesense_interface/msg/detail/attitude_all_data__struct.h\n'}
[33.187070] (yesense_interface) StdoutLine: {'line': b'-- Installing: /home/jenter/package/work/install/yesense_interface/include/yesense_interface/yesense_interface/msg/detail/sensor_temp__functions.c\n'}
[33.187221] (yesense_interface) StdoutLine: {'line': b'-- Installing: /home/jenter/package/work/install/yesense_interface/include/yesense_interface/yesense_interface/msg/detail/imu_data__functions.c\n'}
[33.187442] (yesense_interface) StdoutLine: {'line': b'-- Installing: /home/jenter/package/work/install/yesense_interface/include/yesense_interface/yesense_interface/msg/detail/nav_min__functions.h\n'}
[33.187604] (yesense_interface) StdoutLine: {'line': b'-- Installing: /home/jenter/package/work/install/yesense_interface/include/yesense_interface/yesense_interface/msg/detail/imu_data_ten_axis__functions.c\n'}
[33.187774] (yesense_interface) StdoutLine: {'line': b'-- Installing: /home/jenter/package/work/install/yesense_interface/include/yesense_interface/yesense_interface/msg/detail/nav_status__functions.c\n'}
[33.187928] (yesense_interface) StdoutLine: {'line': b'-- Installing: /home/jenter/package/work/install/yesense_interface/include/yesense_interface/yesense_interface/msg/detail/three_axis__functions.h\n'}
[33.188095] (yesense_interface) StdoutLine: {'line': b'-- Installing: /home/jenter/package/work/install/yesense_interface/include/yesense_interface/yesense_interface/msg/detail/robot_lord__functions.c\n'}
[33.188261] (yesense_interface) StdoutLine: {'line': b'-- Installing: /home/jenter/package/work/install/yesense_interface/include/yesense_interface/yesense_interface/msg/detail/euler_angle__struct.h\n'}
[33.188413] (yesense_interface) StdoutLine: {'line': b'-- Installing: /home/jenter/package/work/install/yesense_interface/include/yesense_interface/yesense_interface/msg/detail/nav_status__functions.h\n'}
[33.188560] (yesense_interface) StdoutLine: {'line': b'-- Installing: /home/jenter/package/work/install/yesense_interface/include/yesense_interface/yesense_interface/msg/detail/quat__type_support.h\n'}
[33.188709] (yesense_interface) StdoutLine: {'line': b'-- Installing: /home/jenter/package/work/install/yesense_interface/include/yesense_interface/yesense_interface/msg/detail/euler_angle__functions.h\n'}
[33.188864] (yesense_interface) StdoutLine: {'line': b'-- Installing: /home/jenter/package/work/install/yesense_interface/include/yesense_interface/yesense_interface/msg/detail/nav_min_utc__type_support.h\n'}
[33.189015] (yesense_interface) StdoutLine: {'line': b'-- Installing: /home/jenter/package/work/install/yesense_interface/include/yesense_interface/yesense_interface/msg/detail/imu_data__type_support.h\n'}
[33.189168] (yesense_interface) StdoutLine: {'line': b'-- Installing: /home/jenter/package/work/install/yesense_interface/include/yesense_interface/yesense_interface/msg/detail/gnss_pos__struct.h\n'}
[33.189322] (yesense_interface) StdoutLine: {'line': b'-- Installing: /home/jenter/package/work/install/yesense_interface/include/yesense_interface/yesense_interface/msg/detail/utc__functions.h\n'}
[33.189487] (yesense_interface) StdoutLine: {'line': b'-- Installing: /home/jenter/package/work/install/yesense_interface/include/yesense_interface/yesense_interface/msg/detail/sample_timestamp__struct.h\n'}
[33.189642] (yesense_interface) StdoutLine: {'line': b'-- Installing: /home/jenter/package/work/install/yesense_interface/include/yesense_interface/yesense_interface/msg/detail/pressure__type_support.h\n'}
[33.189797] (yesense_interface) StdoutLine: {'line': b'-- Installing: /home/jenter/package/work/install/yesense_interface/include/yesense_interface/yesense_interface/msg/detail/sensor_temp__functions.h\n'}
[33.189964] (yesense_interface) StdoutLine: {'line': b'-- Installing: /home/jenter/package/work/install/yesense_interface/include/yesense_interface/yesense_interface/msg/detail/imu_data_ten_axis__type_support.h\n'}
[33.190158] (yesense_interface) StdoutLine: {'line': b'-- Installing: /home/jenter/package/work/install/yesense_interface/include/yesense_interface/yesense_interface/msg/detail/attitude_min_vru__functions.h\n'}
[33.190326] (yesense_interface) StdoutLine: {'line': b'-- Installing: /home/jenter/package/work/install/yesense_interface/include/yesense_interface/yesense_interface/msg/detail/attitude_all_data__functions.c\n'}
[33.190494] (yesense_interface) StdoutLine: {'line': b'-- Installing: /home/jenter/package/work/install/yesense_interface/include/yesense_interface/yesense_interface/msg/detail/sample_timestamp__type_support.h\n'}
[33.190657] (yesense_interface) StdoutLine: {'line': b'-- Installing: /home/jenter/package/work/install/yesense_interface/include/yesense_interface/yesense_interface/msg/detail/nav_min__struct.h\n'}
[33.190813] (yesense_interface) StdoutLine: {'line': b'-- Installing: /home/jenter/package/work/install/yesense_interface/include/yesense_interface/yesense_interface/msg/detail/nav_all__type_support.h\n'}
[33.190966] (yesense_interface) StdoutLine: {'line': b'-- Installing: /home/jenter/package/work/install/yesense_interface/include/yesense_interface/yesense_interface/msg/detail/three_axis__functions.c\n'}
[33.191131] (yesense_interface) StdoutLine: {'line': b'-- Installing: /home/jenter/package/work/install/yesense_interface/include/yesense_interface/yesense_interface/msg/detail/gnss_pos__functions.c\n'}
[33.191355] (yesense_interface) StdoutLine: {'line': b'-- Installing: /home/jenter/package/work/install/yesense_interface/include/yesense_interface/yesense_interface/msg/detail/vel__struct.h\n'}
[33.191518] (yesense_interface) StdoutLine: {'line': b'-- Installing: /home/jenter/package/work/install/yesense_interface/include/yesense_interface/yesense_interface/msg/detail/pos_only__type_support.h\n'}
[33.191668] (yesense_interface) StdoutLine: {'line': b'-- Installing: /home/jenter/package/work/install/yesense_interface/include/yesense_interface/yesense_interface/msg/detail/attitude_min_ahrs__struct.h\n'}
[33.191814] (yesense_interface) StdoutLine: {'line': b'-- Installing: /home/jenter/package/work/install/yesense_interface/include/yesense_interface/yesense_interface/msg/detail/vel__functions.c\n'}
[33.191972] (yesense_interface) StdoutLine: {'line': b'-- Installing: /home/jenter/package/work/install/yesense_interface/include/yesense_interface/yesense_interface/msg/detail/nav_min_utc__struct.h\n'}
[33.192132] (yesense_interface) StdoutLine: {'line': b'-- Installing: /home/jenter/package/work/install/yesense_interface/include/yesense_interface/yesense_interface/msg/detail/attitude_min_vru__functions.c\n'}
[33.192297] (yesense_interface) StdoutLine: {'line': b'-- Installing: /home/jenter/package/work/install/yesense_interface/include/yesense_interface/yesense_interface/msg/detail/robot_lord__functions.h\n'}
[33.192476] (yesense_interface) StdoutLine: {'line': b'-- Installing: /home/jenter/package/work/install/yesense_interface/include/yesense_interface/yesense_interface/msg/detail/vel__type_support.h\n'}
[33.192638] (yesense_interface) StdoutLine: {'line': b'-- Installing: /home/jenter/package/work/install/yesense_interface/include/yesense_interface/yesense_interface/msg/detail/euler_only__functions.h\n'}
[33.192810] (yesense_interface) StdoutLine: {'line': b'-- Installing: /home/jenter/package/work/install/yesense_interface/include/yesense_interface/yesense_interface/msg/detail/euler_only__struct.h\n'}
[33.192968] (yesense_interface) StdoutLine: {'line': b'-- Installing: /home/jenter/package/work/install/yesense_interface/include/yesense_interface/yesense_interface/msg/detail/nav_status__struct.h\n'}
[33.193127] (yesense_interface) StdoutLine: {'line': b'-- Installing: /home/jenter/package/work/install/yesense_interface/include/yesense_interface/yesense_interface/msg/detail/pos_only__functions.h\n'}
[33.193297] (yesense_interface) StdoutLine: {'line': b'-- Installing: /home/jenter/package/work/install/yesense_interface/include/yesense_interface/yesense_interface/msg/detail/euler_angle__type_support.h\n'}
[33.193458] (yesense_interface) StdoutLine: {'line': b'-- Installing: /home/jenter/package/work/install/yesense_interface/include/yesense_interface/yesense_interface/msg/detail/imu_data__struct.h\n'}
[33.193618] (yesense_interface) StdoutLine: {'line': b'-- Installing: /home/jenter/package/work/install/yesense_interface/include/yesense_interface/yesense_interface/msg/detail/robot_lord__type_support.h\n'}
[33.193776] (yesense_interface) StdoutLine: {'line': b'-- Installing: /home/jenter/package/work/install/yesense_interface/include/yesense_interface/yesense_interface/msg/detail/nav_min__type_support.h\n'}
[33.193940] (yesense_interface) StdoutLine: {'line': b'-- Installing: /home/jenter/package/work/install/yesense_interface/include/yesense_interface/yesense_interface/msg/detail/nav_min_utc__functions.c\n'}
[33.194110] (yesense_interface) StdoutLine: {'line': b'-- Installing: /home/jenter/package/work/install/yesense_interface/include/yesense_interface/yesense_interface/msg/detail/attitude_all_data__type_support.h\n'}
[33.194267] (yesense_interface) StdoutLine: {'line': b'-- Installing: /home/jenter/package/work/install/yesense_interface/include/yesense_interface/yesense_interface/msg/detail/utc__type_support.h\n'}
[33.194428] (yesense_interface) StdoutLine: {'line': b'-- Installing: /home/jenter/package/work/install/yesense_interface/include/yesense_interface/yesense_interface/msg/detail/nav_min_utc__functions.h\n'}
[33.194608] (yesense_interface) StdoutLine: {'line': b'-- Installing: /home/jenter/package/work/install/yesense_interface/include/yesense_interface/yesense_interface/msg/detail/sensor_temp__struct.h\n'}
[33.194767] (yesense_interface) StdoutLine: {'line': b'-- Installing: /home/jenter/package/work/install/yesense_interface/include/yesense_interface/yesense_interface/msg/detail/attitude_min_vru__type_support.h\n'}
[33.194929] (yesense_interface) StdoutLine: {'line': b'-- Installing: /home/jenter/package/work/install/yesense_interface/include/yesense_interface/yesense_interface/msg/detail/robot_lord__struct.h\n'}
[33.195087] (yesense_interface) StdoutLine: {'line': b'-- Installing: /home/jenter/package/work/install/yesense_interface/include/yesense_interface/yesense_interface/msg/detail/nav_all__functions.c\n'}
[33.195287] (yesense_interface) StdoutLine: {'line': b'-- Installing: /home/jenter/package/work/install/yesense_interface/include/yesense_interface/yesense_interface/msg/pressure.h\n'}
[33.195480] (yesense_interface) StdoutLine: {'line': b'-- Installing: /home/jenter/package/work/install/yesense_interface/include/yesense_interface/yesense_interface/msg/nav_min_utc.h\n'}
[33.195635] (yesense_interface) StdoutLine: {'line': b'-- Installing: /home/jenter/package/work/install/yesense_interface/include/yesense_interface/yesense_interface/msg/gnss_pos.h\n'}
[33.195793] (yesense_interface) StdoutLine: {'line': b'-- Installing: /home/jenter/package/work/install/yesense_interface/include/yesense_interface/yesense_interface/msg/utc.h\n'}
[33.195949] (yesense_interface) StdoutLine: {'line': b'-- Installing: /home/jenter/package/work/install/yesense_interface/include/yesense_interface/yesense_interface/msg/attitude_all_data.h\n'}
[33.196106] (yesense_interface) StdoutLine: {'line': b'-- Installing: /home/jenter/package/work/install/yesense_interface/include/yesense_interface/yesense_interface/msg/sensor_temp.h\n'}
[33.196250] (yesense_interface) StdoutLine: {'line': b'-- Installing: /home/jenter/package/work/install/yesense_interface/include/yesense_interface/yesense_interface/msg/three_axis.h\n'}
[33.196408] (yesense_interface) StdoutLine: {'line': b'-- Installing: /home/jenter/package/work/install/yesense_interface/include/yesense_interface/yesense_interface/msg/tid.h\n'}
[33.196555] (yesense_interface) StdoutLine: {'line': b'-- Installing: /home/jenter/package/work/install/yesense_interface/include/yesense_interface/yesense_interface/msg/nav_status.h\n'}
[33.196703] (yesense_interface) StdoutLine: {'line': b'-- Installing: /home/jenter/package/work/install/yesense_interface/include/yesense_interface/yesense_interface/msg/imu_data_ten_axis.h\n'}
[33.196861] (yesense_interface) StdoutLine: {'line': b'-- Installing: /home/jenter/package/work/install/yesense_interface/include/yesense_interface/yesense_interface/msg/attitude_min_ahrs.h\n'}
[33.197003] (yesense_interface) StdoutLine: {'line': b'-- Installing: /home/jenter/package/work/install/yesense_interface/include/yesense_interface/yesense_interface/msg/vel.h\n'}
[33.197160] (yesense_interface) StdoutLine: {'line': b'-- Installing: /home/jenter/package/work/install/yesense_interface/include/yesense_interface/yesense_interface/msg/attitude_min_vru.h\n'}
[33.197303] (yesense_interface) StdoutLine: {'line': b'-- Installing: /home/jenter/package/work/install/yesense_interface/include/yesense_interface/yesense_interface/msg/imu_data.h\n'}
[33.197461] (yesense_interface) StdoutLine: {'line': b'-- Installing: /home/jenter/package/work/install/yesense_interface/include/yesense_interface/yesense_interface/msg/euler_angle.h\n'}
[33.197623] (yesense_interface) StdoutLine: {'line': b'-- Installing: /home/jenter/package/work/install/yesense_interface/include/yesense_interface/yesense_interface/msg/nav_min.h\n'}
[33.197770] (yesense_interface) StdoutLine: {'line': b'-- Installing: /home/jenter/package/work/install/yesense_interface/include/yesense_interface/yesense_interface/msg/quat.h\n'}
[33.197925] (yesense_interface) StdoutLine: {'line': b'-- Installing: /home/jenter/package/work/install/yesense_interface/include/yesense_interface/yesense_interface/msg/euler_only.h\n'}
[33.198072] (yesense_interface) StdoutLine: {'line': b'-- Installing: /home/jenter/package/work/install/yesense_interface/include/yesense_interface/yesense_interface/msg/nav_all.h\n'}
[33.198218] (yesense_interface) StdoutLine: {'line': b'-- Installing: /home/jenter/package/work/install/yesense_interface/include/yesense_interface/yesense_interface/msg/sample_timestamp.h\n'}
[33.198364] (yesense_interface) StdoutLine: {'line': b'-- Installing: /home/jenter/package/work/install/yesense_interface/include/yesense_interface/yesense_interface/msg/rosidl_generator_c__visibility_control.h\n'}
[33.198705] (yesense_interface) StdoutLine: {'line': b'-- Installing: /home/jenter/package/work/install/yesense_interface/share/yesense_interface/environment/library_path.sh\n'}
[33.198975] (yesense_interface) StdoutLine: {'line': b'-- Installing: /home/jenter/package/work/install/yesense_interface/share/yesense_interface/environment/library_path.dsv\n'}
[33.199312] (yesense_interface) StdoutLine: {'line': b'-- Installing: /home/jenter/package/work/install/yesense_interface/lib/libyesense_interface__rosidl_generator_c.so\n'}
[33.200089] (yesense_interface) StdoutLine: {'line': b'-- Set runtime path of "/home/jenter/package/work/install/yesense_interface/lib/libyesense_interface__rosidl_generator_c.so" to ""\n'}
[33.200333] (yesense_interface) StdoutLine: {'line': b'-- Up-to-date: /home/jenter/package/work/install/yesense_interface/include/yesense_interface/yesense_interface\n'}
[33.200473] (yesense_interface) StdoutLine: {'line': b'-- Up-to-date: /home/jenter/package/work/install/yesense_interface/include/yesense_interface/yesense_interface/msg\n'}
[33.200652] (yesense_interface) StdoutLine: {'line': b'-- Installing: /home/jenter/package/work/install/yesense_interface/include/yesense_interface/yesense_interface/msg/rosidl_typesupport_fastrtps_c__visibility_control.h\n'}
[33.200806] (yesense_interface) StdoutLine: {'line': b'-- Up-to-date: /home/jenter/package/work/install/yesense_interface/include/yesense_interface/yesense_interface/msg/detail\n'}
[33.200955] (yesense_interface) StdoutLine: {'line': b'-- Installing: /home/jenter/package/work/install/yesense_interface/include/yesense_interface/yesense_interface/msg/detail/attitude_all_data__rosidl_typesupport_fastrtps_c.h\n'}
[33.201083] (yesense_interface) StdoutLine: {'line': b'-- Installing: /home/jenter/package/work/install/yesense_interface/include/yesense_interface/yesense_interface/msg/detail/imu_data__rosidl_typesupport_fastrtps_c.h\n'}
[33.201228] (yesense_interface) StdoutLine: {'line': b'-- Installing: /home/jenter/package/work/install/yesense_interface/include/yesense_interface/yesense_interface/msg/detail/robot_lord__rosidl_typesupport_fastrtps_c.h\n'}
[33.201369] (yesense_interface) StdoutLine: {'line': b'-- Installing: /home/jenter/package/work/install/yesense_interface/include/yesense_interface/yesense_interface/msg/detail/three_axis__rosidl_typesupport_fastrtps_c.h\n'}
[33.201505] (yesense_interface) StdoutLine: {'line': b'-- Installing: /home/jenter/package/work/install/yesense_interface/include/yesense_interface/yesense_interface/msg/detail/tid__rosidl_typesupport_fastrtps_c.h\n'}
[33.201645] (yesense_interface) StdoutLine: {'line': b'-- Installing: /home/jenter/package/work/install/yesense_interface/include/yesense_interface/yesense_interface/msg/detail/utc__rosidl_typesupport_fastrtps_c.h\n'}
[33.201783] (yesense_interface) StdoutLine: {'line': b'-- Installing: /home/jenter/package/work/install/yesense_interface/include/yesense_interface/yesense_interface/msg/detail/nav_min_utc__rosidl_typesupport_fastrtps_c.h\n'}
[33.201917] (yesense_interface) StdoutLine: {'line': b'-- Installing: /home/jenter/package/work/install/yesense_interface/include/yesense_interface/yesense_interface/msg/detail/gnss_pos__rosidl_typesupport_fastrtps_c.h\n'}
[33.202077] (yesense_interface) StdoutLine: {'line': b'-- Installing: /home/jenter/package/work/install/yesense_interface/include/yesense_interface/yesense_interface/msg/detail/nav_status__rosidl_typesupport_fastrtps_c.h\n'}
[33.202216] (yesense_interface) StdoutLine: {'line': b'-- Installing: /home/jenter/package/work/install/yesense_interface/include/yesense_interface/yesense_interface/msg/detail/attitude_min_vru__rosidl_typesupport_fastrtps_c.h\n'}
[33.202355] (yesense_interface) StdoutLine: {'line': b'-- Installing: /home/jenter/package/work/install/yesense_interface/include/yesense_interface/yesense_interface/msg/detail/pos_only__rosidl_typesupport_fastrtps_c.h\n'}
[33.202473] (yesense_interface) StdoutLine: {'line': b'-- Installing: /home/jenter/package/work/install/yesense_interface/include/yesense_interface/yesense_interface/msg/detail/nav_min__rosidl_typesupport_fastrtps_c.h\n'}
[33.202610] (yesense_interface) StdoutLine: {'line': b'-- Installing: /home/jenter/package/work/install/yesense_interface/include/yesense_interface/yesense_interface/msg/detail/pressure__rosidl_typesupport_fastrtps_c.h\n'}
[33.202749] (yesense_interface) StdoutLine: {'line': b'-- Installing: /home/jenter/package/work/install/yesense_interface/include/yesense_interface/yesense_interface/msg/detail/vel__rosidl_typesupport_fastrtps_c.h\n'}
[33.202893] (yesense_interface) StdoutLine: {'line': b'-- Installing: /home/jenter/package/work/install/yesense_interface/include/yesense_interface/yesense_interface/msg/detail/attitude_min_ahrs__rosidl_typesupport_fastrtps_c.h\n'}
[33.203031] (yesense_interface) StdoutLine: {'line': b'-- Installing: /home/jenter/package/work/install/yesense_interface/include/yesense_interface/yesense_interface/msg/detail/euler_angle__rosidl_typesupport_fastrtps_c.h\n'}
[33.203169] (yesense_interface) StdoutLine: {'line': b'-- Installing: /home/jenter/package/work/install/yesense_interface/include/yesense_interface/yesense_interface/msg/detail/nav_all__rosidl_typesupport_fastrtps_c.h\n'}
[33.203322] (yesense_interface) StdoutLine: {'line': b'-- Installing: /home/jenter/package/work/install/yesense_interface/include/yesense_interface/yesense_interface/msg/detail/sensor_temp__rosidl_typesupport_fastrtps_c.h\n'}
[33.203501] (yesense_interface) StdoutLine: {'line': b'-- Installing: /home/jenter/package/work/install/yesense_interface/include/yesense_interface/yesense_interface/msg/detail/sample_timestamp__rosidl_typesupport_fastrtps_c.h\n'}
[33.203655] (yesense_interface) StdoutLine: {'line': b'-- Installing: /home/jenter/package/work/install/yesense_interface/include/yesense_interface/yesense_interface/msg/detail/imu_data_ten_axis__rosidl_typesupport_fastrtps_c.h\n'}
[33.203813] (yesense_interface) StdoutLine: {'line': b'-- Installing: /home/jenter/package/work/install/yesense_interface/include/yesense_interface/yesense_interface/msg/detail/euler_only__rosidl_typesupport_fastrtps_c.h\n'}
[33.203965] (yesense_interface) StdoutLine: {'line': b'-- Installing: /home/jenter/package/work/install/yesense_interface/include/yesense_interface/yesense_interface/msg/detail/quat__rosidl_typesupport_fastrtps_c.h\n'}
[33.204215] (yesense_interface) StdoutLine: {'line': b'-- Installing: /home/jenter/package/work/install/yesense_interface/lib/libyesense_interface__rosidl_typesupport_fastrtps_c.so\n'}
[33.204849] (yesense_interface) StdoutLine: {'line': b'-- Set runtime path of "/home/jenter/package/work/install/yesense_interface/lib/libyesense_interface__rosidl_typesupport_fastrtps_c.so" to ""\n'}
[33.204995] (yesense_interface) StdoutLine: {'line': b'-- Up-to-date: /home/jenter/package/work/install/yesense_interface/include/yesense_interface/yesense_interface\n'}
[33.205149] (yesense_interface) StdoutLine: {'line': b'-- Up-to-date: /home/jenter/package/work/install/yesense_interface/include/yesense_interface/yesense_interface/msg\n'}
[33.205289] (yesense_interface) StdoutLine: {'line': b'-- Installing: /home/jenter/package/work/install/yesense_interface/include/yesense_interface/yesense_interface/msg/rosidl_typesupport_introspection_c__visibility_control.h\n'}
[33.205429] (yesense_interface) StdoutLine: {'line': b'-- Up-to-date: /home/jenter/package/work/install/yesense_interface/include/yesense_interface/yesense_interface/msg/detail\n'}
[33.205568] (yesense_interface) StdoutLine: {'line': b'-- Installing: /home/jenter/package/work/install/yesense_interface/include/yesense_interface/yesense_interface/msg/detail/nav_status__type_support.c\n'}
[33.205686] (yesense_interface) StdoutLine: {'line': b'-- Installing: /home/jenter/package/work/install/yesense_interface/include/yesense_interface/yesense_interface/msg/detail/euler_angle__rosidl_typesupport_introspection_c.h\n'}
[33.205824] (yesense_interface) StdoutLine: {'line': b'-- Installing: /home/jenter/package/work/install/yesense_interface/include/yesense_interface/yesense_interface/msg/detail/tid__rosidl_typesupport_introspection_c.h\n'}
[33.205958] (yesense_interface) StdoutLine: {'line': b'-- Installing: /home/jenter/package/work/install/yesense_interface/include/yesense_interface/yesense_interface/msg/detail/sensor_temp__rosidl_typesupport_introspection_c.h\n'}
[33.206097] (yesense_interface) StdoutLine: {'line': b'-- Installing: /home/jenter/package/work/install/yesense_interface/include/yesense_interface/yesense_interface/msg/detail/attitude_min_vru__rosidl_typesupport_introspection_c.h\n'}
[33.206243] (yesense_interface) StdoutLine: {'line': b'-- Installing: /home/jenter/package/work/install/yesense_interface/include/yesense_interface/yesense_interface/msg/detail/attitude_all_data__type_support.c\n'}
[33.206383] (yesense_interface) StdoutLine: {'line': b'-- Installing: /home/jenter/package/work/install/yesense_interface/include/yesense_interface/yesense_interface/msg/detail/robot_lord__rosidl_typesupport_introspection_c.h\n'}
[33.206521] (yesense_interface) StdoutLine: {'line': b'-- Installing: /home/jenter/package/work/install/yesense_interface/include/yesense_interface/yesense_interface/msg/detail/nav_min__type_support.c\n'}
[33.206659] (yesense_interface) StdoutLine: {'line': b'-- Installing: /home/jenter/package/work/install/yesense_interface/include/yesense_interface/yesense_interface/msg/detail/sample_timestamp__rosidl_typesupport_introspection_c.h\n'}
[33.206808] (yesense_interface) StdoutLine: {'line': b'-- Installing: /home/jenter/package/work/install/yesense_interface/include/yesense_interface/yesense_interface/msg/detail/imu_data__type_support.c\n'}
[33.206956] (yesense_interface) StdoutLine: {'line': b'-- Installing: /home/jenter/package/work/install/yesense_interface/include/yesense_interface/yesense_interface/msg/detail/pos_only__type_support.c\n'}
[33.207115] (yesense_interface) StdoutLine: {'line': b'-- Installing: /home/jenter/package/work/install/yesense_interface/include/yesense_interface/yesense_interface/msg/detail/three_axis__rosidl_typesupport_introspection_c.h\n'}
[33.207288] (yesense_interface) StdoutLine: {'line': b'-- Installing: /home/jenter/package/work/install/yesense_interface/include/yesense_interface/yesense_interface/msg/detail/pressure__rosidl_typesupport_introspection_c.h\n'}
[33.207442] (yesense_interface) StdoutLine: {'line': b'-- Installing: /home/jenter/package/work/install/yesense_interface/include/yesense_interface/yesense_interface/msg/detail/three_axis__type_support.c\n'}
[33.207601] (yesense_interface) StdoutLine: {'line': b'-- Installing: /home/jenter/package/work/install/yesense_interface/include/yesense_interface/yesense_interface/msg/detail/attitude_min_ahrs__type_support.c\n'}
[33.207760] (yesense_interface) StdoutLine: {'line': b'-- Installing: /home/jenter/package/work/install/yesense_interface/include/yesense_interface/yesense_interface/msg/detail/euler_angle__type_support.c\n'}
[33.207919] (yesense_interface) StdoutLine: {'line': b'-- Installing: /home/jenter/package/work/install/yesense_interface/include/yesense_interface/yesense_interface/msg/detail/sensor_temp__type_support.c\n'}
[33.208073] (yesense_interface) StdoutLine: {'line': b'-- Installing: /home/jenter/package/work/install/yesense_interface/include/yesense_interface/yesense_interface/msg/detail/utc__rosidl_typesupport_introspection_c.h\n'}
[33.208233] (yesense_interface) StdoutLine: {'line': b'-- Installing: /home/jenter/package/work/install/yesense_interface/include/yesense_interface/yesense_interface/msg/detail/attitude_all_data__rosidl_typesupport_introspection_c.h\n'}
[33.208379] (yesense_interface) StdoutLine: {'line': b'-- Installing: /home/jenter/package/work/install/yesense_interface/include/yesense_interface/yesense_interface/msg/detail/euler_only__rosidl_typesupport_introspection_c.h\n'}
[33.208531] (yesense_interface) StdoutLine: {'line': b'-- Installing: /home/jenter/package/work/install/yesense_interface/include/yesense_interface/yesense_interface/msg/detail/nav_all__type_support.c\n'}
[33.208707] (yesense_interface) StdoutLine: {'line': b'-- Installing: /home/jenter/package/work/install/yesense_interface/include/yesense_interface/yesense_interface/msg/detail/pressure__type_support.c\n'}
[33.208859] (yesense_interface) StdoutLine: {'line': b'-- Installing: /home/jenter/package/work/install/yesense_interface/include/yesense_interface/yesense_interface/msg/detail/imu_data_ten_axis__rosidl_typesupport_introspection_c.h\n'}
[33.209011] (yesense_interface) StdoutLine: {'line': b'-- Installing: /home/jenter/package/work/install/yesense_interface/include/yesense_interface/yesense_interface/msg/detail/robot_lord__type_support.c\n'}
[33.209170] (yesense_interface) StdoutLine: {'line': b'-- Installing: /home/jenter/package/work/install/yesense_interface/include/yesense_interface/yesense_interface/msg/detail/sample_timestamp__type_support.c\n'}
[33.209330] (yesense_interface) StdoutLine: {'line': b'-- Installing: /home/jenter/package/work/install/yesense_interface/include/yesense_interface/yesense_interface/msg/detail/quat__rosidl_typesupport_introspection_c.h\n'}
[33.209481] (yesense_interface) StdoutLine: {'line': b'-- Installing: /home/jenter/package/work/install/yesense_interface/include/yesense_interface/yesense_interface/msg/detail/nav_status__rosidl_typesupport_introspection_c.h\n'}
[33.209642] (yesense_interface) StdoutLine: {'line': b'-- Installing: /home/jenter/package/work/install/yesense_interface/include/yesense_interface/yesense_interface/msg/detail/attitude_min_vru__type_support.c\n'}
[33.209806] (yesense_interface) StdoutLine: {'line': b'-- Installing: /home/jenter/package/work/install/yesense_interface/include/yesense_interface/yesense_interface/msg/detail/utc__type_support.c\n'}
[33.209966] (yesense_interface) StdoutLine: {'line': b'-- Installing: /home/jenter/package/work/install/yesense_interface/include/yesense_interface/yesense_interface/msg/detail/nav_min_utc__type_support.c\n'}
[33.210133] (yesense_interface) StdoutLine: {'line': b'-- Installing: /home/jenter/package/work/install/yesense_interface/include/yesense_interface/yesense_interface/msg/detail/gnss_pos__rosidl_typesupport_introspection_c.h\n'}
[33.210284] (yesense_interface) StdoutLine: {'line': b'-- Installing: /home/jenter/package/work/install/yesense_interface/include/yesense_interface/yesense_interface/msg/detail/attitude_min_ahrs__rosidl_typesupport_introspection_c.h\n'}
[33.210434] (yesense_interface) StdoutLine: {'line': b'-- Installing: /home/jenter/package/work/install/yesense_interface/include/yesense_interface/yesense_interface/msg/detail/quat__type_support.c\n'}
[33.210596] (yesense_interface) StdoutLine: {'line': b'-- Installing: /home/jenter/package/work/install/yesense_interface/include/yesense_interface/yesense_interface/msg/detail/vel__type_support.c\n'}
[33.210757] (yesense_interface) StdoutLine: {'line': b'-- Installing: /home/jenter/package/work/install/yesense_interface/include/yesense_interface/yesense_interface/msg/detail/vel__rosidl_typesupport_introspection_c.h\n'}
[33.210906] (yesense_interface) StdoutLine: {'line': b'-- Installing: /home/jenter/package/work/install/yesense_interface/include/yesense_interface/yesense_interface/msg/detail/gnss_pos__type_support.c\n'}
[33.211069] (yesense_interface) StdoutLine: {'line': b'-- Installing: /home/jenter/package/work/install/yesense_interface/include/yesense_interface/yesense_interface/msg/detail/imu_data__rosidl_typesupport_introspection_c.h\n'}
[33.211226] (yesense_interface) StdoutLine: {'line': b'-- Installing: /home/jenter/package/work/install/yesense_interface/include/yesense_interface/yesense_interface/msg/detail/pos_only__rosidl_typesupport_introspection_c.h\n'}
[33.211513] (yesense_interface) StdoutLine: {'line': b'-- Installing: /home/jenter/package/work/install/yesense_interface/include/yesense_interface/yesense_interface/msg/detail/nav_all__rosidl_typesupport_introspection_c.h\n'}
[33.211667] (yesense_interface) StdoutLine: {'line': b'-- Installing: /home/jenter/package/work/install/yesense_interface/include/yesense_interface/yesense_interface/msg/detail/tid__type_support.c\n'}
[33.211812] (yesense_interface) StdoutLine: {'line': b'-- Installing: /home/jenter/package/work/install/yesense_interface/include/yesense_interface/yesense_interface/msg/detail/nav_min__rosidl_typesupport_introspection_c.h\n'}
[33.211966] (yesense_interface) StdoutLine: {'line': b'-- Installing: /home/jenter/package/work/install/yesense_interface/include/yesense_interface/yesense_interface/msg/detail/nav_min_utc__rosidl_typesupport_introspection_c.h\n'}
[33.212120] (yesense_interface) StdoutLine: {'line': b'-- Installing: /home/jenter/package/work/install/yesense_interface/include/yesense_interface/yesense_interface/msg/detail/euler_only__type_support.c\n'}
[33.212282] (yesense_interface) StdoutLine: {'line': b'-- Installing: /home/jenter/package/work/install/yesense_interface/include/yesense_interface/yesense_interface/msg/detail/imu_data_ten_axis__type_support.c\n'}
[33.212553] (yesense_interface) StdoutLine: {'line': b'-- Installing: /home/jenter/package/work/install/yesense_interface/lib/libyesense_interface__rosidl_typesupport_introspection_c.so\n'}
[33.213142] (yesense_interface) StdoutLine: {'line': b'-- Set runtime path of "/home/jenter/package/work/install/yesense_interface/lib/libyesense_interface__rosidl_typesupport_introspection_c.so" to ""\n'}
[33.213288] (yesense_interface) StdoutLine: {'line': b'-- Installing: /home/jenter/package/work/install/yesense_interface/lib/libyesense_interface__rosidl_typesupport_c.so\n'}
[33.213751] (yesense_interface) StdoutLine: {'line': b'-- Set runtime path of "/home/jenter/package/work/install/yesense_interface/lib/libyesense_interface__rosidl_typesupport_c.so" to ""\n'}
[33.213911] (yesense_interface) StdoutLine: {'line': b'-- Up-to-date: /home/jenter/package/work/install/yesense_interface/include/yesense_interface/yesense_interface\n'}
[33.214052] (yesense_interface) StdoutLine: {'line': b'-- Up-to-date: /home/jenter/package/work/install/yesense_interface/include/yesense_interface/yesense_interface/msg\n'}
[33.214189] (yesense_interface) StdoutLine: {'line': b'-- Installing: /home/jenter/package/work/install/yesense_interface/include/yesense_interface/yesense_interface/msg/imu_data.hpp\n'}
[33.214328] (yesense_interface) StdoutLine: {'line': b'-- Up-to-date: /home/jenter/package/work/install/yesense_interface/include/yesense_interface/yesense_interface/msg/detail\n'}
[33.214466] (yesense_interface) StdoutLine: {'line': b'-- Installing: /home/jenter/package/work/install/yesense_interface/include/yesense_interface/yesense_interface/msg/detail/nav_status__builder.hpp\n'}
[33.214603] (yesense_interface) StdoutLine: {'line': b'-- Installing: /home/jenter/package/work/install/yesense_interface/include/yesense_interface/yesense_interface/msg/detail/pos_only__struct.hpp\n'}
[33.214720] (yesense_interface) StdoutLine: {'line': b'-- Installing: /home/jenter/package/work/install/yesense_interface/include/yesense_interface/yesense_interface/msg/detail/imu_data_ten_axis__struct.hpp\n'}
[33.214865] (yesense_interface) StdoutLine: {'line': b'-- Installing: /home/jenter/package/work/install/yesense_interface/include/yesense_interface/yesense_interface/msg/detail/attitude_min_vru__type_support.hpp\n'}
[33.215004] (yesense_interface) StdoutLine: {'line': b'-- Installing: /home/jenter/package/work/install/yesense_interface/include/yesense_interface/yesense_interface/msg/detail/nav_min__type_support.hpp\n'}
[33.215142] (yesense_interface) StdoutLine: {'line': b'-- Installing: /home/jenter/package/work/install/yesense_interface/include/yesense_interface/yesense_interface/msg/detail/nav_all__struct.hpp\n'}
[33.215294] (yesense_interface) StdoutLine: {'line': b'-- Installing: /home/jenter/package/work/install/yesense_interface/include/yesense_interface/yesense_interface/msg/detail/attitude_all_data__struct.hpp\n'}
[33.215449] (yesense_interface) StdoutLine: {'line': b'-- Installing: /home/jenter/package/work/install/yesense_interface/include/yesense_interface/yesense_interface/msg/detail/tid__type_support.hpp\n'}
[33.215598] (yesense_interface) StdoutLine: {'line': b'-- Installing: /home/jenter/package/work/install/yesense_interface/include/yesense_interface/yesense_interface/msg/detail/pressure__builder.hpp\n'}
[33.215746] (yesense_interface) StdoutLine: {'line': b'-- Installing: /home/jenter/package/work/install/yesense_interface/include/yesense_interface/yesense_interface/msg/detail/euler_angle__traits.hpp\n'}
[33.215890] (yesense_interface) StdoutLine: {'line': b'-- Installing: /home/jenter/package/work/install/yesense_interface/include/yesense_interface/yesense_interface/msg/detail/attitude_all_data__builder.hpp\n'}
[33.216045] (yesense_interface) StdoutLine: {'line': b'-- Installing: /home/jenter/package/work/install/yesense_interface/include/yesense_interface/yesense_interface/msg/detail/nav_min__traits.hpp\n'}
[33.216200] (yesense_interface) StdoutLine: {'line': b'-- Installing: /home/jenter/package/work/install/yesense_interface/include/yesense_interface/yesense_interface/msg/detail/imu_data_ten_axis__builder.hpp\n'}
[33.216356] (yesense_interface) StdoutLine: {'line': b'-- Installing: /home/jenter/package/work/install/yesense_interface/include/yesense_interface/yesense_interface/msg/detail/sample_timestamp__builder.hpp\n'}
[33.216514] (yesense_interface) StdoutLine: {'line': b'-- Installing: /home/jenter/package/work/install/yesense_interface/include/yesense_interface/yesense_interface/msg/detail/tid__traits.hpp\n'}
[33.216676] (yesense_interface) StdoutLine: {'line': b'-- Installing: /home/jenter/package/work/install/yesense_interface/include/yesense_interface/yesense_interface/msg/detail/three_axis__type_support.hpp\n'}
[33.216830] (yesense_interface) StdoutLine: {'line': b'-- Installing: /home/jenter/package/work/install/yesense_interface/include/yesense_interface/yesense_interface/msg/detail/gnss_pos__traits.hpp\n'}
[33.216985] (yesense_interface) StdoutLine: {'line': b'-- Installing: /home/jenter/package/work/install/yesense_interface/include/yesense_interface/yesense_interface/msg/detail/sample_timestamp__traits.hpp\n'}
[33.217139] (yesense_interface) StdoutLine: {'line': b'-- Installing: /home/jenter/package/work/install/yesense_interface/include/yesense_interface/yesense_interface/msg/detail/nav_min_utc__traits.hpp\n'}
[33.217294] (yesense_interface) StdoutLine: {'line': b'-- Installing: /home/jenter/package/work/install/yesense_interface/include/yesense_interface/yesense_interface/msg/detail/pos_only__builder.hpp\n'}
[33.217447] (yesense_interface) StdoutLine: {'line': b'-- Installing: /home/jenter/package/work/install/yesense_interface/include/yesense_interface/yesense_interface/msg/detail/vel__builder.hpp\n'}
[33.217601] (yesense_interface) StdoutLine: {'line': b'-- Installing: /home/jenter/package/work/install/yesense_interface/include/yesense_interface/yesense_interface/msg/detail/quat__builder.hpp\n'}
[33.217755] (yesense_interface) StdoutLine: {'line': b'-- Installing: /home/jenter/package/work/install/yesense_interface/include/yesense_interface/yesense_interface/msg/detail/pressure__traits.hpp\n'}
[33.217908] (yesense_interface) StdoutLine: {'line': b'-- Installing: /home/jenter/package/work/install/yesense_interface/include/yesense_interface/yesense_interface/msg/detail/sensor_temp__struct.hpp\n'}
[33.218062] (yesense_interface) StdoutLine: {'line': b'-- Installing: /home/jenter/package/work/install/yesense_interface/include/yesense_interface/yesense_interface/msg/detail/pos_only__type_support.hpp\n'}
[33.218216] (yesense_interface) StdoutLine: {'line': b'-- Installing: /home/jenter/package/work/install/yesense_interface/include/yesense_interface/yesense_interface/msg/detail/robot_lord__type_support.hpp\n'}
[33.218370] (yesense_interface) StdoutLine: {'line': b'-- Installing: /home/jenter/package/work/install/yesense_interface/include/yesense_interface/yesense_interface/msg/detail/attitude_all_data__type_support.hpp\n'}
[33.218523] (yesense_interface) StdoutLine: {'line': b'-- Installing: /home/jenter/package/work/install/yesense_interface/include/yesense_interface/yesense_interface/msg/detail/utc__traits.hpp\n'}
[33.218696] (yesense_interface) StdoutLine: {'line': b'-- Installing: /home/jenter/package/work/install/yesense_interface/include/yesense_interface/yesense_interface/msg/detail/robot_lord__struct.hpp\n'}
[33.218858] (yesense_interface) StdoutLine: {'line': b'-- Installing: /home/jenter/package/work/install/yesense_interface/include/yesense_interface/yesense_interface/msg/detail/attitude_min_vru__traits.hpp\n'}
[33.219013] (yesense_interface) StdoutLine: {'line': b'-- Installing: /home/jenter/package/work/install/yesense_interface/include/yesense_interface/yesense_interface/msg/detail/three_axis__builder.hpp\n'}
[33.219169] (yesense_interface) StdoutLine: {'line': b'-- Installing: /home/jenter/package/work/install/yesense_interface/include/yesense_interface/yesense_interface/msg/detail/attitude_min_ahrs__type_support.hpp\n'}
[33.219334] (yesense_interface) StdoutLine: {'line': b'-- Installing: /home/jenter/package/work/install/yesense_interface/include/yesense_interface/yesense_interface/msg/detail/sample_timestamp__struct.hpp\n'}
[33.219500] (yesense_interface) StdoutLine: {'line': b'-- Installing: /home/jenter/package/work/install/yesense_interface/include/yesense_interface/yesense_interface/msg/detail/euler_only__struct.hpp\n'}
[33.219714] (yesense_interface) StdoutLine: {'line': b'-- Installing: /home/jenter/package/work/install/yesense_interface/include/yesense_interface/yesense_interface/msg/detail/imu_data__type_support.hpp\n'}
[33.219865] (yesense_interface) StdoutLine: {'line': b'-- Installing: /home/jenter/package/work/install/yesense_interface/include/yesense_interface/yesense_interface/msg/detail/three_axis__struct.hpp\n'}
[33.220030] (yesense_interface) StdoutLine: {'line': b'-- Installing: /home/jenter/package/work/install/yesense_interface/include/yesense_interface/yesense_interface/msg/detail/attitude_min_vru__struct.hpp\n'}
[33.220189] (yesense_interface) StdoutLine: {'line': b'-- Installing: /home/jenter/package/work/install/yesense_interface/include/yesense_interface/yesense_interface/msg/detail/sensor_temp__builder.hpp\n'}
[33.220343] (yesense_interface) StdoutLine: {'line': b'-- Installing: /home/jenter/package/work/install/yesense_interface/include/yesense_interface/yesense_interface/msg/detail/three_axis__traits.hpp\n'}
[33.220496] (yesense_interface) StdoutLine: {'line': b'-- Installing: /home/jenter/package/work/install/yesense_interface/include/yesense_interface/yesense_interface/msg/detail/vel__type_support.hpp\n'}
[33.220649] (yesense_interface) StdoutLine: {'line': b'-- Installing: /home/jenter/package/work/install/yesense_interface/include/yesense_interface/yesense_interface/msg/detail/nav_all__builder.hpp\n'}
[33.220811] (yesense_interface) StdoutLine: {'line': b'-- Installing: /home/jenter/package/work/install/yesense_interface/include/yesense_interface/yesense_interface/msg/detail/attitude_min_ahrs__traits.hpp\n'}
[33.220973] (yesense_interface) StdoutLine: {'line': b'-- Installing: /home/jenter/package/work/install/yesense_interface/include/yesense_interface/yesense_interface/msg/detail/gnss_pos__type_support.hpp\n'}
[33.221125] (yesense_interface) StdoutLine: {'line': b'-- Installing: /home/jenter/package/work/install/yesense_interface/include/yesense_interface/yesense_interface/msg/detail/tid__struct.hpp\n'}
[33.221281] (yesense_interface) StdoutLine: {'line': b'-- Installing: /home/jenter/package/work/install/yesense_interface/include/yesense_interface/yesense_interface/msg/detail/imu_data__struct.hpp\n'}
[33.221441] (yesense_interface) StdoutLine: {'line': b'-- Installing: /home/jenter/package/work/install/yesense_interface/include/yesense_interface/yesense_interface/msg/detail/pos_only__traits.hpp\n'}
[33.221595] (yesense_interface) StdoutLine: {'line': b'-- Installing: /home/jenter/package/work/install/yesense_interface/include/yesense_interface/yesense_interface/msg/detail/attitude_min_ahrs__builder.hpp\n'}
[33.221751] (yesense_interface) StdoutLine: {'line': b'-- Installing: /home/jenter/package/work/install/yesense_interface/include/yesense_interface/yesense_interface/msg/detail/robot_lord__builder.hpp\n'}
[33.221908] (yesense_interface) StdoutLine: {'line': b'-- Installing: /home/jenter/package/work/install/yesense_interface/include/yesense_interface/yesense_interface/msg/detail/quat__struct.hpp\n'}
[33.222068] (yesense_interface) StdoutLine: {'line': b'-- Installing: /home/jenter/package/work/install/yesense_interface/include/yesense_interface/yesense_interface/msg/detail/euler_only__type_support.hpp\n'}
[33.222220] (yesense_interface) StdoutLine: {'line': b'-- Installing: /home/jenter/package/work/install/yesense_interface/include/yesense_interface/yesense_interface/msg/detail/imu_data__traits.hpp\n'}
[33.222382] (yesense_interface) StdoutLine: {'line': b'-- Installing: /home/jenter/package/work/install/yesense_interface/include/yesense_interface/yesense_interface/msg/detail/euler_angle__builder.hpp\n'}
[33.222538] (yesense_interface) StdoutLine: {'line': b'-- Installing: /home/jenter/package/work/install/yesense_interface/include/yesense_interface/yesense_interface/msg/detail/pressure__type_support.hpp\n'}
[33.222691] (yesense_interface) StdoutLine: {'line': b'-- Installing: /home/jenter/package/work/install/yesense_interface/include/yesense_interface/yesense_interface/msg/detail/sensor_temp__traits.hpp\n'}
[33.222843] (yesense_interface) StdoutLine: {'line': b'-- Installing: /home/jenter/package/work/install/yesense_interface/include/yesense_interface/yesense_interface/msg/detail/nav_min_utc__struct.hpp\n'}
[33.223014] (yesense_interface) StdoutLine: {'line': b'-- Installing: /home/jenter/package/work/install/yesense_interface/include/yesense_interface/yesense_interface/msg/detail/sample_timestamp__type_support.hpp\n'}
[33.223168] (yesense_interface) StdoutLine: {'line': b'-- Installing: /home/jenter/package/work/install/yesense_interface/include/yesense_interface/yesense_interface/msg/detail/euler_only__traits.hpp\n'}
[33.223730] (yesense_interface) StdoutLine: {'line': b'-- Installing: /home/jenter/package/work/install/yesense_interface/include/yesense_interface/yesense_interface/msg/detail/attitude_min_ahrs__struct.hpp\n'}
[33.223913] (yesense_interface) StdoutLine: {'line': b'-- Installing: /home/jenter/package/work/install/yesense_interface/include/yesense_interface/yesense_interface/msg/detail/euler_angle__type_support.hpp\n'}
[33.224067] (yesense_interface) StdoutLine: {'line': b'-- Installing: /home/jenter/package/work/install/yesense_interface/include/yesense_interface/yesense_interface/msg/detail/utc__type_support.hpp\n'}
[33.224224] (yesense_interface) StdoutLine: {'line': b'-- Installing: /home/jenter/package/work/install/yesense_interface/include/yesense_interface/yesense_interface/msg/detail/euler_only__builder.hpp\n'}
[33.224379] (yesense_interface) StdoutLine: {'line': b'-- Installing: /home/jenter/package/work/install/yesense_interface/include/yesense_interface/yesense_interface/msg/detail/nav_min__builder.hpp\n'}
[33.224531] (yesense_interface) StdoutLine: {'line': b'-- Installing: /home/jenter/package/work/install/yesense_interface/include/yesense_interface/yesense_interface/msg/detail/sensor_temp__type_support.hpp\n'}
[33.224683] (yesense_interface) StdoutLine: {'line': b'-- Installing: /home/jenter/package/work/install/yesense_interface/include/yesense_interface/yesense_interface/msg/detail/quat__traits.hpp\n'}
[33.224837] (yesense_interface) StdoutLine: {'line': b'-- Installing: /home/jenter/package/work/install/yesense_interface/include/yesense_interface/yesense_interface/msg/detail/nav_status__traits.hpp\n'}
[33.225041] (yesense_interface) StdoutLine: {'line': b'-- Installing: /home/jenter/package/work/install/yesense_interface/include/yesense_interface/yesense_interface/msg/detail/vel__traits.hpp\n'}
[33.225190] (yesense_interface) StdoutLine: {'line': b'-- Installing: /home/jenter/package/work/install/yesense_interface/include/yesense_interface/yesense_interface/msg/detail/euler_angle__struct.hpp\n'}
[33.225347] (yesense_interface) StdoutLine: {'line': b'-- Installing: /home/jenter/package/work/install/yesense_interface/include/yesense_interface/yesense_interface/msg/detail/gnss_pos__struct.hpp\n'}
[33.225503] (yesense_interface) StdoutLine: {'line': b'-- Installing: /home/jenter/package/work/install/yesense_interface/include/yesense_interface/yesense_interface/msg/detail/pressure__struct.hpp\n'}
[33.225651] (yesense_interface) StdoutLine: {'line': b'-- Installing: /home/jenter/package/work/install/yesense_interface/include/yesense_interface/yesense_interface/msg/detail/gnss_pos__builder.hpp\n'}
[33.225811] (yesense_interface) StdoutLine: {'line': b'-- Installing: /home/jenter/package/work/install/yesense_interface/include/yesense_interface/yesense_interface/msg/detail/utc__builder.hpp\n'}
[33.225959] (yesense_interface) StdoutLine: {'line': b'-- Installing: /home/jenter/package/work/install/yesense_interface/include/yesense_interface/yesense_interface/msg/detail/attitude_all_data__traits.hpp\n'}
[33.226103] (yesense_interface) StdoutLine: {'line': b'-- Installing: /home/jenter/package/work/install/yesense_interface/include/yesense_interface/yesense_interface/msg/detail/utc__struct.hpp\n'}
[33.226259] (yesense_interface) StdoutLine: {'line': b'-- Installing: /home/jenter/package/work/install/yesense_interface/include/yesense_interface/yesense_interface/msg/detail/nav_status__struct.hpp\n'}
[33.226416] (yesense_interface) StdoutLine: {'line': b'-- Installing: /home/jenter/package/work/install/yesense_interface/include/yesense_interface/yesense_interface/msg/detail/nav_status__type_support.hpp\n'}
[33.226565] (yesense_interface) StdoutLine: {'line': b'-- Installing: /home/jenter/package/work/install/yesense_interface/include/yesense_interface/yesense_interface/msg/detail/nav_min_utc__builder.hpp\n'}
[33.226718] (yesense_interface) StdoutLine: {'line': b'-- Installing: /home/jenter/package/work/install/yesense_interface/include/yesense_interface/yesense_interface/msg/detail/nav_all__traits.hpp\n'}
[33.226880] (yesense_interface) StdoutLine: {'line': b'-- Installing: /home/jenter/package/work/install/yesense_interface/include/yesense_interface/yesense_interface/msg/detail/attitude_min_vru__builder.hpp\n'}
[33.227037] (yesense_interface) StdoutLine: {'line': b'-- Installing: /home/jenter/package/work/install/yesense_interface/include/yesense_interface/yesense_interface/msg/detail/robot_lord__traits.hpp\n'}
[33.227186] (yesense_interface) StdoutLine: {'line': b'-- Installing: /home/jenter/package/work/install/yesense_interface/include/yesense_interface/yesense_interface/msg/detail/nav_min_utc__type_support.hpp\n'}
[33.227349] (yesense_interface) StdoutLine: {'line': b'-- Installing: /home/jenter/package/work/install/yesense_interface/include/yesense_interface/yesense_interface/msg/detail/vel__struct.hpp\n'}
[33.227507] (yesense_interface) StdoutLine: {'line': b'-- Installing: /home/jenter/package/work/install/yesense_interface/include/yesense_interface/yesense_interface/msg/detail/imu_data__builder.hpp\n'}
[33.227659] (yesense_interface) StdoutLine: {'line': b'-- Installing: /home/jenter/package/work/install/yesense_interface/include/yesense_interface/yesense_interface/msg/detail/nav_all__type_support.hpp\n'}
[33.227809] (yesense_interface) StdoutLine: {'line': b'-- Installing: /home/jenter/package/work/install/yesense_interface/include/yesense_interface/yesense_interface/msg/detail/imu_data_ten_axis__type_support.hpp\n'}
[33.227958] (yesense_interface) StdoutLine: {'line': b'-- Installing: /home/jenter/package/work/install/yesense_interface/include/yesense_interface/yesense_interface/msg/detail/tid__builder.hpp\n'}
[33.228109] (yesense_interface) StdoutLine: {'line': b'-- Installing: /home/jenter/package/work/install/yesense_interface/include/yesense_interface/yesense_interface/msg/detail/imu_data_ten_axis__traits.hpp\n'}
[33.228268] (yesense_interface) StdoutLine: {'line': b'-- Installing: /home/jenter/package/work/install/yesense_interface/include/yesense_interface/yesense_interface/msg/detail/quat__type_support.hpp\n'}
[33.228418] (yesense_interface) StdoutLine: {'line': b'-- Installing: /home/jenter/package/work/install/yesense_interface/include/yesense_interface/yesense_interface/msg/detail/nav_min__struct.hpp\n'}
[33.228582] (yesense_interface) StdoutLine: {'line': b'-- Installing: /home/jenter/package/work/install/yesense_interface/include/yesense_interface/yesense_interface/msg/robot_lord.hpp\n'}
[33.228728] (yesense_interface) StdoutLine: {'line': b'-- Installing: /home/jenter/package/work/install/yesense_interface/include/yesense_interface/yesense_interface/msg/euler_angle.hpp\n'}
[33.228871] (yesense_interface) StdoutLine: {'line': b'-- Installing: /home/jenter/package/work/install/yesense_interface/include/yesense_interface/yesense_interface/msg/pos_only.hpp\n'}
[33.229019] (yesense_interface) StdoutLine: {'line': b'-- Installing: /home/jenter/package/work/install/yesense_interface/include/yesense_interface/yesense_interface/msg/sensor_temp.hpp\n'}
[33.229166] (yesense_interface) StdoutLine: {'line': b'-- Installing: /home/jenter/package/work/install/yesense_interface/include/yesense_interface/yesense_interface/msg/nav_min.hpp\n'}
[33.229313] (yesense_interface) StdoutLine: {'line': b'-- Installing: /home/jenter/package/work/install/yesense_interface/include/yesense_interface/yesense_interface/msg/three_axis.hpp\n'}
[33.229462] (yesense_interface) StdoutLine: {'line': b'-- Installing: /home/jenter/package/work/install/yesense_interface/include/yesense_interface/yesense_interface/msg/vel.hpp\n'}
[33.229609] (yesense_interface) StdoutLine: {'line': b'-- Installing: /home/jenter/package/work/install/yesense_interface/include/yesense_interface/yesense_interface/msg/attitude_min_vru.hpp\n'}
[33.229757] (yesense_interface) StdoutLine: {'line': b'-- Installing: /home/jenter/package/work/install/yesense_interface/include/yesense_interface/yesense_interface/msg/tid.hpp\n'}
[33.229895] (yesense_interface) StdoutLine: {'line': b'-- Installing: /home/jenter/package/work/install/yesense_interface/include/yesense_interface/yesense_interface/msg/sample_timestamp.hpp\n'}
[33.230033] (yesense_interface) StdoutLine: {'line': b'-- Installing: /home/jenter/package/work/install/yesense_interface/include/yesense_interface/yesense_interface/msg/nav_all.hpp\n'}
[33.230183] (yesense_interface) StdoutLine: {'line': b'-- Installing: /home/jenter/package/work/install/yesense_interface/include/yesense_interface/yesense_interface/msg/gnss_pos.hpp\n'}
[33.230320] (yesense_interface) StdoutLine: {'line': b'-- Installing: /home/jenter/package/work/install/yesense_interface/include/yesense_interface/yesense_interface/msg/nav_min_utc.hpp\n'}
[33.230471] (yesense_interface) StdoutLine: {'line': b'-- Installing: /home/jenter/package/work/install/yesense_interface/include/yesense_interface/yesense_interface/msg/nav_status.hpp\n'}
[33.230622] (yesense_interface) StdoutLine: {'line': b'-- Installing: /home/jenter/package/work/install/yesense_interface/include/yesense_interface/yesense_interface/msg/euler_only.hpp\n'}
[33.230757] (yesense_interface) StdoutLine: {'line': b'-- Installing: /home/jenter/package/work/install/yesense_interface/include/yesense_interface/yesense_interface/msg/utc.hpp\n'}
[33.230893] (yesense_interface) StdoutLine: {'line': b'-- Installing: /home/jenter/package/work/install/yesense_interface/include/yesense_interface/yesense_interface/msg/imu_data_ten_axis.hpp\n'}
[33.231030] (yesense_interface) StdoutLine: {'line': b'-- Installing: /home/jenter/package/work/install/yesense_interface/include/yesense_interface/yesense_interface/msg/pressure.hpp\n'}
[33.231173] (yesense_interface) StdoutLine: {'line': b'-- Installing: /home/jenter/package/work/install/yesense_interface/include/yesense_interface/yesense_interface/msg/quat.hpp\n'}
[33.231320] (yesense_interface) StdoutLine: {'line': b'-- Installing: /home/jenter/package/work/install/yesense_interface/include/yesense_interface/yesense_interface/msg/rosidl_generator_cpp__visibility_control.hpp\n'}
[33.231498] (yesense_interface) StdoutLine: {'line': b'-- Installing: /home/jenter/package/work/install/yesense_interface/include/yesense_interface/yesense_interface/msg/attitude_min_ahrs.hpp\n'}
[33.231654] (yesense_interface) StdoutLine: {'line': b'-- Installing: /home/jenter/package/work/install/yesense_interface/include/yesense_interface/yesense_interface/msg/attitude_all_data.hpp\n'}
[33.231904] (yesense_interface) StdoutLine: {'line': b'-- Up-to-date: /home/jenter/package/work/install/yesense_interface/include/yesense_interface/yesense_interface\n'}
[33.232058] (yesense_interface) StdoutLine: {'line': b'-- Up-to-date: /home/jenter/package/work/install/yesense_interface/include/yesense_interface/yesense_interface/msg\n'}
[33.232195] (yesense_interface) StdoutLine: {'line': b'-- Up-to-date: /home/jenter/package/work/install/yesense_interface/include/yesense_interface/yesense_interface/msg/detail\n'}
[33.232333] (yesense_interface) StdoutLine: {'line': b'-- Installing: /home/jenter/package/work/install/yesense_interface/include/yesense_interface/yesense_interface/msg/detail/dds_fastrtps\n'}
[33.232470] (yesense_interface) StdoutLine: {'line': b'-- Installing: /home/jenter/package/work/install/yesense_interface/include/yesense_interface/yesense_interface/msg/detail/robot_lord__rosidl_typesupport_fastrtps_cpp.hpp\n'}
[33.232588] (yesense_interface) StdoutLine: {'line': b'-- Installing: /home/jenter/package/work/install/yesense_interface/include/yesense_interface/yesense_interface/msg/detail/quat__rosidl_typesupport_fastrtps_cpp.hpp\n'}
[33.232727] (yesense_interface) StdoutLine: {'line': b'-- Installing: /home/jenter/package/work/install/yesense_interface/include/yesense_interface/yesense_interface/msg/detail/attitude_all_data__rosidl_typesupport_fastrtps_cpp.hpp\n'}
[33.232864] (yesense_interface) StdoutLine: {'line': b'-- Installing: /home/jenter/package/work/install/yesense_interface/include/yesense_interface/yesense_interface/msg/detail/gnss_pos__rosidl_typesupport_fastrtps_cpp.hpp\n'}
[33.232998] (yesense_interface) StdoutLine: {'line': b'-- Installing: /home/jenter/package/work/install/yesense_interface/include/yesense_interface/yesense_interface/msg/detail/attitude_min_ahrs__rosidl_typesupport_fastrtps_cpp.hpp\n'}
[33.233136] (yesense_interface) StdoutLine: {'line': b'-- Installing: /home/jenter/package/work/install/yesense_interface/include/yesense_interface/yesense_interface/msg/detail/nav_min__rosidl_typesupport_fastrtps_cpp.hpp\n'}
[33.233273] (yesense_interface) StdoutLine: {'line': b'-- Installing: /home/jenter/package/work/install/yesense_interface/include/yesense_interface/yesense_interface/msg/detail/pos_only__rosidl_typesupport_fastrtps_cpp.hpp\n'}
[33.233411] (yesense_interface) StdoutLine: {'line': b'-- Installing: /home/jenter/package/work/install/yesense_interface/include/yesense_interface/yesense_interface/msg/detail/nav_status__rosidl_typesupport_fastrtps_cpp.hpp\n'}
[33.233546] (yesense_interface) StdoutLine: {'line': b'-- Installing: /home/jenter/package/work/install/yesense_interface/include/yesense_interface/yesense_interface/msg/detail/sensor_temp__rosidl_typesupport_fastrtps_cpp.hpp\n'}
[33.233678] (yesense_interface) StdoutLine: {'line': b'-- Installing: /home/jenter/package/work/install/yesense_interface/include/yesense_interface/yesense_interface/msg/detail/imu_data_ten_axis__rosidl_typesupport_fastrtps_cpp.hpp\n'}
[33.233826] (yesense_interface) StdoutLine: {'line': b'-- Installing: /home/jenter/package/work/install/yesense_interface/include/yesense_interface/yesense_interface/msg/detail/sample_timestamp__rosidl_typesupport_fastrtps_cpp.hpp\n'}
[33.233971] (yesense_interface) StdoutLine: {'line': b'-- Installing: /home/jenter/package/work/install/yesense_interface/include/yesense_interface/yesense_interface/msg/detail/euler_only__rosidl_typesupport_fastrtps_cpp.hpp\n'}
[33.234127] (yesense_interface) StdoutLine: {'line': b'-- Installing: /home/jenter/package/work/install/yesense_interface/include/yesense_interface/yesense_interface/msg/detail/attitude_min_vru__rosidl_typesupport_fastrtps_cpp.hpp\n'}
[33.234289] (yesense_interface) StdoutLine: {'line': b'-- Installing: /home/jenter/package/work/install/yesense_interface/include/yesense_interface/yesense_interface/msg/detail/euler_angle__rosidl_typesupport_fastrtps_cpp.hpp\n'}
[33.234434] (yesense_interface) StdoutLine: {'line': b'-- Installing: /home/jenter/package/work/install/yesense_interface/include/yesense_interface/yesense_interface/msg/detail/nav_all__rosidl_typesupport_fastrtps_cpp.hpp\n'}
[33.234586] (yesense_interface) StdoutLine: {'line': b'-- Installing: /home/jenter/package/work/install/yesense_interface/include/yesense_interface/yesense_interface/msg/detail/pressure__rosidl_typesupport_fastrtps_cpp.hpp\n'}
[33.234739] (yesense_interface) StdoutLine: {'line': b'-- Installing: /home/jenter/package/work/install/yesense_interface/include/yesense_interface/yesense_interface/msg/detail/nav_min_utc__rosidl_typesupport_fastrtps_cpp.hpp\n'}
[33.234892] (yesense_interface) StdoutLine: {'line': b'-- Installing: /home/jenter/package/work/install/yesense_interface/include/yesense_interface/yesense_interface/msg/detail/vel__rosidl_typesupport_fastrtps_cpp.hpp\n'}
[33.235048] (yesense_interface) StdoutLine: {'line': b'-- Installing: /home/jenter/package/work/install/yesense_interface/include/yesense_interface/yesense_interface/msg/detail/imu_data__rosidl_typesupport_fastrtps_cpp.hpp\n'}
[33.235201] (yesense_interface) StdoutLine: {'line': b'-- Installing: /home/jenter/package/work/install/yesense_interface/include/yesense_interface/yesense_interface/msg/detail/three_axis__rosidl_typesupport_fastrtps_cpp.hpp\n'}
[33.235365] (yesense_interface) StdoutLine: {'line': b'-- Installing: /home/jenter/package/work/install/yesense_interface/include/yesense_interface/yesense_interface/msg/detail/utc__rosidl_typesupport_fastrtps_cpp.hpp\n'}
[33.235520] (yesense_interface) StdoutLine: {'line': b'-- Installing: /home/jenter/package/work/install/yesense_interface/include/yesense_interface/yesense_interface/msg/detail/tid__rosidl_typesupport_fastrtps_cpp.hpp\n'}
[33.235673] (yesense_interface) StdoutLine: {'line': b'-- Installing: /home/jenter/package/work/install/yesense_interface/include/yesense_interface/yesense_interface/msg/rosidl_typesupport_fastrtps_cpp__visibility_control.h\n'}
[33.235945] (yesense_interface) StdoutLine: {'line': b'-- Installing: /home/jenter/package/work/install/yesense_interface/lib/libyesense_interface__rosidl_typesupport_fastrtps_cpp.so\n'}
[33.236664] (yesense_interface) StdoutLine: {'line': b'-- Set runtime path of "/home/jenter/package/work/install/yesense_interface/lib/libyesense_interface__rosidl_typesupport_fastrtps_cpp.so" to ""\n'}
[33.236830] (yesense_interface) StdoutLine: {'line': b'-- Up-to-date: /home/jenter/package/work/install/yesense_interface/include/yesense_interface/yesense_interface\n'}
[33.236992] (yesense_interface) StdoutLine: {'line': b'-- Up-to-date: /home/jenter/package/work/install/yesense_interface/include/yesense_interface/yesense_interface/msg\n'}
[33.237110] (yesense_interface) StdoutLine: {'line': b'-- Up-to-date: /home/jenter/package/work/install/yesense_interface/include/yesense_interface/yesense_interface/msg/detail\n'}
[33.237249] (yesense_interface) StdoutLine: {'line': b'-- Installing: /home/jenter/package/work/install/yesense_interface/include/yesense_interface/yesense_interface/msg/detail/attitude_all_data__type_support.cpp\n'}
[33.237388] (yesense_interface) StdoutLine: {'line': b'-- Installing: /home/jenter/package/work/install/yesense_interface/include/yesense_interface/yesense_interface/msg/detail/euler_angle__rosidl_typesupport_introspection_cpp.hpp\n'}
[33.237527] (yesense_interface) StdoutLine: {'line': b'-- Installing: /home/jenter/package/work/install/yesense_interface/include/yesense_interface/yesense_interface/msg/detail/vel__rosidl_typesupport_introspection_cpp.hpp\n'}
[33.237674] (yesense_interface) StdoutLine: {'line': b'-- Installing: /home/jenter/package/work/install/yesense_interface/include/yesense_interface/yesense_interface/msg/detail/nav_status__rosidl_typesupport_introspection_cpp.hpp\n'}
[33.237812] (yesense_interface) StdoutLine: {'line': b'-- Installing: /home/jenter/package/work/install/yesense_interface/include/yesense_interface/yesense_interface/msg/detail/utc__rosidl_typesupport_introspection_cpp.hpp\n'}
[33.237930] (yesense_interface) StdoutLine: {'line': b'-- Installing: /home/jenter/package/work/install/yesense_interface/include/yesense_interface/yesense_interface/msg/detail/euler_angle__type_support.cpp\n'}
[33.238066] (yesense_interface) StdoutLine: {'line': b'-- Installing: /home/jenter/package/work/install/yesense_interface/include/yesense_interface/yesense_interface/msg/detail/robot_lord__type_support.cpp\n'}
[33.238205] (yesense_interface) StdoutLine: {'line': b'-- Installing: /home/jenter/package/work/install/yesense_interface/include/yesense_interface/yesense_interface/msg/detail/attitude_min_vru__type_support.cpp\n'}
[33.238343] (yesense_interface) StdoutLine: {'line': b'-- Installing: /home/jenter/package/work/install/yesense_interface/include/yesense_interface/yesense_interface/msg/detail/three_axis__rosidl_typesupport_introspection_cpp.hpp\n'}
[33.238477] (yesense_interface) StdoutLine: {'line': b'-- Installing: /home/jenter/package/work/install/yesense_interface/include/yesense_interface/yesense_interface/msg/detail/gnss_pos__rosidl_typesupport_introspection_cpp.hpp\n'}
[33.238612] (yesense_interface) StdoutLine: {'line': b'-- Installing: /home/jenter/package/work/install/yesense_interface/include/yesense_interface/yesense_interface/msg/detail/imu_data__rosidl_typesupport_introspection_cpp.hpp\n'}
[33.238765] (yesense_interface) StdoutLine: {'line': b'-- Installing: /home/jenter/package/work/install/yesense_interface/include/yesense_interface/yesense_interface/msg/detail/nav_all__rosidl_typesupport_introspection_cpp.hpp\n'}
[33.238898] (yesense_interface) StdoutLine: {'line': b'-- Installing: /home/jenter/package/work/install/yesense_interface/include/yesense_interface/yesense_interface/msg/detail/pos_only__type_support.cpp\n'}
[33.239043] (yesense_interface) StdoutLine: {'line': b'-- Installing: /home/jenter/package/work/install/yesense_interface/include/yesense_interface/yesense_interface/msg/detail/nav_min__rosidl_typesupport_introspection_cpp.hpp\n'}
[33.239196] (yesense_interface) StdoutLine: {'line': b'-- Installing: /home/jenter/package/work/install/yesense_interface/include/yesense_interface/yesense_interface/msg/detail/sample_timestamp__type_support.cpp\n'}
[33.239478] (yesense_interface) StdoutLine: {'line': b'-- Installing: /home/jenter/package/work/install/yesense_interface/include/yesense_interface/yesense_interface/msg/detail/utc__type_support.cpp\n'}
[33.239644] (yesense_interface) StdoutLine: {'line': b'-- Installing: /home/jenter/package/work/install/yesense_interface/include/yesense_interface/yesense_interface/msg/detail/sensor_temp__rosidl_typesupport_introspection_cpp.hpp\n'}
[33.239798] (yesense_interface) StdoutLine: {'line': b'-- Installing: /home/jenter/package/work/install/yesense_interface/include/yesense_interface/yesense_interface/msg/detail/imu_data__type_support.cpp\n'}
[33.239957] (yesense_interface) StdoutLine: {'line': b'-- Installing: /home/jenter/package/work/install/yesense_interface/include/yesense_interface/yesense_interface/msg/detail/euler_only__rosidl_typesupport_introspection_cpp.hpp\n'}
[33.240113] (yesense_interface) StdoutLine: {'line': b'-- Installing: /home/jenter/package/work/install/yesense_interface/include/yesense_interface/yesense_interface/msg/detail/imu_data_ten_axis__rosidl_typesupport_introspection_cpp.hpp\n'}
[33.240264] (yesense_interface) StdoutLine: {'line': b'-- Installing: /home/jenter/package/work/install/yesense_interface/include/yesense_interface/yesense_interface/msg/detail/nav_min_utc__rosidl_typesupport_introspection_cpp.hpp\n'}
[33.240417] (yesense_interface) StdoutLine: {'line': b'-- Installing: /home/jenter/package/work/install/yesense_interface/include/yesense_interface/yesense_interface/msg/detail/nav_min__type_support.cpp\n'}
[33.240579] (yesense_interface) StdoutLine: {'line': b'-- Installing: /home/jenter/package/work/install/yesense_interface/include/yesense_interface/yesense_interface/msg/detail/pressure__type_support.cpp\n'}
[33.240732] (yesense_interface) StdoutLine: {'line': b'-- Installing: /home/jenter/package/work/install/yesense_interface/include/yesense_interface/yesense_interface/msg/detail/attitude_min_ahrs__type_support.cpp\n'}
[33.240889] (yesense_interface) StdoutLine: {'line': b'-- Installing: /home/jenter/package/work/install/yesense_interface/include/yesense_interface/yesense_interface/msg/detail/nav_all__type_support.cpp\n'}
[33.241054] (yesense_interface) StdoutLine: {'line': b'-- Installing: /home/jenter/package/work/install/yesense_interface/include/yesense_interface/yesense_interface/msg/detail/sample_timestamp__rosidl_typesupport_introspection_cpp.hpp\n'}
[33.241205] (yesense_interface) StdoutLine: {'line': b'-- Installing: /home/jenter/package/work/install/yesense_interface/include/yesense_interface/yesense_interface/msg/detail/three_axis__type_support.cpp\n'}
[33.241365] (yesense_interface) StdoutLine: {'line': b'-- Installing: /home/jenter/package/work/install/yesense_interface/include/yesense_interface/yesense_interface/msg/detail/quat__rosidl_typesupport_introspection_cpp.hpp\n'}
[33.241514] (yesense_interface) StdoutLine: {'line': b'-- Installing: /home/jenter/package/work/install/yesense_interface/include/yesense_interface/yesense_interface/msg/detail/tid__type_support.cpp\n'}
[33.241671] (yesense_interface) StdoutLine: {'line': b'-- Installing: /home/jenter/package/work/install/yesense_interface/include/yesense_interface/yesense_interface/msg/detail/tid__rosidl_typesupport_introspection_cpp.hpp\n'}
[33.241825] (yesense_interface) StdoutLine: {'line': b'-- Installing: /home/jenter/package/work/install/yesense_interface/include/yesense_interface/yesense_interface/msg/detail/attitude_min_ahrs__rosidl_typesupport_introspection_cpp.hpp\n'}
[33.241978] (yesense_interface) StdoutLine: {'line': b'-- Installing: /home/jenter/package/work/install/yesense_interface/include/yesense_interface/yesense_interface/msg/detail/nav_min_utc__type_support.cpp\n'}
[33.242139] (yesense_interface) StdoutLine: {'line': b'-- Installing: /home/jenter/package/work/install/yesense_interface/include/yesense_interface/yesense_interface/msg/detail/euler_only__type_support.cpp\n'}
[33.242300] (yesense_interface) StdoutLine: {'line': b'-- Installing: /home/jenter/package/work/install/yesense_interface/include/yesense_interface/yesense_interface/msg/detail/nav_status__type_support.cpp\n'}
[33.242461] (yesense_interface) StdoutLine: {'line': b'-- Installing: /home/jenter/package/work/install/yesense_interface/include/yesense_interface/yesense_interface/msg/detail/attitude_all_data__rosidl_typesupport_introspection_cpp.hpp\n'}
[33.242615] (yesense_interface) StdoutLine: {'line': b'-- Installing: /home/jenter/package/work/install/yesense_interface/include/yesense_interface/yesense_interface/msg/detail/pos_only__rosidl_typesupport_introspection_cpp.hpp\n'}
[33.242769] (yesense_interface) StdoutLine: {'line': b'-- Installing: /home/jenter/package/work/install/yesense_interface/include/yesense_interface/yesense_interface/msg/detail/imu_data_ten_axis__type_support.cpp\n'}
[33.242933] (yesense_interface) StdoutLine: {'line': b'-- Installing: /home/jenter/package/work/install/yesense_interface/include/yesense_interface/yesense_interface/msg/detail/attitude_min_vru__rosidl_typesupport_introspection_cpp.hpp\n'}
[33.243089] (yesense_interface) StdoutLine: {'line': b'-- Installing: /home/jenter/package/work/install/yesense_interface/include/yesense_interface/yesense_interface/msg/detail/vel__type_support.cpp\n'}
[33.243249] (yesense_interface) StdoutLine: {'line': b'-- Installing: /home/jenter/package/work/install/yesense_interface/include/yesense_interface/yesense_interface/msg/detail/gnss_pos__type_support.cpp\n'}
[33.243426] (yesense_interface) StdoutLine: {'line': b'-- Installing: /home/jenter/package/work/install/yesense_interface/include/yesense_interface/yesense_interface/msg/detail/robot_lord__rosidl_typesupport_introspection_cpp.hpp\n'}
[33.243579] (yesense_interface) StdoutLine: {'line': b'-- Installing: /home/jenter/package/work/install/yesense_interface/include/yesense_interface/yesense_interface/msg/detail/pressure__rosidl_typesupport_introspection_cpp.hpp\n'}
[33.243735] (yesense_interface) StdoutLine: {'line': b'-- Installing: /home/jenter/package/work/install/yesense_interface/include/yesense_interface/yesense_interface/msg/detail/quat__type_support.cpp\n'}
[33.243896] (yesense_interface) StdoutLine: {'line': b'-- Installing: /home/jenter/package/work/install/yesense_interface/include/yesense_interface/yesense_interface/msg/detail/sensor_temp__type_support.cpp\n'}
[33.244199] (yesense_interface) StdoutLine: {'line': b'-- Installing: /home/jenter/package/work/install/yesense_interface/lib/libyesense_interface__rosidl_typesupport_introspection_cpp.so\n'}
[33.244888] (yesense_interface) StdoutLine: {'line': b'-- Set runtime path of "/home/jenter/package/work/install/yesense_interface/lib/libyesense_interface__rosidl_typesupport_introspection_cpp.so" to ""\n'}
[33.245037] (yesense_interface) StdoutLine: {'line': b'-- Installing: /home/jenter/package/work/install/yesense_interface/lib/libyesense_interface__rosidl_typesupport_cpp.so\n'}
[33.245578] (yesense_interface) StdoutLine: {'line': b'-- Set runtime path of "/home/jenter/package/work/install/yesense_interface/lib/libyesense_interface__rosidl_typesupport_cpp.so" to ""\n'}
[33.245724] (yesense_interface) StdoutLine: {'line': b'-- Installing: /home/jenter/package/work/install/yesense_interface/share/yesense_interface/environment/pythonpath.sh\n'}
[33.245900] (yesense_interface) StdoutLine: {'line': b'-- Installing: /home/jenter/package/work/install/yesense_interface/share/yesense_interface/environment/pythonpath.dsv\n'}
[33.246134] (yesense_interface) StdoutLine: {'line': b'-- Installing: /home/jenter/package/work/install/yesense_interface/local/lib/python3.10/dist-packages/yesense_interface-1.0.0-py3.10.egg-info\n'}
[33.246324] (yesense_interface) StdoutLine: {'line': b'-- Installing: /home/jenter/package/work/install/yesense_interface/local/lib/python3.10/dist-packages/yesense_interface-1.0.0-py3.10.egg-info/dependency_links.txt\n'}
[33.246475] (yesense_interface) StdoutLine: {'line': b'-- Installing: /home/jenter/package/work/install/yesense_interface/local/lib/python3.10/dist-packages/yesense_interface-1.0.0-py3.10.egg-info/SOURCES.txt\n'}
[33.246617] (yesense_interface) StdoutLine: {'line': b'-- Installing: /home/jenter/package/work/install/yesense_interface/local/lib/python3.10/dist-packages/yesense_interface-1.0.0-py3.10.egg-info/top_level.txt\n'}
[33.246757] (yesense_interface) StdoutLine: {'line': b'-- Installing: /home/jenter/package/work/install/yesense_interface/local/lib/python3.10/dist-packages/yesense_interface-1.0.0-py3.10.egg-info/PKG-INFO\n'}
[33.246960] (yesense_interface) StdoutLine: {'line': b'-- Installing: /home/jenter/package/work/install/yesense_interface/local/lib/python3.10/dist-packages/yesense_interface\n'}
[33.247105] (yesense_interface) StdoutLine: {'line': b'-- Installing: /home/jenter/package/work/install/yesense_interface/local/lib/python3.10/dist-packages/yesense_interface/libyesense_interface__rosidl_generator_py.so\n'}
[33.247424] (yesense_interface) StdoutLine: {'line': b'-- Installing: /home/jenter/package/work/install/yesense_interface/local/lib/python3.10/dist-packages/yesense_interface/msg\n'}
[33.247572] (yesense_interface) StdoutLine: {'line': b'-- Installing: /home/jenter/package/work/install/yesense_interface/local/lib/python3.10/dist-packages/yesense_interface/msg/_nav_all.py\n'}
[33.247717] (yesense_interface) StdoutLine: {'line': b'-- Installing: /home/jenter/package/work/install/yesense_interface/local/lib/python3.10/dist-packages/yesense_interface/msg/_sensor_temp_s.c\n'}
[33.247865] (yesense_interface) StdoutLine: {'line': b'-- Installing: /home/jenter/package/work/install/yesense_interface/local/lib/python3.10/dist-packages/yesense_interface/msg/_attitude_all_data_s.c\n'}
[33.248006] (yesense_interface) StdoutLine: {'line': b'-- Installing: /home/jenter/package/work/install/yesense_interface/local/lib/python3.10/dist-packages/yesense_interface/msg/_three_axis.py\n'}
[33.248146] (yesense_interface) StdoutLine: {'line': b'-- Installing: /home/jenter/package/work/install/yesense_interface/local/lib/python3.10/dist-packages/yesense_interface/msg/_gnss_pos.py\n'}
[33.248293] (yesense_interface) StdoutLine: {'line': b'-- Installing: /home/jenter/package/work/install/yesense_interface/local/lib/python3.10/dist-packages/yesense_interface/msg/_sample_timestamp_s.c\n'}
[33.248446] (yesense_interface) StdoutLine: {'line': b'-- Installing: /home/jenter/package/work/install/yesense_interface/local/lib/python3.10/dist-packages/yesense_interface/msg/_three_axis_s.c\n'}
[33.248586] (yesense_interface) StdoutLine: {'line': b'-- Installing: /home/jenter/package/work/install/yesense_interface/local/lib/python3.10/dist-packages/yesense_interface/msg/_vel.py\n'}
[33.248726] (yesense_interface) StdoutLine: {'line': b'-- Installing: /home/jenter/package/work/install/yesense_interface/local/lib/python3.10/dist-packages/yesense_interface/msg/_tid.py\n'}
[33.248871] (yesense_interface) StdoutLine: {'line': b'-- Installing: /home/jenter/package/work/install/yesense_interface/local/lib/python3.10/dist-packages/yesense_interface/msg/_nav_status_s.c\n'}
[33.249011] (yesense_interface) StdoutLine: {'line': b'-- Installing: /home/jenter/package/work/install/yesense_interface/local/lib/python3.10/dist-packages/yesense_interface/msg/_tid_s.c\n'}
[33.249150] (yesense_interface) StdoutLine: {'line': b'-- Installing: /home/jenter/package/work/install/yesense_interface/local/lib/python3.10/dist-packages/yesense_interface/msg/_pos_only_s.c\n'}
[33.249290] (yesense_interface) StdoutLine: {'line': b'-- Installing: /home/jenter/package/work/install/yesense_interface/local/lib/python3.10/dist-packages/yesense_interface/msg/_nav_min_s.c\n'}
[33.249429] (yesense_interface) StdoutLine: {'line': b'-- Installing: /home/jenter/package/work/install/yesense_interface/local/lib/python3.10/dist-packages/yesense_interface/msg/_imu_data_s.c\n'}
[33.249572] (yesense_interface) StdoutLine: {'line': b'-- Installing: /home/jenter/package/work/install/yesense_interface/local/lib/python3.10/dist-packages/yesense_interface/msg/_nav_status.py\n'}
[33.249715] (yesense_interface) StdoutLine: {'line': b'-- Installing: /home/jenter/package/work/install/yesense_interface/local/lib/python3.10/dist-packages/yesense_interface/msg/_euler_only.py\n'}
[33.249859] (yesense_interface) StdoutLine: {'line': b'-- Installing: /home/jenter/package/work/install/yesense_interface/local/lib/python3.10/dist-packages/yesense_interface/msg/_euler_angle.py\n'}
[33.250004] (yesense_interface) StdoutLine: {'line': b'-- Installing: /home/jenter/package/work/install/yesense_interface/local/lib/python3.10/dist-packages/yesense_interface/msg/_nav_min.py\n'}
[33.250154] (yesense_interface) StdoutLine: {'line': b'-- Installing: /home/jenter/package/work/install/yesense_interface/local/lib/python3.10/dist-packages/yesense_interface/msg/_pos_only.py\n'}
[33.250315] (yesense_interface) StdoutLine: {'line': b'-- Installing: /home/jenter/package/work/install/yesense_interface/local/lib/python3.10/dist-packages/yesense_interface/msg/_nav_min_utc.py\n'}
[33.250460] (yesense_interface) StdoutLine: {'line': b'-- Installing: /home/jenter/package/work/install/yesense_interface/local/lib/python3.10/dist-packages/yesense_interface/msg/_nav_all_s.c\n'}
[33.250597] (yesense_interface) StdoutLine: {'line': b'-- Installing: /home/jenter/package/work/install/yesense_interface/local/lib/python3.10/dist-packages/yesense_interface/msg/_imu_data_ten_axis.py\n'}
[33.250752] (yesense_interface) StdoutLine: {'line': b'-- Installing: /home/jenter/package/work/install/yesense_interface/local/lib/python3.10/dist-packages/yesense_interface/msg/__init__.py\n'}
[33.250890] (yesense_interface) StdoutLine: {'line': b'-- Installing: /home/jenter/package/work/install/yesense_interface/local/lib/python3.10/dist-packages/yesense_interface/msg/_quat.py\n'}
[33.251026] (yesense_interface) StdoutLine: {'line': b'-- Installing: /home/jenter/package/work/install/yesense_interface/local/lib/python3.10/dist-packages/yesense_interface/msg/_imu_data.py\n'}
[33.251181] (yesense_interface) StdoutLine: {'line': b'-- Installing: /home/jenter/package/work/install/yesense_interface/local/lib/python3.10/dist-packages/yesense_interface/msg/_attitude_min_ahrs.py\n'}
[33.251500] (yesense_interface) StdoutLine: {'line': b'-- Installing: /home/jenter/package/work/install/yesense_interface/local/lib/python3.10/dist-packages/yesense_interface/msg/_robot_lord.py\n'}
[33.251662] (yesense_interface) StdoutLine: {'line': b'-- Installing: /home/jenter/package/work/install/yesense_interface/local/lib/python3.10/dist-packages/yesense_interface/msg/_utc.py\n'}
[33.251826] (yesense_interface) StdoutLine: {'line': b'-- Installing: /home/jenter/package/work/install/yesense_interface/local/lib/python3.10/dist-packages/yesense_interface/msg/_vel_s.c\n'}
[33.251971] (yesense_interface) StdoutLine: {'line': b'-- Installing: /home/jenter/package/work/install/yesense_interface/local/lib/python3.10/dist-packages/yesense_interface/msg/_attitude_all_data.py\n'}
[33.252126] (yesense_interface) StdoutLine: {'line': b'-- Installing: /home/jenter/package/work/install/yesense_interface/local/lib/python3.10/dist-packages/yesense_interface/msg/_pressure_s.c\n'}
[33.252274] (yesense_interface) StdoutLine: {'line': b'-- Installing: /home/jenter/package/work/install/yesense_interface/local/lib/python3.10/dist-packages/yesense_interface/msg/_utc_s.c\n'}
[33.252426] (yesense_interface) StdoutLine: {'line': b'-- Installing: /home/jenter/package/work/install/yesense_interface/local/lib/python3.10/dist-packages/yesense_interface/msg/_euler_only_s.c\n'}
[33.252581] (yesense_interface) StdoutLine: {'line': b'-- Installing: /home/jenter/package/work/install/yesense_interface/local/lib/python3.10/dist-packages/yesense_interface/msg/_attitude_min_vru.py\n'}
[33.252737] (yesense_interface) StdoutLine: {'line': b'-- Installing: /home/jenter/package/work/install/yesense_interface/local/lib/python3.10/dist-packages/yesense_interface/msg/_attitude_min_ahrs_s.c\n'}
[33.252886] (yesense_interface) StdoutLine: {'line': b'-- Installing: /home/jenter/package/work/install/yesense_interface/local/lib/python3.10/dist-packages/yesense_interface/msg/_sample_timestamp.py\n'}
[33.253053] (yesense_interface) StdoutLine: {'line': b'-- Installing: /home/jenter/package/work/install/yesense_interface/local/lib/python3.10/dist-packages/yesense_interface/msg/_imu_data_ten_axis_s.c\n'}
[33.253197] (yesense_interface) StdoutLine: {'line': b'-- Installing: /home/jenter/package/work/install/yesense_interface/local/lib/python3.10/dist-packages/yesense_interface/msg/_robot_lord_s.c\n'}
[33.253349] (yesense_interface) StdoutLine: {'line': b'-- Installing: /home/jenter/package/work/install/yesense_interface/local/lib/python3.10/dist-packages/yesense_interface/msg/_attitude_min_vru_s.c\n'}
[33.253504] (yesense_interface) StdoutLine: {'line': b'-- Installing: /home/jenter/package/work/install/yesense_interface/local/lib/python3.10/dist-packages/yesense_interface/msg/_euler_angle_s.c\n'}
[33.253658] (yesense_interface) StdoutLine: {'line': b'-- Installing: /home/jenter/package/work/install/yesense_interface/local/lib/python3.10/dist-packages/yesense_interface/msg/_pressure.py\n'}
[33.253818] (yesense_interface) StdoutLine: {'line': b'-- Installing: /home/jenter/package/work/install/yesense_interface/local/lib/python3.10/dist-packages/yesense_interface/msg/_sensor_temp.py\n'}
[33.253972] (yesense_interface) StdoutLine: {'line': b'-- Installing: /home/jenter/package/work/install/yesense_interface/local/lib/python3.10/dist-packages/yesense_interface/msg/_gnss_pos_s.c\n'}
[33.254125] (yesense_interface) StdoutLine: {'line': b'-- Installing: /home/jenter/package/work/install/yesense_interface/local/lib/python3.10/dist-packages/yesense_interface/msg/_quat_s.c\n'}
[33.254278] (yesense_interface) StdoutLine: {'line': b'-- Installing: /home/jenter/package/work/install/yesense_interface/local/lib/python3.10/dist-packages/yesense_interface/msg/_nav_min_utc_s.c\n'}
[33.254437] (yesense_interface) StdoutLine: {'line': b'-- Installing: /home/jenter/package/work/install/yesense_interface/local/lib/python3.10/dist-packages/yesense_interface/yesense_interface_s__rosidl_typesupport_c.cpython-310-x86_64-linux-gnu.so\n'}
[33.254705] (yesense_interface) StdoutLine: {'line': b'-- Installing: /home/jenter/package/work/install/yesense_interface/local/lib/python3.10/dist-packages/yesense_interface/_yesense_interface_s.ep.rosidl_typesupport_c.c\n'}
[33.255031] (yesense_interface) StdoutLine: {'line': b'-- Installing: /home/jenter/package/work/install/yesense_interface/local/lib/python3.10/dist-packages/yesense_interface/__init__.py\n'}
[33.255179] (yesense_interface) StdoutLine: {'line': b'-- Installing: /home/jenter/package/work/install/yesense_interface/local/lib/python3.10/dist-packages/yesense_interface/_yesense_interface_s.ep.rosidl_typesupport_introspection_c.c\n'}
[33.255509] (yesense_interface) StdoutLine: {'line': b'-- Installing: /home/jenter/package/work/install/yesense_interface/local/lib/python3.10/dist-packages/yesense_interface/yesense_interface_s__rosidl_typesupport_fastrtps_c.cpython-310-x86_64-linux-gnu.so\n'}
[33.255772] (yesense_interface) StdoutLine: {'line': b'-- Installing: /home/jenter/package/work/install/yesense_interface/local/lib/python3.10/dist-packages/yesense_interface/_yesense_interface_s.ep.rosidl_typesupport_fastrtps_c.c\n'}
[33.256106] (yesense_interface) StdoutLine: {'line': b'-- Installing: /home/jenter/package/work/install/yesense_interface/local/lib/python3.10/dist-packages/yesense_interface/yesense_interface_s__rosidl_typesupport_introspection_c.cpython-310-x86_64-linux-gnu.so\n'}
[33.261833] (-) TimerEvent: {}
[33.331147] (yesense_interface) StdoutLine: {'line': b"Listing '/home/jenter/package/work/install/yesense_interface/local/lib/python3.10/dist-packages/yesense_interface'...\n"}
[33.331397] (yesense_interface) StdoutLine: {'line': b"Compiling '/home/jenter/package/work/install/yesense_interface/local/lib/python3.10/dist-packages/yesense_interface/__init__.py'...\n"}
[33.331512] (yesense_interface) StdoutLine: {'line': b"Listing '/home/jenter/package/work/install/yesense_interface/local/lib/python3.10/dist-packages/yesense_interface/msg'...\n"}
[33.331609] (yesense_interface) StdoutLine: {'line': b"Compiling '/home/jenter/package/work/install/yesense_interface/local/lib/python3.10/dist-packages/yesense_interface/msg/__init__.py'...\n"}
[33.331703] (yesense_interface) StdoutLine: {'line': b"Compiling '/home/jenter/package/work/install/yesense_interface/local/lib/python3.10/dist-packages/yesense_interface/msg/_attitude_all_data.py'...\n"}
[33.331795] (yesense_interface) StdoutLine: {'line': b"Compiling '/home/jenter/package/work/install/yesense_interface/local/lib/python3.10/dist-packages/yesense_interface/msg/_attitude_min_ahrs.py'...\n"}
[33.331886] (yesense_interface) StdoutLine: {'line': b"Compiling '/home/jenter/package/work/install/yesense_interface/local/lib/python3.10/dist-packages/yesense_interface/msg/_attitude_min_vru.py'...\n"}
[33.331977] (yesense_interface) StdoutLine: {'line': b"Compiling '/home/jenter/package/work/install/yesense_interface/local/lib/python3.10/dist-packages/yesense_interface/msg/_euler_angle.py'...\n"}
[33.332068] (yesense_interface) StdoutLine: {'line': b"Compiling '/home/jenter/package/work/install/yesense_interface/local/lib/python3.10/dist-packages/yesense_interface/msg/_euler_only.py'...\n"}
[33.332159] (yesense_interface) StdoutLine: {'line': b"Compiling '/home/jenter/package/work/install/yesense_interface/local/lib/python3.10/dist-packages/yesense_interface/msg/_gnss_pos.py'...\n"}
[33.332284] (yesense_interface) StdoutLine: {'line': b"Compiling '/home/jenter/package/work/install/yesense_interface/local/lib/python3.10/dist-packages/yesense_interface/msg/_imu_data.py'...\n"}
[33.332391] (yesense_interface) StdoutLine: {'line': b"Compiling '/home/jenter/package/work/install/yesense_interface/local/lib/python3.10/dist-packages/yesense_interface/msg/_imu_data_ten_axis.py'...\n"}
[33.332482] (yesense_interface) StdoutLine: {'line': b"Compiling '/home/jenter/package/work/install/yesense_interface/local/lib/python3.10/dist-packages/yesense_interface/msg/_nav_all.py'...\n"}
[33.332574] (yesense_interface) StdoutLine: {'line': b"Compiling '/home/jenter/package/work/install/yesense_interface/local/lib/python3.10/dist-packages/yesense_interface/msg/_nav_min.py'...\n"}
[33.332666] (yesense_interface) StdoutLine: {'line': b"Compiling '/home/jenter/package/work/install/yesense_interface/local/lib/python3.10/dist-packages/yesense_interface/msg/_nav_min_utc.py'...\n"}
[33.332759] (yesense_interface) StdoutLine: {'line': b"Compiling '/home/jenter/package/work/install/yesense_interface/local/lib/python3.10/dist-packages/yesense_interface/msg/_nav_status.py'...\n"}
[33.332853] (yesense_interface) StdoutLine: {'line': b"Compiling '/home/jenter/package/work/install/yesense_interface/local/lib/python3.10/dist-packages/yesense_interface/msg/_pos_only.py'...\n"}
[33.332946] (yesense_interface) StdoutLine: {'line': b"Compiling '/home/jenter/package/work/install/yesense_interface/local/lib/python3.10/dist-packages/yesense_interface/msg/_pressure.py'...\n"}
[33.333038] (yesense_interface) StdoutLine: {'line': b"Compiling '/home/jenter/package/work/install/yesense_interface/local/lib/python3.10/dist-packages/yesense_interface/msg/_quat.py'...\n"}
[33.333129] (yesense_interface) StdoutLine: {'line': b"Compiling '/home/jenter/package/work/install/yesense_interface/local/lib/python3.10/dist-packages/yesense_interface/msg/_robot_lord.py'...\n"}
[33.333222] (yesense_interface) StdoutLine: {'line': b"Compiling '/home/jenter/package/work/install/yesense_interface/local/lib/python3.10/dist-packages/yesense_interface/msg/_sample_timestamp.py'...\n"}
[33.333316] (yesense_interface) StdoutLine: {'line': b"Compiling '/home/jenter/package/work/install/yesense_interface/local/lib/python3.10/dist-packages/yesense_interface/msg/_sensor_temp.py'...\n"}
[33.333408] (yesense_interface) StdoutLine: {'line': b"Compiling '/home/jenter/package/work/install/yesense_interface/local/lib/python3.10/dist-packages/yesense_interface/msg/_three_axis.py'...\n"}
[33.333500] (yesense_interface) StdoutLine: {'line': b"Compiling '/home/jenter/package/work/install/yesense_interface/local/lib/python3.10/dist-packages/yesense_interface/msg/_tid.py'...\n"}
[33.333592] (yesense_interface) StdoutLine: {'line': b"Compiling '/home/jenter/package/work/install/yesense_interface/local/lib/python3.10/dist-packages/yesense_interface/msg/_utc.py'...\n"}
[33.333687] (yesense_interface) StdoutLine: {'line': b"Compiling '/home/jenter/package/work/install/yesense_interface/local/lib/python3.10/dist-packages/yesense_interface/msg/_vel.py'...\n"}
[33.338918] (yesense_interface) StdoutLine: {'line': b'-- Installing: /home/jenter/package/work/install/yesense_interface/local/lib/python3.10/dist-packages/yesense_interface/yesense_interface_s__rosidl_typesupport_fastrtps_c.cpython-310-x86_64-linux-gnu.so\n'}
[33.339509] (yesense_interface) StdoutLine: {'line': b'-- Set runtime path of "/home/jenter/package/work/install/yesense_interface/local/lib/python3.10/dist-packages/yesense_interface/yesense_interface_s__rosidl_typesupport_fastrtps_c.cpython-310-x86_64-linux-gnu.so" to ""\n'}
[33.339779] (yesense_interface) StdoutLine: {'line': b'-- Installing: /home/jenter/package/work/install/yesense_interface/local/lib/python3.10/dist-packages/yesense_interface/yesense_interface_s__rosidl_typesupport_introspection_c.cpython-310-x86_64-linux-gnu.so\n'}
[33.340334] (yesense_interface) StdoutLine: {'line': b'-- Set runtime path of "/home/jenter/package/work/install/yesense_interface/local/lib/python3.10/dist-packages/yesense_interface/yesense_interface_s__rosidl_typesupport_introspection_c.cpython-310-x86_64-linux-gnu.so" to ""\n'}
[33.340589] (yesense_interface) StdoutLine: {'line': b'-- Installing: /home/jenter/package/work/install/yesense_interface/local/lib/python3.10/dist-packages/yesense_interface/yesense_interface_s__rosidl_typesupport_c.cpython-310-x86_64-linux-gnu.so\n'}
[33.341038] (yesense_interface) StdoutLine: {'line': b'-- Set runtime path of "/home/jenter/package/work/install/yesense_interface/local/lib/python3.10/dist-packages/yesense_interface/yesense_interface_s__rosidl_typesupport_c.cpython-310-x86_64-linux-gnu.so" to ""\n'}
[33.341292] (yesense_interface) StdoutLine: {'line': b'-- Installing: /home/jenter/package/work/install/yesense_interface/lib/libyesense_interface__rosidl_generator_py.so\n'}
[33.341753] (yesense_interface) StdoutLine: {'line': b'-- Set runtime path of "/home/jenter/package/work/install/yesense_interface/lib/libyesense_interface__rosidl_generator_py.so" to ""\n'}
[33.341935] (yesense_interface) StdoutLine: {'line': b'-- Installing: /home/jenter/package/work/install/yesense_interface/share/yesense_interface/msg/Tid.idl\n'}
[33.342064] (yesense_interface) StdoutLine: {'line': b'-- Installing: /home/jenter/package/work/install/yesense_interface/share/yesense_interface/msg/ThreeAxis.idl\n'}
[33.342330] (yesense_interface) StdoutLine: {'line': b'-- Installing: /home/jenter/package/work/install/yesense_interface/share/yesense_interface/msg/SensorTemp.idl\n'}
[33.342516] (yesense_interface) StdoutLine: {'line': b'-- Installing: /home/jenter/package/work/install/yesense_interface/share/yesense_interface/msg/Pressure.idl\n'}
[33.342731] (yesense_interface) StdoutLine: {'line': b'-- Installing: /home/jenter/package/work/install/yesense_interface/share/yesense_interface/msg/EulerAngle.idl\n'}
[33.342929] (yesense_interface) StdoutLine: {'line': b'-- Installing: /home/jenter/package/work/install/yesense_interface/share/yesense_interface/msg/Quat.idl\n'}
[33.343116] (yesense_interface) StdoutLine: {'line': b'-- Installing: /home/jenter/package/work/install/yesense_interface/share/yesense_interface/msg/GnssPos.idl\n'}
[33.343293] (yesense_interface) StdoutLine: {'line': b'-- Installing: /home/jenter/package/work/install/yesense_interface/share/yesense_interface/msg/NavStatus.idl\n'}
[33.343559] (yesense_interface) StdoutLine: {'line': b'-- Installing: /home/jenter/package/work/install/yesense_interface/share/yesense_interface/msg/Vel.idl\n'}
[33.343757] (yesense_interface) StdoutLine: {'line': b'-- Installing: /home/jenter/package/work/install/yesense_interface/share/yesense_interface/msg/Utc.idl\n'}
[33.343942] (yesense_interface) StdoutLine: {'line': b'-- Installing: /home/jenter/package/work/install/yesense_interface/share/yesense_interface/msg/SampleTimestamp.idl\n'}
[33.344147] (yesense_interface) StdoutLine: {'line': b'-- Installing: /home/jenter/package/work/install/yesense_interface/share/yesense_interface/msg/ImuData.idl\n'}
[33.344356] (yesense_interface) StdoutLine: {'line': b'-- Installing: /home/jenter/package/work/install/yesense_interface/share/yesense_interface/msg/ImuDataTenAxis.idl\n'}
[33.344553] (yesense_interface) StdoutLine: {'line': b'-- Installing: /home/jenter/package/work/install/yesense_interface/share/yesense_interface/msg/EulerOnly.idl\n'}
[33.344764] (yesense_interface) StdoutLine: {'line': b'-- Installing: /home/jenter/package/work/install/yesense_interface/share/yesense_interface/msg/RobotLord.idl\n'}
[33.344966] (yesense_interface) StdoutLine: {'line': b'-- Installing: /home/jenter/package/work/install/yesense_interface/share/yesense_interface/msg/AttitudeMinVru.idl\n'}
[33.345177] (yesense_interface) StdoutLine: {'line': b'-- Installing: /home/jenter/package/work/install/yesense_interface/share/yesense_interface/msg/AttitudeMinAhrs.idl\n'}
[33.345387] (yesense_interface) StdoutLine: {'line': b'-- Installing: /home/jenter/package/work/install/yesense_interface/share/yesense_interface/msg/AttitudeAllData.idl\n'}
[33.345612] (yesense_interface) StdoutLine: {'line': b'-- Installing: /home/jenter/package/work/install/yesense_interface/share/yesense_interface/msg/PosOnly.idl\n'}
[33.345821] (yesense_interface) StdoutLine: {'line': b'-- Installing: /home/jenter/package/work/install/yesense_interface/share/yesense_interface/msg/NavMin.idl\n'}
[33.346048] (yesense_interface) StdoutLine: {'line': b'-- Installing: /home/jenter/package/work/install/yesense_interface/share/yesense_interface/msg/NavMinUtc.idl\n'}
[33.346252] (yesense_interface) StdoutLine: {'line': b'-- Installing: /home/jenter/package/work/install/yesense_interface/share/yesense_interface/msg/NavAll.idl\n'}
[33.346478] (yesense_interface) StdoutLine: {'line': b'-- Installing: /home/jenter/package/work/install/yesense_interface/share/yesense_interface/msg/Tid.msg\n'}
[33.346690] (yesense_interface) StdoutLine: {'line': b'-- Installing: /home/jenter/package/work/install/yesense_interface/share/yesense_interface/msg/ThreeAxis.msg\n'}
[33.346913] (yesense_interface) StdoutLine: {'line': b'-- Installing: /home/jenter/package/work/install/yesense_interface/share/yesense_interface/msg/SensorTemp.msg\n'}
[33.347132] (yesense_interface) StdoutLine: {'line': b'-- Installing: /home/jenter/package/work/install/yesense_interface/share/yesense_interface/msg/Pressure.msg\n'}
[33.347374] (yesense_interface) StdoutLine: {'line': b'-- Installing: /home/jenter/package/work/install/yesense_interface/share/yesense_interface/msg/EulerAngle.msg\n'}
[33.347586] (yesense_interface) StdoutLine: {'line': b'-- Installing: /home/jenter/package/work/install/yesense_interface/share/yesense_interface/msg/Quat.msg\n'}
[33.347808] (yesense_interface) StdoutLine: {'line': b'-- Installing: /home/jenter/package/work/install/yesense_interface/share/yesense_interface/msg/GnssPos.msg\n'}
[33.348018] (yesense_interface) StdoutLine: {'line': b'-- Installing: /home/jenter/package/work/install/yesense_interface/share/yesense_interface/msg/NavStatus.msg\n'}
[33.348240] (yesense_interface) StdoutLine: {'line': b'-- Installing: /home/jenter/package/work/install/yesense_interface/share/yesense_interface/msg/Vel.msg\n'}
[33.348445] (yesense_interface) StdoutLine: {'line': b'-- Installing: /home/jenter/package/work/install/yesense_interface/share/yesense_interface/msg/Utc.msg\n'}
[33.348669] (yesense_interface) StdoutLine: {'line': b'-- Installing: /home/jenter/package/work/install/yesense_interface/share/yesense_interface/msg/SampleTimestamp.msg\n'}
[33.348876] (yesense_interface) StdoutLine: {'line': b'-- Installing: /home/jenter/package/work/install/yesense_interface/share/yesense_interface/msg/ImuData.msg\n'}
[33.349098] (yesense_interface) StdoutLine: {'line': b'-- Installing: /home/jenter/package/work/install/yesense_interface/share/yesense_interface/msg/ImuDataTenAxis.msg\n'}
[33.349306] (yesense_interface) StdoutLine: {'line': b'-- Installing: /home/jenter/package/work/install/yesense_interface/share/yesense_interface/msg/EulerOnly.msg\n'}
[33.349532] (yesense_interface) StdoutLine: {'line': b'-- Installing: /home/jenter/package/work/install/yesense_interface/share/yesense_interface/msg/RobotLord.msg\n'}
[33.349738] (yesense_interface) StdoutLine: {'line': b'-- Installing: /home/jenter/package/work/install/yesense_interface/share/yesense_interface/msg/AttitudeMinVru.msg\n'}
[33.349965] (yesense_interface) StdoutLine: {'line': b'-- Installing: /home/jenter/package/work/install/yesense_interface/share/yesense_interface/msg/AttitudeMinAhrs.msg\n'}
[33.350175] (yesense_interface) StdoutLine: {'line': b'-- Installing: /home/jenter/package/work/install/yesense_interface/share/yesense_interface/msg/AttitudeAllData.msg\n'}
[33.350398] (yesense_interface) StdoutLine: {'line': b'-- Installing: /home/jenter/package/work/install/yesense_interface/share/yesense_interface/msg/PosOnly.msg\n'}
[33.350611] (yesense_interface) StdoutLine: {'line': b'-- Installing: /home/jenter/package/work/install/yesense_interface/share/yesense_interface/msg/NavMin.msg\n'}
[33.350833] (yesense_interface) StdoutLine: {'line': b'-- Installing: /home/jenter/package/work/install/yesense_interface/share/yesense_interface/msg/NavMinUtc.msg\n'}
[33.351040] (yesense_interface) StdoutLine: {'line': b'-- Installing: /home/jenter/package/work/install/yesense_interface/share/yesense_interface/msg/NavAll.msg\n'}
[33.351346] (yesense_interface) StdoutLine: {'line': b'-- Installing: /home/jenter/package/work/install/yesense_interface/share/ament_index/resource_index/package_run_dependencies/yesense_interface\n'}
[33.351618] (yesense_interface) StdoutLine: {'line': b'-- Installing: /home/jenter/package/work/install/yesense_interface/share/ament_index/resource_index/parent_prefix_path/yesense_interface\n'}
[33.351861] (yesense_interface) StdoutLine: {'line': b'-- Installing: /home/jenter/package/work/install/yesense_interface/share/yesense_interface/environment/ament_prefix_path.sh\n'}
[33.352075] (yesense_interface) StdoutLine: {'line': b'-- Installing: /home/jenter/package/work/install/yesense_interface/share/yesense_interface/environment/ament_prefix_path.dsv\n'}
[33.352304] (yesense_interface) StdoutLine: {'line': b'-- Installing: /home/jenter/package/work/install/yesense_interface/share/yesense_interface/environment/path.sh\n'}
[33.352509] (yesense_interface) StdoutLine: {'line': b'-- Installing: /home/jenter/package/work/install/yesense_interface/share/yesense_interface/environment/path.dsv\n'}
[33.352738] (yesense_interface) StdoutLine: {'line': b'-- Installing: /home/jenter/package/work/install/yesense_interface/share/yesense_interface/local_setup.bash\n'}
[33.352948] (yesense_interface) StdoutLine: {'line': b'-- Installing: /home/jenter/package/work/install/yesense_interface/share/yesense_interface/local_setup.sh\n'}
[33.353180] (yesense_interface) StdoutLine: {'line': b'-- Installing: /home/jenter/package/work/install/yesense_interface/share/yesense_interface/local_setup.zsh\n'}
[33.353396] (yesense_interface) StdoutLine: {'line': b'-- Installing: /home/jenter/package/work/install/yesense_interface/share/yesense_interface/local_setup.dsv\n'}
[33.353616] (yesense_interface) StdoutLine: {'line': b'-- Installing: /home/jenter/package/work/install/yesense_interface/share/yesense_interface/package.dsv\n'}
[33.353886] (yesense_interface) StdoutLine: {'line': b'-- Installing: /home/jenter/package/work/install/yesense_interface/share/ament_index/resource_index/packages/yesense_interface\n'}
[33.354185] (yesense_interface) StdoutLine: {'line': b'-- Installing: /home/jenter/package/work/install/yesense_interface/share/yesense_interface/cmake/export_yesense_interface__rosidl_generator_cExport.cmake\n'}
[33.354422] (yesense_interface) StdoutLine: {'line': b'-- Installing: /home/jenter/package/work/install/yesense_interface/share/yesense_interface/cmake/export_yesense_interface__rosidl_generator_cExport-noconfig.cmake\n'}
[33.354684] (yesense_interface) StdoutLine: {'line': b'-- Installing: /home/jenter/package/work/install/yesense_interface/share/yesense_interface/cmake/export_yesense_interface__rosidl_typesupport_fastrtps_cExport.cmake\n'}
[33.354925] (yesense_interface) StdoutLine: {'line': b'-- Installing: /home/jenter/package/work/install/yesense_interface/share/yesense_interface/cmake/export_yesense_interface__rosidl_typesupport_fastrtps_cExport-noconfig.cmake\n'}
[33.355182] (yesense_interface) StdoutLine: {'line': b'-- Installing: /home/jenter/package/work/install/yesense_interface/share/yesense_interface/cmake/yesense_interface__rosidl_typesupport_introspection_cExport.cmake\n'}
[33.355439] (yesense_interface) StdoutLine: {'line': b'-- Installing: /home/jenter/package/work/install/yesense_interface/share/yesense_interface/cmake/yesense_interface__rosidl_typesupport_introspection_cExport-noconfig.cmake\n'}
[33.355698] (yesense_interface) StdoutLine: {'line': b'-- Installing: /home/jenter/package/work/install/yesense_interface/share/yesense_interface/cmake/yesense_interface__rosidl_typesupport_cExport.cmake\n'}
[33.355927] (yesense_interface) StdoutLine: {'line': b'-- Installing: /home/jenter/package/work/install/yesense_interface/share/yesense_interface/cmake/yesense_interface__rosidl_typesupport_cExport-noconfig.cmake\n'}
[33.356182] (yesense_interface) StdoutLine: {'line': b'-- Installing: /home/jenter/package/work/install/yesense_interface/share/yesense_interface/cmake/export_yesense_interface__rosidl_generator_cppExport.cmake\n'}
[33.356423] (yesense_interface) StdoutLine: {'line': b'-- Installing: /home/jenter/package/work/install/yesense_interface/share/yesense_interface/cmake/export_yesense_interface__rosidl_typesupport_fastrtps_cppExport.cmake\n'}
[33.356666] (yesense_interface) StdoutLine: {'line': b'-- Installing: /home/jenter/package/work/install/yesense_interface/share/yesense_interface/cmake/export_yesense_interface__rosidl_typesupport_fastrtps_cppExport-noconfig.cmake\n'}
[33.356906] (yesense_interface) StdoutLine: {'line': b'-- Installing: /home/jenter/package/work/install/yesense_interface/share/yesense_interface/cmake/yesense_interface__rosidl_typesupport_introspection_cppExport.cmake\n'}
[33.357149] (yesense_interface) StdoutLine: {'line': b'-- Installing: /home/jenter/package/work/install/yesense_interface/share/yesense_interface/cmake/yesense_interface__rosidl_typesupport_introspection_cppExport-noconfig.cmake\n'}
[33.357402] (yesense_interface) StdoutLine: {'line': b'-- Installing: /home/jenter/package/work/install/yesense_interface/share/yesense_interface/cmake/yesense_interface__rosidl_typesupport_cppExport.cmake\n'}
[33.357654] (yesense_interface) StdoutLine: {'line': b'-- Installing: /home/jenter/package/work/install/yesense_interface/share/yesense_interface/cmake/yesense_interface__rosidl_typesupport_cppExport-noconfig.cmake\n'}
[33.357892] (yesense_interface) StdoutLine: {'line': b'-- Installing: /home/jenter/package/work/install/yesense_interface/share/yesense_interface/cmake/export_yesense_interface__rosidl_generator_pyExport.cmake\n'}
[33.358136] (yesense_interface) StdoutLine: {'line': b'-- Installing: /home/jenter/package/work/install/yesense_interface/share/yesense_interface/cmake/export_yesense_interface__rosidl_generator_pyExport-noconfig.cmake\n'}
[33.358359] (yesense_interface) StdoutLine: {'line': b'-- Installing: /home/jenter/package/work/install/yesense_interface/share/yesense_interface/cmake/rosidl_cmake-extras.cmake\n'}
[33.358609] (yesense_interface) StdoutLine: {'line': b'-- Installing: /home/jenter/package/work/install/yesense_interface/share/yesense_interface/cmake/ament_cmake_export_include_directories-extras.cmake\n'}
[33.358831] (yesense_interface) StdoutLine: {'line': b'-- Installing: /home/jenter/package/work/install/yesense_interface/share/yesense_interface/cmake/ament_cmake_export_libraries-extras.cmake\n'}
[33.359073] (yesense_interface) StdoutLine: {'line': b'-- Installing: /home/jenter/package/work/install/yesense_interface/share/yesense_interface/cmake/ament_cmake_export_targets-extras.cmake\n'}
[33.359354] (yesense_interface) StdoutLine: {'line': b'-- Installing: /home/jenter/package/work/install/yesense_interface/share/yesense_interface/cmake/rosidl_cmake_export_typesupport_targets-extras.cmake\n'}
[33.359596] (yesense_interface) StdoutLine: {'line': b'-- Installing: /home/jenter/package/work/install/yesense_interface/share/yesense_interface/cmake/ament_cmake_export_dependencies-extras.cmake\n'}
[33.359828] (yesense_interface) StdoutLine: {'line': b'-- Installing: /home/jenter/package/work/install/yesense_interface/share/yesense_interface/cmake/rosidl_cmake_export_typesupport_libraries-extras.cmake\n'}
[33.360072] (yesense_interface) StdoutLine: {'line': b'-- Installing: /home/jenter/package/work/install/yesense_interface/share/yesense_interface/cmake/yesense_interfaceConfig.cmake\n'}
[33.360229] (yesense_interface) StdoutLine: {'line': b'-- Installing: /home/jenter/package/work/install/yesense_interface/share/yesense_interface/cmake/yesense_interfaceConfig-version.cmake\n'}
[33.360435] (yesense_interface) StdoutLine: {'line': b'-- Installing: /home/jenter/package/work/install/yesense_interface/share/yesense_interface/package.xml\n'}
[33.361913] (-) TimerEvent: {}
[33.363601] (yesense_interface) CommandEnded: {'returncode': 0}
[33.391690] (yesense_interface) JobEnded: {'identifier': 'yesense_interface', 'rc': 0}
[33.392521] (-) EventReactorShutdown: {}
