[0.000000] (-) TimerEvent: {}
[0.000165] (-) JobUnselected: {'identifier': 'bluesea2'}
[0.000333] (-) JobUnselected: {'identifier': 'serial'}
[0.000374] (-) JobUnselected: {'identifier': 'yesense_interface'}
[0.000402] (-) JobUnselected: {'identifier': 'yesense_std_ros2'}
[0.000428] (-) JobUnselected: {'identifier': 'yhs_can_control'}
[0.000457] (yhs_can_interfaces) JobQueued: {'identifier': 'yhs_can_interfaces', 'dependencies': OrderedDict()}
[0.000563] (yhs_can_interfaces) JobStarted: {'identifier': 'yhs_can_interfaces'}
[0.010041] (yhs_can_interfaces) JobProgress: {'identifier': 'yhs_can_interfaces', 'progress': 'cmake'}
[0.011474] (yhs_can_interfaces) JobProgress: {'identifier': 'yhs_can_interfaces', 'progress': 'build'}
[0.011563] (yhs_can_interfaces) Command: {'cmd': ['/usr/bin/cmake', '--build', '/home/jenter/package/work/build/yhs_can_interfaces', '--', '-j4', '-l4'], 'cwd': '/home/jenter/package/work/build/yhs_can_interfaces', 'env': OrderedDict([('LESSOPEN', '| /usr/bin/lesspipe %s'), ('USER', 'jenter'), ('SSH_CLIENT', '192.168.0.4 53959 22'), ('LC_TIME', 'zh_CN.UTF-8'), ('XDG_SESSION_TYPE', 'tty'), ('SHLVL', '1'), ('LD_LIBRARY_PATH', '/opt/ros/humble/opt/rviz_ogre_vendor/lib:/opt/ros/humble/lib/x86_64-linux-gnu:/opt/ros/humble/lib'), ('MOTD_SHOWN', 'pam'), ('HOME', '/home/jenter'), ('OLDPWD', '/home/jenter/package/work/src'), ('SSH_TTY', '/dev/pts/1'), ('ROS_PYTHON_VERSION', '3'), ('LC_MONETARY', 'zh_CN.UTF-8'), ('DBUS_SESSION_BUS_ADDRESS', 'unix:path=/run/user/1000/bus'), ('ROS_DISTRO', 'humble'), ('LOGNAME', 'jenter'), ('_', '/usr/bin/colcon'), ('ROS_VERSION', '2'), ('XDG_SESSION_CLASS', 'user'), ('TERM', 'vt100'), ('XDG_SESSION_ID', '5'), ('ROS_LOCALHOST_ONLY', '0'), ('PATH', '/opt/ros/humble/bin:/usr/local/sbin:/usr/local/bin:/usr/sbin:/usr/bin:/sbin:/bin:/usr/games:/usr/local/games:/snap/bin'), ('LC_ADDRESS', 'zh_CN.UTF-8'), ('XDG_RUNTIME_DIR', '/run/user/1000'), ('LANG', 'en_US.UTF-8'), ('LC_TELEPHONE', 'zh_CN.UTF-8'), ('LS_COLORS', 'rs=0:di=01;34:ln=01;36:mh=00:pi=40;33:so=01;35:do=01;35:bd=40;33;01:cd=40;33;01:or=40;31;01:mi=00:su=37;41:sg=30;43:ca=30;41:tw=30;42:ow=34;42:st=37;44:ex=01;32:*.tar=01;31:*.tgz=01;31:*.arc=01;31:*.arj=01;31:*.taz=01;31:*.lha=01;31:*.lz4=01;31:*.lzh=01;31:*.lzma=01;31:*.tlz=01;31:*.txz=01;31:*.tzo=01;31:*.t7z=01;31:*.zip=01;31:*.z=01;31:*.dz=01;31:*.gz=01;31:*.lrz=01;31:*.lz=01;31:*.lzo=01;31:*.xz=01;31:*.zst=01;31:*.tzst=01;31:*.bz2=01;31:*.bz=01;31:*.tbz=01;31:*.tbz2=01;31:*.tz=01;31:*.deb=01;31:*.rpm=01;31:*.jar=01;31:*.war=01;31:*.ear=01;31:*.sar=01;31:*.rar=01;31:*.alz=01;31:*.ace=01;31:*.zoo=01;31:*.cpio=01;31:*.7z=01;31:*.rz=01;31:*.cab=01;31:*.wim=01;31:*.swm=01;31:*.dwm=01;31:*.esd=01;31:*.jpg=01;35:*.jpeg=01;35:*.mjpg=01;35:*.mjpeg=01;35:*.gif=01;35:*.bmp=01;35:*.pbm=01;35:*.pgm=01;35:*.ppm=01;35:*.tga=01;35:*.xbm=01;35:*.xpm=01;35:*.tif=01;35:*.tiff=01;35:*.png=01;35:*.svg=01;35:*.svgz=01;35:*.mng=01;35:*.pcx=01;35:*.mov=01;35:*.mpg=01;35:*.mpeg=01;35:*.m2v=01;35:*.mkv=01;35:*.webm=01;35:*.webp=01;35:*.ogm=01;35:*.mp4=01;35:*.m4v=01;35:*.mp4v=01;35:*.vob=01;35:*.qt=01;35:*.nuv=01;35:*.wmv=01;35:*.asf=01;35:*.rm=01;35:*.rmvb=01;35:*.flc=01;35:*.avi=01;35:*.fli=01;35:*.flv=01;35:*.gl=01;35:*.dl=01;35:*.xcf=01;35:*.xwd=01;35:*.yuv=01;35:*.cgm=01;35:*.emf=01;35:*.ogv=01;35:*.ogx=01;35:*.aac=00;36:*.au=00;36:*.flac=00;36:*.m4a=00;36:*.mid=00;36:*.midi=00;36:*.mka=00;36:*.mp3=00;36:*.mpc=00;36:*.ogg=00;36:*.ra=00;36:*.wav=00;36:*.oga=00;36:*.opus=00;36:*.spx=00;36:*.xspf=00;36:'), ('AMENT_PREFIX_PATH', '/opt/ros/humble'), ('SHELL', '/bin/bash'), ('LC_NAME', 'zh_CN.UTF-8'), ('LESSCLOSE', '/usr/bin/lesspipe %s %s'), ('LC_MEASUREMENT', 'zh_CN.UTF-8'), ('LC_IDENTIFICATION', 'zh_CN.UTF-8'), ('PWD', '/home/jenter/package/work/build/yhs_can_interfaces'), ('LC_ALL', 'en_US.UTF-8'), ('SSH_CONNECTION', '192.168.0.4 53959 192.168.0.26 22'), ('XDG_DATA_DIRS', '/usr/share/gnome:/usr/local/share:/usr/share:/var/lib/snapd/desktop'), ('PYTHONPATH', '/opt/ros/humble/lib/python3.10/site-packages:/opt/ros/humble/local/lib/python3.10/dist-packages'), ('LC_NUMERIC', 'zh_CN.UTF-8'), ('LC_PAPER', 'zh_CN.UTF-8'), ('COLCON', '1'), ('CMAKE_PREFIX_PATH', '/opt/ros/humble')]), 'shell': False}
[0.053784] (yhs_can_interfaces) StdoutLine: {'line': b'-- Found ament_cmake: 1.3.12 (/opt/ros/humble/share/ament_cmake/cmake)\n'}
[0.098942] (-) TimerEvent: {}
[0.199296] (-) TimerEvent: {}
[0.222559] (yhs_can_interfaces) StdoutLine: {'line': b'-- Found rosidl_default_generators: 1.2.0 (/opt/ros/humble/share/rosidl_default_generators/cmake)\n'}
[0.224532] (yhs_can_interfaces) StdoutLine: {'line': b'-- Using all available rosidl_typesupport_c: rosidl_typesupport_fastrtps_c;rosidl_typesupport_introspection_c\n'}
[0.228512] (yhs_can_interfaces) StdoutLine: {'line': b'-- Found rosidl_adapter: 3.1.7 (/opt/ros/humble/share/rosidl_adapter/cmake)\n'}
[0.268357] (yhs_can_interfaces) StdoutLine: {'line': b'-- Using all available rosidl_typesupport_cpp: rosidl_typesupport_fastrtps_cpp;rosidl_typesupport_introspection_cpp\n'}
[0.299425] (-) TimerEvent: {}
[0.302863] (yhs_can_interfaces) StdoutLine: {'line': b'-- Found std_msgs: 4.9.0 (/opt/ros/humble/share/std_msgs/cmake)\n'}
[0.399606] (-) TimerEvent: {}
[0.499978] (-) TimerEvent: {}
[0.600353] (-) TimerEvent: {}
[0.700700] (-) TimerEvent: {}
[0.801062] (-) TimerEvent: {}
[0.836830] (yhs_can_interfaces) StdoutLine: {'line': b'-- Found ament_cmake_ros: 0.10.0 (/opt/ros/humble/share/ament_cmake_ros/cmake)\n'}
[0.901213] (-) TimerEvent: {}
[1.001576] (-) TimerEvent: {}
[1.101918] (-) TimerEvent: {}
[1.134398] (yhs_can_interfaces) StdoutLine: {'line': b'-- Using all available rosidl_typesupport_c: rosidl_typesupport_fastrtps_c;rosidl_typesupport_introspection_c\n'}
[1.202070] (-) TimerEvent: {}
[1.302429] (-) TimerEvent: {}
[1.402798] (-) TimerEvent: {}
[1.503179] (-) TimerEvent: {}
[1.528484] (yhs_can_interfaces) StdoutLine: {'line': b'-- Using all available rosidl_typesupport_cpp: rosidl_typesupport_fastrtps_cpp;rosidl_typesupport_introspection_cpp\n'}
[1.558793] (yhs_can_interfaces) StdoutLine: {'line': b'-- Found python_cmake_module: 0.10.0 (/opt/ros/humble/share/python_cmake_module/cmake)\n'}
[1.588756] (yhs_can_interfaces) StdoutLine: {'line': b'-- Using PYTHON_EXECUTABLE: /usr/bin/python3\n'}
[1.588979] (yhs_can_interfaces) StdoutLine: {'line': b'-- Using PYTHON_INCLUDE_DIRS: /usr/include/python3.10\n'}
[1.589082] (yhs_can_interfaces) StdoutLine: {'line': b'-- Using PYTHON_LIBRARIES: /usr/lib/x86_64-linux-gnu/libpython3.10.so\n'}
[1.603305] (-) TimerEvent: {}
[1.628340] (yhs_can_interfaces) StdoutLine: {'line': b'-- Found ament_lint_auto: 0.12.14 (/opt/ros/humble/share/ament_lint_auto/cmake)\n'}
[1.639765] (yhs_can_interfaces) StdoutLine: {'line': b"-- Added test 'copyright' to check source files copyright and LICENSE\n"}
[1.642708] (yhs_can_interfaces) StdoutLine: {'line': b"-- Added test 'lint_cmake' to check CMake code style\n"}
[1.644253] (yhs_can_interfaces) StdoutLine: {'line': b"-- Added test 'xmllint' to check XML markup files\n"}
[1.646360] (yhs_can_interfaces) StdoutLine: {'line': b'-- Configuring done\n'}
[1.703465] (-) TimerEvent: {}
[1.734019] (yhs_can_interfaces) StdoutLine: {'line': b'-- Generating done\n'}
[1.753327] (yhs_can_interfaces) StdoutLine: {'line': b'-- Build files have been written to: /home/jenter/package/work/build/yhs_can_interfaces\n'}
[1.788630] (yhs_can_interfaces) StdoutLine: {'line': b'[  0%] \x1b[34m\x1b[1mGenerating C code for ROS interfaces\x1b[0m\n'}
[1.803615] (-) TimerEvent: {}
[1.809127] (yhs_can_interfaces) StdoutLine: {'line': b'[  0%] \x1b[34m\x1b[1mGenerating C++ code for ROS interfaces\x1b[0m\n'}
[1.828345] (yhs_can_interfaces) StdoutLine: {'line': b'[  0%] Built target ament_cmake_python_copy_yhs_can_interfaces\n'}
[1.903788] (-) TimerEvent: {}
[2.004515] (-) TimerEvent: {}
[2.105190] (-) TimerEvent: {}
[2.205927] (-) TimerEvent: {}
[2.306612] (-) TimerEvent: {}
[2.319832] (yhs_can_interfaces) StdoutLine: {'line': b'running egg_info\n'}
[2.321619] (yhs_can_interfaces) StdoutLine: {'line': b'writing yhs_can_interfaces.egg-info/PKG-INFO\n'}
[2.322138] (yhs_can_interfaces) StdoutLine: {'line': b'writing dependency_links to yhs_can_interfaces.egg-info/dependency_links.txt\n'}
[2.322632] (yhs_can_interfaces) StdoutLine: {'line': b'writing top-level names to yhs_can_interfaces.egg-info/top_level.txt\n'}
[2.327775] (yhs_can_interfaces) StdoutLine: {'line': b"reading manifest file 'yhs_can_interfaces.egg-info/SOURCES.txt'\n"}
[2.329374] (yhs_can_interfaces) StdoutLine: {'line': b"writing manifest file 'yhs_can_interfaces.egg-info/SOURCES.txt'\n"}
[2.384169] (yhs_can_interfaces) StdoutLine: {'line': b'[  0%] Built target ament_cmake_python_build_yhs_can_interfaces_egg\n'}
[2.406775] (-) TimerEvent: {}
[2.507153] (-) TimerEvent: {}
[2.607544] (-) TimerEvent: {}
[2.707922] (-) TimerEvent: {}
[2.808300] (-) TimerEvent: {}
[2.908676] (-) TimerEvent: {}
[3.009055] (-) TimerEvent: {}
[3.109457] (-) TimerEvent: {}
[3.209885] (-) TimerEvent: {}
[3.310318] (-) TimerEvent: {}
[3.410733] (-) TimerEvent: {}
[3.511119] (-) TimerEvent: {}
[3.611465] (-) TimerEvent: {}
[3.711841] (-) TimerEvent: {}
[3.812374] (-) TimerEvent: {}
[3.912970] (-) TimerEvent: {}
[4.013614] (-) TimerEvent: {}
[4.114208] (-) TimerEvent: {}
[4.214816] (-) TimerEvent: {}
[4.315620] (-) TimerEvent: {}
[4.416448] (-) TimerEvent: {}
[4.517275] (-) TimerEvent: {}
[4.618223] (-) TimerEvent: {}
[4.719078] (-) TimerEvent: {}
[4.819926] (-) TimerEvent: {}
[4.920720] (-) TimerEvent: {}
[4.931957] (yhs_can_interfaces) StdoutLine: {'line': b'[  0%] Built target yhs_can_interfaces__cpp\n'}
[4.949890] (yhs_can_interfaces) StdoutLine: {'line': b'[  3%] \x1b[34m\x1b[1mGenerating C++ type support for eProsima Fast-RTPS\x1b[0m\n'}
[4.950279] (yhs_can_interfaces) StdoutLine: {'line': b'[  3%] \x1b[34m\x1b[1mGenerating C++ introspection for ROS interfaces\x1b[0m\n'}
[4.950491] (yhs_can_interfaces) StdoutLine: {'line': b'[  3%] \x1b[34m\x1b[1mGenerating C++ type support dispatch for ROS interfaces\x1b[0m\n'}
[4.951895] (yhs_can_interfaces) StdoutLine: {'line': b'\x1b[35m\x1b[1mConsolidate compiler generated dependencies of target yhs_can_interfaces__rosidl_generator_c\x1b[0m\n'}
[4.989830] (yhs_can_interfaces) StdoutLine: {'line': b'[  4%] \x1b[32mBuilding C object CMakeFiles/yhs_can_interfaces__rosidl_generator_c.dir/rosidl_generator_c/yhs_can_interfaces/msg/detail/bms_flag_fb__functions.c.o\x1b[0m\n'}
[5.020872] (-) TimerEvent: {}
[5.112328] (yhs_can_interfaces) StdoutLine: {'line': b'[  4%] \x1b[32mBuilding C object CMakeFiles/yhs_can_interfaces__rosidl_generator_c.dir/rosidl_generator_c/yhs_can_interfaces/msg/detail/bms_fb__functions.c.o\x1b[0m\n'}
[5.121018] (-) TimerEvent: {}
[5.209430] (yhs_can_interfaces) StdoutLine: {'line': b'[  5%] \x1b[32mBuilding C object CMakeFiles/yhs_can_interfaces__rosidl_generator_c.dir/rosidl_generator_c/yhs_can_interfaces/msg/detail/chassis_info_fb__functions.c.o\x1b[0m\n'}
[5.221168] (-) TimerEvent: {}
[5.321779] (-) TimerEvent: {}
[5.333365] (yhs_can_interfaces) StdoutLine: {'line': b'[  5%] \x1b[32mBuilding C object CMakeFiles/yhs_can_interfaces__rosidl_generator_c.dir/rosidl_generator_c/yhs_can_interfaces/msg/detail/ctrl_cmd__functions.c.o\x1b[0m\n'}
[5.421918] (-) TimerEvent: {}
[5.428674] (yhs_can_interfaces) StdoutLine: {'line': b'[  6%] \x1b[32mBuilding C object CMakeFiles/yhs_can_interfaces__rosidl_generator_c.dir/rosidl_generator_c/yhs_can_interfaces/msg/detail/ctrl_fb__functions.c.o\x1b[0m\n'}
[5.522060] (-) TimerEvent: {}
[5.522917] (yhs_can_interfaces) StdoutLine: {'line': b'[  6%] \x1b[32mBuilding C object CMakeFiles/yhs_can_interfaces__rosidl_generator_c.dir/rosidl_generator_c/yhs_can_interfaces/msg/detail/steering_ctrl_cmd__functions.c.o\x1b[0m\n'}
[5.617380] (yhs_can_interfaces) StdoutLine: {'line': b'[  7%] \x1b[32mBuilding C object CMakeFiles/yhs_can_interfaces__rosidl_generator_c.dir/rosidl_generator_c/yhs_can_interfaces/msg/detail/steering_ctrl_fb__functions.c.o\x1b[0m\n'}
[5.622180] (-) TimerEvent: {}
[5.711849] (yhs_can_interfaces) StdoutLine: {'line': b'[  7%] \x1b[32mBuilding C object CMakeFiles/yhs_can_interfaces__rosidl_generator_c.dir/rosidl_generator_c/yhs_can_interfaces/msg/detail/front_angle_fb__functions.c.o\x1b[0m\n'}
[5.722320] (-) TimerEvent: {}
[5.805317] (yhs_can_interfaces) StdoutLine: {'line': b'[  8%] \x1b[32mBuilding C object CMakeFiles/yhs_can_interfaces__rosidl_generator_c.dir/rosidl_generator_c/yhs_can_interfaces/msg/detail/io_cmd__functions.c.o\x1b[0m\n'}
[5.822455] (-) TimerEvent: {}
[5.901603] (yhs_can_interfaces) StdoutLine: {'line': b'[  8%] \x1b[32mBuilding C object CMakeFiles/yhs_can_interfaces__rosidl_generator_c.dir/rosidl_generator_c/yhs_can_interfaces/msg/detail/io_fb__functions.c.o\x1b[0m\n'}
[5.922592] (-) TimerEvent: {}
[6.001847] (yhs_can_interfaces) StdoutLine: {'line': b'[  9%] \x1b[32mBuilding C object CMakeFiles/yhs_can_interfaces__rosidl_generator_c.dir/rosidl_generator_c/yhs_can_interfaces/msg/detail/lr_wheel_fb__functions.c.o\x1b[0m\n'}
[6.022733] (-) TimerEvent: {}
[6.095612] (yhs_can_interfaces) StdoutLine: {'line': b'[  9%] \x1b[32mBuilding C object CMakeFiles/yhs_can_interfaces__rosidl_generator_c.dir/rosidl_generator_c/yhs_can_interfaces/msg/detail/rr_wheel_fb__functions.c.o\x1b[0m\n'}
[6.122872] (-) TimerEvent: {}
[6.190335] (yhs_can_interfaces) StdoutLine: {'line': b'[ 10%] \x1b[32mBuilding C object CMakeFiles/yhs_can_interfaces__rosidl_generator_c.dir/rosidl_generator_c/yhs_can_interfaces/msg/detail/lf_wheel_fb__functions.c.o\x1b[0m\n'}
[6.223012] (-) TimerEvent: {}
[6.282926] (yhs_can_interfaces) StdoutLine: {'line': b'[ 10%] \x1b[32mBuilding C object CMakeFiles/yhs_can_interfaces__rosidl_generator_c.dir/rosidl_generator_c/yhs_can_interfaces/msg/detail/rf_wheel_fb__functions.c.o\x1b[0m\n'}
[6.323154] (-) TimerEvent: {}
[6.375843] (yhs_can_interfaces) StdoutLine: {'line': b'[ 11%] \x1b[32mBuilding C object CMakeFiles/yhs_can_interfaces__rosidl_generator_c.dir/rosidl_generator_c/yhs_can_interfaces/msg/detail/rear_angle_fb__functions.c.o\x1b[0m\n'}
[6.423294] (-) TimerEvent: {}
[6.470094] (yhs_can_interfaces) StdoutLine: {'line': b'[ 11%] \x1b[32mBuilding C object CMakeFiles/yhs_can_interfaces__rosidl_generator_c.dir/rosidl_generator_c/yhs_can_interfaces/msg/detail/ultrasonic__functions.c.o\x1b[0m\n'}
[6.523435] (-) TimerEvent: {}
[6.563851] (yhs_can_interfaces) StdoutLine: {'line': b'[ 12%] \x1b[32mBuilding C object CMakeFiles/yhs_can_interfaces__rosidl_generator_c.dir/rosidl_generator_c/yhs_can_interfaces/msg/detail/error_fb__functions.c.o\x1b[0m\n'}
[6.623586] (-) TimerEvent: {}
[6.667570] (yhs_can_interfaces) StdoutLine: {'line': b'[ 12%] \x1b[32mBuilding C object CMakeFiles/yhs_can_interfaces__rosidl_generator_c.dir/rosidl_generator_c/yhs_can_interfaces/msg/detail/motor_cmd__functions.c.o\x1b[0m\n'}
[6.723730] (-) TimerEvent: {}
[6.765283] (yhs_can_interfaces) StdoutLine: {'line': b'[ 13%] \x1b[32mBuilding C object CMakeFiles/yhs_can_interfaces__rosidl_generator_c.dir/rosidl_generator_c/yhs_can_interfaces/msg/detail/motor_fb__functions.c.o\x1b[0m\n'}
[6.823871] (-) TimerEvent: {}
[6.862652] (yhs_can_interfaces) StdoutLine: {'line': b'[ 14%] \x1b[32mBuilding C object CMakeFiles/yhs_can_interfaces__rosidl_generator_c.dir/rosidl_generator_c/yhs_can_interfaces/msg/detail/drive_motor_current_fb__functions.c.o\x1b[0m\n'}
[6.906245] (yhs_can_interfaces) StdoutLine: {'line': b'\x1b[35m\x1b[1mConsolidate compiler generated dependencies of target yhs_can_interfaces__rosidl_typesupport_cpp\x1b[0m\n'}
[6.924010] (-) TimerEvent: {}
[6.957856] (yhs_can_interfaces) StdoutLine: {'line': b'[ 14%] \x1b[32mBuilding CXX object CMakeFiles/yhs_can_interfaces__rosidl_typesupport_cpp.dir/rosidl_typesupport_cpp/yhs_can_interfaces/msg/bms_flag_fb__type_support.cpp.o\x1b[0m\n'}
[6.966177] (yhs_can_interfaces) StdoutLine: {'line': b'[ 14%] \x1b[32mBuilding C object CMakeFiles/yhs_can_interfaces__rosidl_generator_c.dir/rosidl_generator_c/yhs_can_interfaces/msg/detail/steering_motor_current_fb__functions.c.o\x1b[0m\n'}
[7.024167] (-) TimerEvent: {}
[7.074792] (yhs_can_interfaces) StdoutLine: {'line': b'[ 15%] \x1b[32m\x1b[1mLinking C shared library libyhs_can_interfaces__rosidl_generator_c.so\x1b[0m\n'}
[7.124326] (-) TimerEvent: {}
[7.163411] (yhs_can_interfaces) StdoutLine: {'line': b'[ 15%] Built target yhs_can_interfaces__rosidl_generator_c\n'}
[7.183785] (yhs_can_interfaces) StdoutLine: {'line': b'[ 16%] \x1b[34m\x1b[1mGenerating C type support for eProsima Fast-RTPS\x1b[0m\n'}
[7.224477] (-) TimerEvent: {}
[7.324972] (-) TimerEvent: {}
[7.425504] (-) TimerEvent: {}
[7.526025] (-) TimerEvent: {}
[7.609613] (yhs_can_interfaces) StdoutLine: {'line': b'[ 17%] \x1b[32mBuilding CXX object CMakeFiles/yhs_can_interfaces__rosidl_typesupport_cpp.dir/rosidl_typesupport_cpp/yhs_can_interfaces/msg/bms_fb__type_support.cpp.o\x1b[0m\n'}
[7.613920] (yhs_can_interfaces) StdoutLine: {'line': b'\x1b[35m\x1b[1mConsolidate compiler generated dependencies of target yhs_can_interfaces__rosidl_typesupport_introspection_cpp\x1b[0m\n'}
[7.626168] (-) TimerEvent: {}
[7.668447] (yhs_can_interfaces) StdoutLine: {'line': b'[ 18%] \x1b[32mBuilding CXX object CMakeFiles/yhs_can_interfaces__rosidl_typesupport_introspection_cpp.dir/rosidl_typesupport_introspection_cpp/yhs_can_interfaces/msg/detail/bms_flag_fb__type_support.cpp.o\x1b[0m\n'}
[7.726323] (-) TimerEvent: {}
[7.826809] (-) TimerEvent: {}
[7.927326] (-) TimerEvent: {}
[8.027885] (-) TimerEvent: {}
[8.128456] (-) TimerEvent: {}
[8.164642] (yhs_can_interfaces) StdoutLine: {'line': b'\x1b[35m\x1b[1mConsolidate compiler generated dependencies of target yhs_can_interfaces__rosidl_typesupport_fastrtps_cpp\x1b[0m\n'}
[8.226912] (yhs_can_interfaces) StdoutLine: {'line': b'[ 18%] \x1b[32mBuilding CXX object CMakeFiles/yhs_can_interfaces__rosidl_typesupport_fastrtps_cpp.dir/rosidl_typesupport_fastrtps_cpp/yhs_can_interfaces/msg/detail/dds_fastrtps/bms_flag_fb__type_support.cpp.o\x1b[0m\n'}
[8.228588] (-) TimerEvent: {}
[8.233295] (yhs_can_interfaces) StdoutLine: {'line': b'[ 18%] \x1b[32mBuilding CXX object CMakeFiles/yhs_can_interfaces__rosidl_typesupport_cpp.dir/rosidl_typesupport_cpp/yhs_can_interfaces/msg/chassis_info_fb__type_support.cpp.o\x1b[0m\n'}
[8.328727] (-) TimerEvent: {}
[8.429236] (-) TimerEvent: {}
[8.529817] (-) TimerEvent: {}
[8.558543] (yhs_can_interfaces) StdoutLine: {'line': b'[ 18%] \x1b[32mBuilding CXX object CMakeFiles/yhs_can_interfaces__rosidl_typesupport_introspection_cpp.dir/rosidl_typesupport_introspection_cpp/yhs_can_interfaces/msg/detail/bms_fb__type_support.cpp.o\x1b[0m\n'}
[8.629970] (-) TimerEvent: {}
[8.730727] (-) TimerEvent: {}
[8.831538] (-) TimerEvent: {}
[8.879101] (yhs_can_interfaces) StdoutLine: {'line': b'[ 19%] \x1b[32mBuilding CXX object CMakeFiles/yhs_can_interfaces__rosidl_typesupport_cpp.dir/rosidl_typesupport_cpp/yhs_can_interfaces/msg/ctrl_cmd__type_support.cpp.o\x1b[0m\n'}
[8.931691] (-) TimerEvent: {}
[9.032464] (-) TimerEvent: {}
[9.133254] (-) TimerEvent: {}
[9.177052] (yhs_can_interfaces) StdoutLine: {'line': b'[ 20%] \x1b[32mBuilding CXX object CMakeFiles/yhs_can_interfaces__rosidl_typesupport_fastrtps_cpp.dir/rosidl_typesupport_fastrtps_cpp/yhs_can_interfaces/msg/detail/dds_fastrtps/bms_fb__type_support.cpp.o\x1b[0m\n'}
[9.233414] (-) TimerEvent: {}
[9.333983] (-) TimerEvent: {}
[9.434512] (-) TimerEvent: {}
[9.438442] (yhs_can_interfaces) StdoutLine: {'line': b'[ 21%] \x1b[32mBuilding CXX object CMakeFiles/yhs_can_interfaces__rosidl_typesupport_introspection_cpp.dir/rosidl_typesupport_introspection_cpp/yhs_can_interfaces/msg/detail/chassis_info_fb__type_support.cpp.o\x1b[0m\n'}
[9.498023] (yhs_can_interfaces) StdoutLine: {'line': b'[ 21%] \x1b[32mBuilding CXX object CMakeFiles/yhs_can_interfaces__rosidl_typesupport_cpp.dir/rosidl_typesupport_cpp/yhs_can_interfaces/msg/ctrl_fb__type_support.cpp.o\x1b[0m\n'}
[9.534656] (-) TimerEvent: {}
[9.635139] (-) TimerEvent: {}
[9.735662] (-) TimerEvent: {}
[9.836267] (-) TimerEvent: {}
[9.936897] (-) TimerEvent: {}
[10.037527] (-) TimerEvent: {}
[10.125276] (yhs_can_interfaces) StdoutLine: {'line': b'[ 21%] \x1b[32mBuilding CXX object CMakeFiles/yhs_can_interfaces__rosidl_typesupport_fastrtps_cpp.dir/rosidl_typesupport_fastrtps_cpp/yhs_can_interfaces/msg/detail/dds_fastrtps/chassis_info_fb__type_support.cpp.o\x1b[0m\n'}
[10.131515] (yhs_can_interfaces) StdoutLine: {'line': b'[ 22%] \x1b[32mBuilding CXX object CMakeFiles/yhs_can_interfaces__rosidl_typesupport_cpp.dir/rosidl_typesupport_cpp/yhs_can_interfaces/msg/steering_ctrl_cmd__type_support.cpp.o\x1b[0m\n'}
[10.137630] (-) TimerEvent: {}
[10.238362] (-) TimerEvent: {}
[10.338917] (-) TimerEvent: {}
[10.426058] (yhs_can_interfaces) StdoutLine: {'line': b'[ 22%] \x1b[32mBuilding CXX object CMakeFiles/yhs_can_interfaces__rosidl_typesupport_introspection_cpp.dir/rosidl_typesupport_introspection_cpp/yhs_can_interfaces/msg/detail/ctrl_cmd__type_support.cpp.o\x1b[0m\n'}
[10.439084] (-) TimerEvent: {}
[10.486163] (yhs_can_interfaces) StdoutLine: {'line': b'\x1b[35m\x1b[1mConsolidate compiler generated dependencies of target yhs_can_interfaces__rosidl_typesupport_fastrtps_c\x1b[0m\n'}
[10.539254] (-) TimerEvent: {}
[10.545772] (yhs_can_interfaces) StdoutLine: {'line': b'[ 22%] \x1b[32mBuilding CXX object CMakeFiles/yhs_can_interfaces__rosidl_typesupport_fastrtps_c.dir/rosidl_typesupport_fastrtps_c/yhs_can_interfaces/msg/detail/bms_flag_fb__type_support_c.cpp.o\x1b[0m\n'}
[10.639418] (-) TimerEvent: {}
[10.740220] (-) TimerEvent: {}
[10.751992] (yhs_can_interfaces) StdoutLine: {'line': b'[ 22%] \x1b[32mBuilding CXX object CMakeFiles/yhs_can_interfaces__rosidl_typesupport_cpp.dir/rosidl_typesupport_cpp/yhs_can_interfaces/msg/steering_ctrl_fb__type_support.cpp.o\x1b[0m\n'}
[10.840394] (-) TimerEvent: {}
[10.941248] (-) TimerEvent: {}
[11.042240] (-) TimerEvent: {}
[11.129257] (yhs_can_interfaces) StdoutLine: {'line': b'[ 23%] \x1b[32mBuilding CXX object CMakeFiles/yhs_can_interfaces__rosidl_typesupport_fastrtps_cpp.dir/rosidl_typesupport_fastrtps_cpp/yhs_can_interfaces/msg/detail/dds_fastrtps/ctrl_cmd__type_support.cpp.o\x1b[0m\n'}
[11.142414] (-) TimerEvent: {}
[11.243238] (-) TimerEvent: {}
[11.329034] (yhs_can_interfaces) StdoutLine: {'line': b'[ 24%] \x1b[32mBuilding CXX object CMakeFiles/yhs_can_interfaces__rosidl_typesupport_introspection_cpp.dir/rosidl_typesupport_introspection_cpp/yhs_can_interfaces/msg/detail/ctrl_fb__type_support.cpp.o\x1b[0m\n'}
[11.343642] (-) TimerEvent: {}
[11.358384] (yhs_can_interfaces) StdoutLine: {'line': b'[ 25%] \x1b[32mBuilding CXX object CMakeFiles/yhs_can_interfaces__rosidl_typesupport_fastrtps_c.dir/rosidl_typesupport_fastrtps_c/yhs_can_interfaces/msg/detail/bms_fb__type_support_c.cpp.o\x1b[0m\n'}
[11.381902] (yhs_can_interfaces) StdoutLine: {'line': b'[ 26%] \x1b[32mBuilding CXX object CMakeFiles/yhs_can_interfaces__rosidl_typesupport_cpp.dir/rosidl_typesupport_cpp/yhs_can_interfaces/msg/front_angle_fb__type_support.cpp.o\x1b[0m\n'}
[11.443804] (-) TimerEvent: {}
[11.544642] (-) TimerEvent: {}
[11.645536] (-) TimerEvent: {}
[11.746401] (-) TimerEvent: {}
[11.847232] (-) TimerEvent: {}
[11.948090] (-) TimerEvent: {}
[12.008064] (yhs_can_interfaces) StdoutLine: {'line': b'[ 26%] \x1b[32mBuilding CXX object CMakeFiles/yhs_can_interfaces__rosidl_typesupport_cpp.dir/rosidl_typesupport_cpp/yhs_can_interfaces/msg/io_cmd__type_support.cpp.o\x1b[0m\n'}
[12.048251] (-) TimerEvent: {}
[12.066229] (yhs_can_interfaces) StdoutLine: {'line': b'[ 26%] \x1b[32mBuilding CXX object CMakeFiles/yhs_can_interfaces__rosidl_typesupport_fastrtps_cpp.dir/rosidl_typesupport_fastrtps_cpp/yhs_can_interfaces/msg/detail/dds_fastrtps/ctrl_fb__type_support.cpp.o\x1b[0m\n'}
[12.148426] (-) TimerEvent: {}
[12.154324] (yhs_can_interfaces) StdoutLine: {'line': b'[ 26%] \x1b[32mBuilding CXX object CMakeFiles/yhs_can_interfaces__rosidl_typesupport_fastrtps_c.dir/rosidl_typesupport_fastrtps_c/yhs_can_interfaces/msg/detail/chassis_info_fb__type_support_c.cpp.o\x1b[0m\n'}
[12.230882] (yhs_can_interfaces) StdoutLine: {'line': b'[ 26%] \x1b[32mBuilding CXX object CMakeFiles/yhs_can_interfaces__rosidl_typesupport_introspection_cpp.dir/rosidl_typesupport_introspection_cpp/yhs_can_interfaces/msg/detail/steering_ctrl_cmd__type_support.cpp.o\x1b[0m\n'}
[12.248587] (-) TimerEvent: {}
[12.349147] (-) TimerEvent: {}
[12.449756] (-) TimerEvent: {}
[12.550368] (-) TimerEvent: {}
[12.626763] (yhs_can_interfaces) StdoutLine: {'line': b'[ 27%] \x1b[32mBuilding CXX object CMakeFiles/yhs_can_interfaces__rosidl_typesupport_cpp.dir/rosidl_typesupport_cpp/yhs_can_interfaces/msg/io_fb__type_support.cpp.o\x1b[0m\n'}
[12.650527] (-) TimerEvent: {}
[12.751099] (-) TimerEvent: {}
[12.851718] (-) TimerEvent: {}
[12.952319] (-) TimerEvent: {}
[12.997836] (yhs_can_interfaces) StdoutLine: {'line': b'[ 28%] \x1b[32mBuilding CXX object CMakeFiles/yhs_can_interfaces__rosidl_typesupport_fastrtps_cpp.dir/rosidl_typesupport_fastrtps_cpp/yhs_can_interfaces/msg/detail/dds_fastrtps/steering_ctrl_cmd__type_support.cpp.o\x1b[0m\n'}
[12.998745] (yhs_can_interfaces) StdoutLine: {'line': b'[ 29%] \x1b[32mBuilding CXX object CMakeFiles/yhs_can_interfaces__rosidl_typesupport_fastrtps_c.dir/rosidl_typesupport_fastrtps_c/yhs_can_interfaces/msg/detail/ctrl_cmd__type_support_c.cpp.o\x1b[0m\n'}
[13.052472] (-) TimerEvent: {}
[13.122119] (yhs_can_interfaces) StdoutLine: {'line': b'[ 30%] \x1b[32mBuilding CXX object CMakeFiles/yhs_can_interfaces__rosidl_typesupport_introspection_cpp.dir/rosidl_typesupport_introspection_cpp/yhs_can_interfaces/msg/detail/steering_ctrl_fb__type_support.cpp.o\x1b[0m\n'}
[13.152638] (-) TimerEvent: {}
[13.253190] (-) TimerEvent: {}
[13.256446] (yhs_can_interfaces) StdoutLine: {'line': b'[ 30%] \x1b[32mBuilding CXX object CMakeFiles/yhs_can_interfaces__rosidl_typesupport_cpp.dir/rosidl_typesupport_cpp/yhs_can_interfaces/msg/lr_wheel_fb__type_support.cpp.o\x1b[0m\n'}
[13.353367] (-) TimerEvent: {}
[13.453987] (-) TimerEvent: {}
[13.554594] (-) TimerEvent: {}
[13.655149] (-) TimerEvent: {}
[13.755734] (-) TimerEvent: {}
[13.793226] (yhs_can_interfaces) StdoutLine: {'line': b'[ 30%] \x1b[32mBuilding CXX object CMakeFiles/yhs_can_interfaces__rosidl_typesupport_fastrtps_c.dir/rosidl_typesupport_fastrtps_c/yhs_can_interfaces/msg/detail/ctrl_fb__type_support_c.cpp.o\x1b[0m\n'}
[13.855905] (-) TimerEvent: {}
[13.888780] (yhs_can_interfaces) StdoutLine: {'line': b'[ 31%] \x1b[32mBuilding CXX object CMakeFiles/yhs_can_interfaces__rosidl_typesupport_cpp.dir/rosidl_typesupport_cpp/yhs_can_interfaces/msg/rr_wheel_fb__type_support.cpp.o\x1b[0m\n'}
[13.932634] (yhs_can_interfaces) StdoutLine: {'line': b'[ 32%] \x1b[32mBuilding CXX object CMakeFiles/yhs_can_interfaces__rosidl_typesupport_fastrtps_cpp.dir/rosidl_typesupport_fastrtps_cpp/yhs_can_interfaces/msg/detail/dds_fastrtps/steering_ctrl_fb__type_support.cpp.o\x1b[0m\n'}
[13.956068] (-) TimerEvent: {}
[14.019139] (yhs_can_interfaces) StdoutLine: {'line': b'[ 32%] \x1b[32mBuilding CXX object CMakeFiles/yhs_can_interfaces__rosidl_typesupport_introspection_cpp.dir/rosidl_typesupport_introspection_cpp/yhs_can_interfaces/msg/detail/front_angle_fb__type_support.cpp.o\x1b[0m\n'}
[14.056224] (-) TimerEvent: {}
[14.157017] (-) TimerEvent: {}
[14.257916] (-) TimerEvent: {}
[14.358784] (-) TimerEvent: {}
[14.459615] (-) TimerEvent: {}
[14.509967] (yhs_can_interfaces) StdoutLine: {'line': b'[ 33%] \x1b[32mBuilding CXX object CMakeFiles/yhs_can_interfaces__rosidl_typesupport_cpp.dir/rosidl_typesupport_cpp/yhs_can_interfaces/msg/lf_wheel_fb__type_support.cpp.o\x1b[0m\n'}
[14.559782] (-) TimerEvent: {}
[14.588145] (yhs_can_interfaces) StdoutLine: {'line': b'[ 34%] \x1b[32mBuilding CXX object CMakeFiles/yhs_can_interfaces__rosidl_typesupport_fastrtps_c.dir/rosidl_typesupport_fastrtps_c/yhs_can_interfaces/msg/detail/steering_ctrl_cmd__type_support_c.cpp.o\x1b[0m\n'}
[14.659950] (-) TimerEvent: {}
[14.760811] (-) TimerEvent: {}
[14.886933] (yhs_can_interfaces) StdoutLine: {'line': b'[ 34%] \x1b[32mBuilding CXX object CMakeFiles/yhs_can_interfaces__rosidl_typesupport_fastrtps_cpp.dir/rosidl_typesupport_fastrtps_cpp/yhs_can_interfaces/msg/detail/dds_fastrtps/front_angle_fb__type_support.cpp.o\x1b[0m\n'}
[14.887362] (-) TimerEvent: {}
[14.910420] (yhs_can_interfaces) StdoutLine: {'line': b'[ 35%] \x1b[32mBuilding CXX object CMakeFiles/yhs_can_interfaces__rosidl_typesupport_introspection_cpp.dir/rosidl_typesupport_introspection_cpp/yhs_can_interfaces/msg/detail/io_cmd__type_support.cpp.o\x1b[0m\n'}
[14.987546] (-) TimerEvent: {}
[15.088398] (-) TimerEvent: {}
[15.131564] (yhs_can_interfaces) StdoutLine: {'line': b'[ 35%] \x1b[32mBuilding CXX object CMakeFiles/yhs_can_interfaces__rosidl_typesupport_cpp.dir/rosidl_typesupport_cpp/yhs_can_interfaces/msg/rf_wheel_fb__type_support.cpp.o\x1b[0m\n'}
[15.188576] (-) TimerEvent: {}
[15.289496] (-) TimerEvent: {}
[15.374530] (yhs_can_interfaces) StdoutLine: {'line': b'[ 35%] \x1b[32mBuilding CXX object CMakeFiles/yhs_can_interfaces__rosidl_typesupport_fastrtps_c.dir/rosidl_typesupport_fastrtps_c/yhs_can_interfaces/msg/detail/steering_ctrl_fb__type_support_c.cpp.o\x1b[0m\n'}
[15.389632] (-) TimerEvent: {}
[15.490161] (-) TimerEvent: {}
[15.590725] (-) TimerEvent: {}
[15.691286] (-) TimerEvent: {}
[15.763659] (yhs_can_interfaces) StdoutLine: {'line': b'[ 36%] \x1b[32mBuilding CXX object CMakeFiles/yhs_can_interfaces__rosidl_typesupport_cpp.dir/rosidl_typesupport_cpp/yhs_can_interfaces/msg/rear_angle_fb__type_support.cpp.o\x1b[0m\n'}
[15.791446] (-) TimerEvent: {}
[15.811518] (yhs_can_interfaces) StdoutLine: {'line': b'[ 36%] \x1b[32mBuilding CXX object CMakeFiles/yhs_can_interfaces__rosidl_typesupport_introspection_cpp.dir/rosidl_typesupport_introspection_cpp/yhs_can_interfaces/msg/detail/io_fb__type_support.cpp.o\x1b[0m\n'}
[15.820892] (yhs_can_interfaces) StdoutLine: {'line': b'[ 37%] \x1b[32mBuilding CXX object CMakeFiles/yhs_can_interfaces__rosidl_typesupport_fastrtps_cpp.dir/rosidl_typesupport_fastrtps_cpp/yhs_can_interfaces/msg/detail/dds_fastrtps/io_cmd__type_support.cpp.o\x1b[0m\n'}
[15.891604] (-) TimerEvent: {}
[15.992448] (-) TimerEvent: {}
[16.093310] (-) TimerEvent: {}
[16.168445] (yhs_can_interfaces) StdoutLine: {'line': b'[ 38%] \x1b[32mBuilding CXX object CMakeFiles/yhs_can_interfaces__rosidl_typesupport_fastrtps_c.dir/rosidl_typesupport_fastrtps_c/yhs_can_interfaces/msg/detail/front_angle_fb__type_support_c.cpp.o\x1b[0m\n'}
[16.193513] (-) TimerEvent: {}
[16.294405] (-) TimerEvent: {}
[16.381725] (yhs_can_interfaces) StdoutLine: {'line': b'[ 38%] \x1b[32mBuilding CXX object CMakeFiles/yhs_can_interfaces__rosidl_typesupport_cpp.dir/rosidl_typesupport_cpp/yhs_can_interfaces/msg/ultrasonic__type_support.cpp.o\x1b[0m\n'}
[16.394580] (-) TimerEvent: {}
[16.495444] (-) TimerEvent: {}
[16.596328] (-) TimerEvent: {}
[16.698819] (-) TimerEvent: {}
[16.722510] (yhs_can_interfaces) StdoutLine: {'line': b'[ 39%] \x1b[32mBuilding CXX object CMakeFiles/yhs_can_interfaces__rosidl_typesupport_introspection_cpp.dir/rosidl_typesupport_introspection_cpp/yhs_can_interfaces/msg/detail/lr_wheel_fb__type_support.cpp.o\x1b[0m\n'}
[16.762936] (yhs_can_interfaces) StdoutLine: {'line': b'[ 39%] \x1b[32mBuilding CXX object CMakeFiles/yhs_can_interfaces__rosidl_typesupport_fastrtps_cpp.dir/rosidl_typesupport_fastrtps_cpp/yhs_can_interfaces/msg/detail/dds_fastrtps/io_fb__type_support.cpp.o\x1b[0m\n'}
[16.798973] (-) TimerEvent: {}
[16.899819] (-) TimerEvent: {}
[16.956837] (yhs_can_interfaces) StdoutLine: {'line': b'[ 39%] \x1b[32mBuilding CXX object CMakeFiles/yhs_can_interfaces__rosidl_typesupport_fastrtps_c.dir/rosidl_typesupport_fastrtps_c/yhs_can_interfaces/msg/detail/io_cmd__type_support_c.cpp.o\x1b[0m\n'}
[16.999989] (-) TimerEvent: {}
[17.007736] (yhs_can_interfaces) StdoutLine: {'line': b'[ 40%] \x1b[32mBuilding CXX object CMakeFiles/yhs_can_interfaces__rosidl_typesupport_cpp.dir/rosidl_typesupport_cpp/yhs_can_interfaces/msg/error_fb__type_support.cpp.o\x1b[0m\n'}
[17.100156] (-) TimerEvent: {}
[17.201001] (-) TimerEvent: {}
[17.301944] (-) TimerEvent: {}
[17.402863] (-) TimerEvent: {}
[17.503749] (-) TimerEvent: {}
[17.604609] (-) TimerEvent: {}
[17.615479] (yhs_can_interfaces) StdoutLine: {'line': b'[ 40%] \x1b[32mBuilding CXX object CMakeFiles/yhs_can_interfaces__rosidl_typesupport_introspection_cpp.dir/rosidl_typesupport_introspection_cpp/yhs_can_interfaces/msg/detail/rr_wheel_fb__type_support.cpp.o\x1b[0m\n'}
[17.636374] (yhs_can_interfaces) StdoutLine: {'line': b'[ 40%] \x1b[32mBuilding CXX object CMakeFiles/yhs_can_interfaces__rosidl_typesupport_cpp.dir/rosidl_typesupport_cpp/yhs_can_interfaces/msg/motor_cmd__type_support.cpp.o\x1b[0m\n'}
[17.704783] (-) TimerEvent: {}
[17.745488] (yhs_can_interfaces) StdoutLine: {'line': b'[ 41%] \x1b[32mBuilding CXX object CMakeFiles/yhs_can_interfaces__rosidl_typesupport_fastrtps_cpp.dir/rosidl_typesupport_fastrtps_cpp/yhs_can_interfaces/msg/detail/dds_fastrtps/lr_wheel_fb__type_support.cpp.o\x1b[0m\n'}
[17.754466] (yhs_can_interfaces) StdoutLine: {'line': b'[ 42%] \x1b[32mBuilding CXX object CMakeFiles/yhs_can_interfaces__rosidl_typesupport_fastrtps_c.dir/rosidl_typesupport_fastrtps_c/yhs_can_interfaces/msg/detail/io_fb__type_support_c.cpp.o\x1b[0m\n'}
[17.804951] (-) TimerEvent: {}
[17.906122] (-) TimerEvent: {}
[18.007057] (-) TimerEvent: {}
[18.107609] (-) TimerEvent: {}
[18.208218] (-) TimerEvent: {}
[18.256858] (yhs_can_interfaces) StdoutLine: {'line': b'[ 43%] \x1b[32mBuilding CXX object CMakeFiles/yhs_can_interfaces__rosidl_typesupport_cpp.dir/rosidl_typesupport_cpp/yhs_can_interfaces/msg/motor_fb__type_support.cpp.o\x1b[0m\n'}
[18.308389] (-) TimerEvent: {}
[18.408964] (-) TimerEvent: {}
[18.504705] (yhs_can_interfaces) StdoutLine: {'line': b'[ 44%] \x1b[32mBuilding CXX object CMakeFiles/yhs_can_interfaces__rosidl_typesupport_introspection_cpp.dir/rosidl_typesupport_introspection_cpp/yhs_can_interfaces/msg/detail/lf_wheel_fb__type_support.cpp.o\x1b[0m\n'}
[18.509134] (-) TimerEvent: {}
[18.587749] (yhs_can_interfaces) StdoutLine: {'line': b'[ 45%] \x1b[32mBuilding CXX object CMakeFiles/yhs_can_interfaces__rosidl_typesupport_fastrtps_c.dir/rosidl_typesupport_fastrtps_c/yhs_can_interfaces/msg/detail/lr_wheel_fb__type_support_c.cpp.o\x1b[0m\n'}
[18.609303] (-) TimerEvent: {}
[18.677016] (yhs_can_interfaces) StdoutLine: {'line': b'[ 45%] \x1b[32mBuilding CXX object CMakeFiles/yhs_can_interfaces__rosidl_typesupport_fastrtps_cpp.dir/rosidl_typesupport_fastrtps_cpp/yhs_can_interfaces/msg/detail/dds_fastrtps/rr_wheel_fb__type_support.cpp.o\x1b[0m\n'}
[18.709500] (-) TimerEvent: {}
[18.810345] (-) TimerEvent: {}
[18.880459] (yhs_can_interfaces) StdoutLine: {'line': b'[ 45%] \x1b[32mBuilding CXX object CMakeFiles/yhs_can_interfaces__rosidl_typesupport_cpp.dir/rosidl_typesupport_cpp/yhs_can_interfaces/msg/drive_motor_current_fb__type_support.cpp.o\x1b[0m\n'}
[18.910513] (-) TimerEvent: {}
[19.011362] (-) TimerEvent: {}
[19.112265] (-) TimerEvent: {}
[19.213115] (-) TimerEvent: {}
[19.314013] (-) TimerEvent: {}
[19.375817] (yhs_can_interfaces) StdoutLine: {'line': b'[ 45%] \x1b[32mBuilding CXX object CMakeFiles/yhs_can_interfaces__rosidl_typesupport_fastrtps_c.dir/rosidl_typesupport_fastrtps_c/yhs_can_interfaces/msg/detail/rr_wheel_fb__type_support_c.cpp.o\x1b[0m\n'}
[19.408618] (yhs_can_interfaces) StdoutLine: {'line': b'[ 45%] \x1b[32mBuilding CXX object CMakeFiles/yhs_can_interfaces__rosidl_typesupport_introspection_cpp.dir/rosidl_typesupport_introspection_cpp/yhs_can_interfaces/msg/detail/rf_wheel_fb__type_support.cpp.o\x1b[0m\n'}
[19.414169] (-) TimerEvent: {}
[19.514280] (yhs_can_interfaces) StdoutLine: {'line': b'[ 46%] \x1b[32mBuilding CXX object CMakeFiles/yhs_can_interfaces__rosidl_typesupport_cpp.dir/rosidl_typesupport_cpp/yhs_can_interfaces/msg/steering_motor_current_fb__type_support.cpp.o\x1b[0m\n'}
[19.514686] (-) TimerEvent: {}
[19.604785] (yhs_can_interfaces) StdoutLine: {'line': b'[ 47%] \x1b[32mBuilding CXX object CMakeFiles/yhs_can_interfaces__rosidl_typesupport_fastrtps_cpp.dir/rosidl_typesupport_fastrtps_cpp/yhs_can_interfaces/msg/detail/dds_fastrtps/lf_wheel_fb__type_support.cpp.o\x1b[0m\n'}
[19.614874] (-) TimerEvent: {}
[19.715686] (-) TimerEvent: {}
[19.816543] (-) TimerEvent: {}
[19.924283] (-) TimerEvent: {}
[20.025151] (-) TimerEvent: {}
[20.125976] (-) TimerEvent: {}
[20.141752] (yhs_can_interfaces) StdoutLine: {'line': b'[ 47%] \x1b[32m\x1b[1mLinking CXX shared library libyhs_can_interfaces__rosidl_typesupport_cpp.so\x1b[0m\n'}
[20.161887] (yhs_can_interfaces) StdoutLine: {'line': b'[ 48%] \x1b[32mBuilding CXX object CMakeFiles/yhs_can_interfaces__rosidl_typesupport_fastrtps_c.dir/rosidl_typesupport_fastrtps_c/yhs_can_interfaces/msg/detail/lf_wheel_fb__type_support_c.cpp.o\x1b[0m\n'}
[20.226138] (-) TimerEvent: {}
[20.236216] (yhs_can_interfaces) StdoutLine: {'line': b'[ 48%] Built target yhs_can_interfaces__rosidl_typesupport_cpp\n'}
[20.257816] (yhs_can_interfaces) StdoutLine: {'line': b'[ 49%] \x1b[34m\x1b[1mGenerating C introspection for ROS interfaces\x1b[0m\n'}
[20.318552] (yhs_can_interfaces) StdoutLine: {'line': b'[ 50%] \x1b[32mBuilding CXX object CMakeFiles/yhs_can_interfaces__rosidl_typesupport_introspection_cpp.dir/rosidl_typesupport_introspection_cpp/yhs_can_interfaces/msg/detail/rear_angle_fb__type_support.cpp.o\x1b[0m\n'}
[20.326288] (-) TimerEvent: {}
[20.427110] (-) TimerEvent: {}
[20.527892] (-) TimerEvent: {}
[20.543185] (yhs_can_interfaces) StdoutLine: {'line': b'[ 50%] \x1b[32mBuilding CXX object CMakeFiles/yhs_can_interfaces__rosidl_typesupport_fastrtps_cpp.dir/rosidl_typesupport_fastrtps_cpp/yhs_can_interfaces/msg/detail/dds_fastrtps/rf_wheel_fb__type_support.cpp.o\x1b[0m\n'}
[20.628046] (-) TimerEvent: {}
[20.728833] (-) TimerEvent: {}
[20.829723] (-) TimerEvent: {}
[20.930548] (-) TimerEvent: {}
[20.940305] (yhs_can_interfaces) StdoutLine: {'line': b'[ 50%] \x1b[32mBuilding CXX object CMakeFiles/yhs_can_interfaces__rosidl_typesupport_fastrtps_c.dir/rosidl_typesupport_fastrtps_c/yhs_can_interfaces/msg/detail/rf_wheel_fb__type_support_c.cpp.o\x1b[0m\n'}
[21.030706] (-) TimerEvent: {}
[21.131529] (-) TimerEvent: {}
[21.208884] (yhs_can_interfaces) StdoutLine: {'line': b'[ 50%] \x1b[32mBuilding CXX object CMakeFiles/yhs_can_interfaces__rosidl_typesupport_introspection_cpp.dir/rosidl_typesupport_introspection_cpp/yhs_can_interfaces/msg/detail/ultrasonic__type_support.cpp.o\x1b[0m\n'}
[21.231677] (-) TimerEvent: {}
[21.332214] (-) TimerEvent: {}
[21.432760] (-) TimerEvent: {}
[21.463518] (yhs_can_interfaces) StdoutLine: {'line': b'[ 51%] \x1b[32mBuilding CXX object CMakeFiles/yhs_can_interfaces__rosidl_typesupport_fastrtps_cpp.dir/rosidl_typesupport_fastrtps_cpp/yhs_can_interfaces/msg/detail/dds_fastrtps/rear_angle_fb__type_support.cpp.o\x1b[0m\n'}
[21.532916] (-) TimerEvent: {}
[21.633478] (-) TimerEvent: {}
[21.721714] (yhs_can_interfaces) StdoutLine: {'line': b'[ 52%] \x1b[32mBuilding CXX object CMakeFiles/yhs_can_interfaces__rosidl_typesupport_fastrtps_c.dir/rosidl_typesupport_fastrtps_c/yhs_can_interfaces/msg/detail/rear_angle_fb__type_support_c.cpp.o\x1b[0m\n'}
[21.733578] (-) TimerEvent: {}
[21.834420] (-) TimerEvent: {}
[21.935269] (-) TimerEvent: {}
[22.036120] (-) TimerEvent: {}
[22.098389] (yhs_can_interfaces) StdoutLine: {'line': b'[ 53%] \x1b[32mBuilding CXX object CMakeFiles/yhs_can_interfaces__rosidl_typesupport_introspection_cpp.dir/rosidl_typesupport_introspection_cpp/yhs_can_interfaces/msg/detail/error_fb__type_support.cpp.o\x1b[0m\n'}
[22.136282] (-) TimerEvent: {}
[22.237080] (-) TimerEvent: {}
[22.338109] (-) TimerEvent: {}
[22.382954] (yhs_can_interfaces) StdoutLine: {'line': b'[ 53%] \x1b[32mBuilding CXX object CMakeFiles/yhs_can_interfaces__rosidl_typesupport_fastrtps_cpp.dir/rosidl_typesupport_fastrtps_cpp/yhs_can_interfaces/msg/detail/dds_fastrtps/ultrasonic__type_support.cpp.o\x1b[0m\n'}
[22.438265] (-) TimerEvent: {}
[22.499843] (yhs_can_interfaces) StdoutLine: {'line': b'[ 53%] \x1b[32mBuilding CXX object CMakeFiles/yhs_can_interfaces__rosidl_typesupport_fastrtps_c.dir/rosidl_typesupport_fastrtps_c/yhs_can_interfaces/msg/detail/ultrasonic__type_support_c.cpp.o\x1b[0m\n'}
[22.538414] (-) TimerEvent: {}
[22.639208] (-) TimerEvent: {}
[22.740059] (-) TimerEvent: {}
[22.840873] (-) TimerEvent: {}
[22.941821] (-) TimerEvent: {}
[23.015871] (yhs_can_interfaces) StdoutLine: {'line': b'[ 53%] \x1b[32mBuilding CXX object CMakeFiles/yhs_can_interfaces__rosidl_typesupport_introspection_cpp.dir/rosidl_typesupport_introspection_cpp/yhs_can_interfaces/msg/detail/motor_cmd__type_support.cpp.o\x1b[0m\n'}
[23.041976] (-) TimerEvent: {}
[23.142758] (-) TimerEvent: {}
[23.238368] (yhs_can_interfaces) StdoutLine: {'line': b'\x1b[35m\x1b[1mConsolidate compiler generated dependencies of target yhs_can_interfaces__rosidl_typesupport_introspection_c\x1b[0m\n'}
[23.242910] (-) TimerEvent: {}
[23.277725] (yhs_can_interfaces) StdoutLine: {'line': b'[ 53%] \x1b[32mBuilding C object CMakeFiles/yhs_can_interfaces__rosidl_typesupport_introspection_c.dir/rosidl_typesupport_introspection_c/yhs_can_interfaces/msg/detail/bms_flag_fb__type_support.c.o\x1b[0m\n'}
[23.303458] (yhs_can_interfaces) StdoutLine: {'line': b'[ 54%] \x1b[32mBuilding CXX object CMakeFiles/yhs_can_interfaces__rosidl_typesupport_fastrtps_c.dir/rosidl_typesupport_fastrtps_c/yhs_can_interfaces/msg/detail/error_fb__type_support_c.cpp.o\x1b[0m\n'}
[23.326003] (yhs_can_interfaces) StdoutLine: {'line': b'[ 55%] \x1b[32mBuilding CXX object CMakeFiles/yhs_can_interfaces__rosidl_typesupport_fastrtps_cpp.dir/rosidl_typesupport_fastrtps_cpp/yhs_can_interfaces/msg/detail/dds_fastrtps/error_fb__type_support.cpp.o\x1b[0m\n'}
[23.343078] (-) TimerEvent: {}
[23.348021] (yhs_can_interfaces) StdoutLine: {'line': b'[ 56%] \x1b[32mBuilding C object CMakeFiles/yhs_can_interfaces__rosidl_typesupport_introspection_c.dir/rosidl_typesupport_introspection_c/yhs_can_interfaces/msg/detail/bms_fb__type_support.c.o\x1b[0m\n'}
[23.426634] (yhs_can_interfaces) StdoutLine: {'line': b'[ 56%] \x1b[32mBuilding C object CMakeFiles/yhs_can_interfaces__rosidl_typesupport_introspection_c.dir/rosidl_typesupport_introspection_c/yhs_can_interfaces/msg/detail/chassis_info_fb__type_support.c.o\x1b[0m\n'}
[23.443239] (-) TimerEvent: {}
[23.514758] (yhs_can_interfaces) StdoutLine: {'line': b'[ 57%] \x1b[32mBuilding C object CMakeFiles/yhs_can_interfaces__rosidl_typesupport_introspection_c.dir/rosidl_typesupport_introspection_c/yhs_can_interfaces/msg/detail/ctrl_cmd__type_support.c.o\x1b[0m\n'}
[23.543417] (-) TimerEvent: {}
[23.583038] (yhs_can_interfaces) StdoutLine: {'line': b'[ 58%] \x1b[32mBuilding C object CMakeFiles/yhs_can_interfaces__rosidl_typesupport_introspection_c.dir/rosidl_typesupport_introspection_c/yhs_can_interfaces/msg/detail/ctrl_fb__type_support.c.o\x1b[0m\n'}
[23.643581] (-) TimerEvent: {}
[23.667831] (yhs_can_interfaces) StdoutLine: {'line': b'[ 58%] \x1b[32mBuilding C object CMakeFiles/yhs_can_interfaces__rosidl_typesupport_introspection_c.dir/rosidl_typesupport_introspection_c/yhs_can_interfaces/msg/detail/steering_ctrl_cmd__type_support.c.o\x1b[0m\n'}
[23.743757] (-) TimerEvent: {}
[23.754504] (yhs_can_interfaces) StdoutLine: {'line': b'[ 59%] \x1b[32mBuilding C object CMakeFiles/yhs_can_interfaces__rosidl_typesupport_introspection_c.dir/rosidl_typesupport_introspection_c/yhs_can_interfaces/msg/detail/steering_ctrl_fb__type_support.c.o\x1b[0m\n'}
[23.824053] (yhs_can_interfaces) StdoutLine: {'line': b'[ 59%] \x1b[32mBuilding C object CMakeFiles/yhs_can_interfaces__rosidl_typesupport_introspection_c.dir/rosidl_typesupport_introspection_c/yhs_can_interfaces/msg/detail/front_angle_fb__type_support.c.o\x1b[0m\n'}
[23.843916] (-) TimerEvent: {}
[23.911070] (yhs_can_interfaces) StdoutLine: {'line': b'[ 61%] \x1b[32mBuilding C object CMakeFiles/yhs_can_interfaces__rosidl_typesupport_introspection_c.dir/rosidl_typesupport_introspection_c/yhs_can_interfaces/msg/detail/io_cmd__type_support.c.o\x1b[0m\n'}
[23.911485] (yhs_can_interfaces) StdoutLine: {'line': b'[ 61%] \x1b[32mBuilding CXX object CMakeFiles/yhs_can_interfaces__rosidl_typesupport_introspection_cpp.dir/rosidl_typesupport_introspection_cpp/yhs_can_interfaces/msg/detail/motor_fb__type_support.cpp.o\x1b[0m\n'}
[23.944089] (-) TimerEvent: {}
[23.978597] (yhs_can_interfaces) StdoutLine: {'line': b'[ 61%] \x1b[32mBuilding C object CMakeFiles/yhs_can_interfaces__rosidl_typesupport_introspection_c.dir/rosidl_typesupport_introspection_c/yhs_can_interfaces/msg/detail/io_fb__type_support.c.o\x1b[0m\n'}
[24.044254] (-) TimerEvent: {}
[24.063609] (yhs_can_interfaces) StdoutLine: {'line': b'[ 62%] \x1b[32mBuilding C object CMakeFiles/yhs_can_interfaces__rosidl_typesupport_introspection_c.dir/rosidl_typesupport_introspection_c/yhs_can_interfaces/msg/detail/lr_wheel_fb__type_support.c.o\x1b[0m\n'}
[24.105447] (yhs_can_interfaces) StdoutLine: {'line': b'[ 62%] \x1b[32mBuilding CXX object CMakeFiles/yhs_can_interfaces__rosidl_typesupport_fastrtps_c.dir/rosidl_typesupport_fastrtps_c/yhs_can_interfaces/msg/detail/motor_cmd__type_support_c.cpp.o\x1b[0m\n'}
[24.130271] (yhs_can_interfaces) StdoutLine: {'line': b'[ 62%] \x1b[32mBuilding C object CMakeFiles/yhs_can_interfaces__rosidl_typesupport_introspection_c.dir/rosidl_typesupport_introspection_c/yhs_can_interfaces/msg/detail/rr_wheel_fb__type_support.c.o\x1b[0m\n'}
[24.144424] (-) TimerEvent: {}
[24.209881] (yhs_can_interfaces) StdoutLine: {'line': b'[ 63%] \x1b[32mBuilding C object CMakeFiles/yhs_can_interfaces__rosidl_typesupport_introspection_c.dir/rosidl_typesupport_introspection_c/yhs_can_interfaces/msg/detail/lf_wheel_fb__type_support.c.o\x1b[0m\n'}
[24.244593] (-) TimerEvent: {}
[24.264507] (yhs_can_interfaces) StdoutLine: {'line': b'[ 63%] \x1b[32mBuilding CXX object CMakeFiles/yhs_can_interfaces__rosidl_typesupport_fastrtps_cpp.dir/rosidl_typesupport_fastrtps_cpp/yhs_can_interfaces/msg/detail/dds_fastrtps/motor_cmd__type_support.cpp.o\x1b[0m\n'}
[24.276165] (yhs_can_interfaces) StdoutLine: {'line': b'[ 63%] \x1b[32mBuilding C object CMakeFiles/yhs_can_interfaces__rosidl_typesupport_introspection_c.dir/rosidl_typesupport_introspection_c/yhs_can_interfaces/msg/detail/rf_wheel_fb__type_support.c.o\x1b[0m\n'}
[24.344740] (-) TimerEvent: {}
[24.354092] (yhs_can_interfaces) StdoutLine: {'line': b'[ 64%] \x1b[32mBuilding C object CMakeFiles/yhs_can_interfaces__rosidl_typesupport_introspection_c.dir/rosidl_typesupport_introspection_c/yhs_can_interfaces/msg/detail/rear_angle_fb__type_support.c.o\x1b[0m\n'}
[24.420120] (yhs_can_interfaces) StdoutLine: {'line': b'[ 64%] \x1b[32mBuilding C object CMakeFiles/yhs_can_interfaces__rosidl_typesupport_introspection_c.dir/rosidl_typesupport_introspection_c/yhs_can_interfaces/msg/detail/ultrasonic__type_support.c.o\x1b[0m\n'}
[24.444911] (-) TimerEvent: {}
[24.502468] (yhs_can_interfaces) StdoutLine: {'line': b'[ 65%] \x1b[32mBuilding C object CMakeFiles/yhs_can_interfaces__rosidl_typesupport_introspection_c.dir/rosidl_typesupport_introspection_c/yhs_can_interfaces/msg/detail/error_fb__type_support.c.o\x1b[0m\n'}
[24.545089] (-) TimerEvent: {}
[24.570950] (yhs_can_interfaces) StdoutLine: {'line': b'[ 65%] \x1b[32mBuilding C object CMakeFiles/yhs_can_interfaces__rosidl_typesupport_introspection_c.dir/rosidl_typesupport_introspection_c/yhs_can_interfaces/msg/detail/motor_cmd__type_support.c.o\x1b[0m\n'}
[24.645269] (-) TimerEvent: {}
[24.651202] (yhs_can_interfaces) StdoutLine: {'line': b'[ 66%] \x1b[32mBuilding C object CMakeFiles/yhs_can_interfaces__rosidl_typesupport_introspection_c.dir/rosidl_typesupport_introspection_c/yhs_can_interfaces/msg/detail/motor_fb__type_support.c.o\x1b[0m\n'}
[24.720116] (yhs_can_interfaces) StdoutLine: {'line': b'[ 66%] \x1b[32mBuilding C object CMakeFiles/yhs_can_interfaces__rosidl_typesupport_introspection_c.dir/rosidl_typesupport_introspection_c/yhs_can_interfaces/msg/detail/drive_motor_current_fb__type_support.c.o\x1b[0m\n'}
[24.745442] (-) TimerEvent: {}
[24.806212] (yhs_can_interfaces) StdoutLine: {'line': b'[ 67%] \x1b[32mBuilding CXX object CMakeFiles/yhs_can_interfaces__rosidl_typesupport_introspection_cpp.dir/rosidl_typesupport_introspection_cpp/yhs_can_interfaces/msg/detail/drive_motor_current_fb__type_support.cpp.o\x1b[0m\n'}
[24.806625] (yhs_can_interfaces) StdoutLine: {'line': b'[ 67%] \x1b[32mBuilding C object CMakeFiles/yhs_can_interfaces__rosidl_typesupport_introspection_c.dir/rosidl_typesupport_introspection_c/yhs_can_interfaces/msg/detail/steering_motor_current_fb__type_support.c.o\x1b[0m\n'}
[24.845586] (-) TimerEvent: {}
[24.872789] (yhs_can_interfaces) StdoutLine: {'line': b'[ 67%] \x1b[32m\x1b[1mLinking C shared library libyhs_can_interfaces__rosidl_typesupport_introspection_c.so\x1b[0m\n'}
[24.910433] (yhs_can_interfaces) StdoutLine: {'line': b'[ 68%] \x1b[32mBuilding CXX object CMakeFiles/yhs_can_interfaces__rosidl_typesupport_fastrtps_c.dir/rosidl_typesupport_fastrtps_c/yhs_can_interfaces/msg/detail/motor_fb__type_support_c.cpp.o\x1b[0m\n'}
[24.945744] (-) TimerEvent: {}
[24.946598] (yhs_can_interfaces) StdoutLine: {'line': b'[ 68%] Built target yhs_can_interfaces__rosidl_typesupport_introspection_c\n'}
[24.968544] (yhs_can_interfaces) StdoutLine: {'line': b'[ 69%] \x1b[34m\x1b[1mGenerating C type support dispatch for ROS interfaces\x1b[0m\n'}
[25.045921] (-) TimerEvent: {}
[25.146801] (-) TimerEvent: {}
[25.229950] (yhs_can_interfaces) StdoutLine: {'line': b'[ 70%] \x1b[32mBuilding CXX object CMakeFiles/yhs_can_interfaces__rosidl_typesupport_fastrtps_cpp.dir/rosidl_typesupport_fastrtps_cpp/yhs_can_interfaces/msg/detail/dds_fastrtps/motor_fb__type_support.cpp.o\x1b[0m\n'}
[25.246953] (-) TimerEvent: {}
[25.347746] (-) TimerEvent: {}
[25.448584] (-) TimerEvent: {}
[25.549397] (-) TimerEvent: {}
[25.650290] (-) TimerEvent: {}
[25.689649] (yhs_can_interfaces) StdoutLine: {'line': b'[ 71%] \x1b[32mBuilding CXX object CMakeFiles/yhs_can_interfaces__rosidl_typesupport_introspection_cpp.dir/rosidl_typesupport_introspection_cpp/yhs_can_interfaces/msg/detail/steering_motor_current_fb__type_support.cpp.o\x1b[0m\n'}
[25.697214] (yhs_can_interfaces) StdoutLine: {'line': b'[ 71%] \x1b[32mBuilding CXX object CMakeFiles/yhs_can_interfaces__rosidl_typesupport_fastrtps_c.dir/rosidl_typesupport_fastrtps_c/yhs_can_interfaces/msg/detail/drive_motor_current_fb__type_support_c.cpp.o\x1b[0m\n'}
[25.750427] (-) TimerEvent: {}
[25.851176] (-) TimerEvent: {}
[25.951996] (-) TimerEvent: {}
[26.052849] (-) TimerEvent: {}
[26.153833] (-) TimerEvent: {}
[26.170436] (yhs_can_interfaces) StdoutLine: {'line': b'[ 71%] \x1b[32mBuilding CXX object CMakeFiles/yhs_can_interfaces__rosidl_typesupport_fastrtps_cpp.dir/rosidl_typesupport_fastrtps_cpp/yhs_can_interfaces/msg/detail/dds_fastrtps/drive_motor_current_fb__type_support.cpp.o\x1b[0m\n'}
[26.253981] (-) TimerEvent: {}
[26.354794] (-) TimerEvent: {}
[26.455650] (-) TimerEvent: {}
[26.484585] (yhs_can_interfaces) StdoutLine: {'line': b'[ 72%] \x1b[32mBuilding CXX object CMakeFiles/yhs_can_interfaces__rosidl_typesupport_fastrtps_c.dir/rosidl_typesupport_fastrtps_c/yhs_can_interfaces/msg/detail/steering_motor_current_fb__type_support_c.cpp.o\x1b[0m\n'}
[26.555824] (-) TimerEvent: {}
[26.563785] (yhs_can_interfaces) StdoutLine: {'line': b'[ 73%] \x1b[32m\x1b[1mLinking CXX shared library libyhs_can_interfaces__rosidl_typesupport_introspection_cpp.so\x1b[0m\n'}
[26.655992] (-) TimerEvent: {}
[26.723577] (yhs_can_interfaces) StdoutLine: {'line': b'[ 73%] Built target yhs_can_interfaces__rosidl_typesupport_introspection_cpp\n'}
[26.741663] (yhs_can_interfaces) StdoutLine: {'line': b'[ 74%] \x1b[32mBuilding CXX object CMakeFiles/yhs_can_interfaces__rosidl_typesupport_fastrtps_cpp.dir/rosidl_typesupport_fastrtps_cpp/yhs_can_interfaces/msg/detail/dds_fastrtps/steering_motor_current_fb__type_support.cpp.o\x1b[0m\n'}
[26.756166] (-) TimerEvent: {}
[26.857030] (-) TimerEvent: {}
[26.957869] (-) TimerEvent: {}
[27.050624] (yhs_can_interfaces) StdoutLine: {'line': b'\x1b[35m\x1b[1mConsolidate compiler generated dependencies of target yhs_can_interfaces__rosidl_typesupport_c\x1b[0m\n'}
[27.058030] (-) TimerEvent: {}
[27.082176] (yhs_can_interfaces) StdoutLine: {'line': b'[ 74%] \x1b[32mBuilding CXX object CMakeFiles/yhs_can_interfaces__rosidl_typesupport_c.dir/rosidl_typesupport_c/yhs_can_interfaces/msg/bms_flag_fb__type_support.cpp.o\x1b[0m\n'}
[27.140185] (yhs_can_interfaces) StdoutLine: {'line': b'[ 75%] \x1b[32mBuilding CXX object CMakeFiles/yhs_can_interfaces__rosidl_typesupport_c.dir/rosidl_typesupport_c/yhs_can_interfaces/msg/bms_fb__type_support.cpp.o\x1b[0m\n'}
[27.145282] (yhs_can_interfaces) StdoutLine: {'line': b'[ 75%] \x1b[32mBuilding CXX object CMakeFiles/yhs_can_interfaces__rosidl_typesupport_c.dir/rosidl_typesupport_c/yhs_can_interfaces/msg/chassis_info_fb__type_support.cpp.o\x1b[0m\n'}
[27.158193] (-) TimerEvent: {}
[27.202443] (yhs_can_interfaces) StdoutLine: {'line': b'[ 76%] \x1b[32mBuilding CXX object CMakeFiles/yhs_can_interfaces__rosidl_typesupport_c.dir/rosidl_typesupport_c/yhs_can_interfaces/msg/ctrl_cmd__type_support.cpp.o\x1b[0m\n'}
[27.211751] (yhs_can_interfaces) StdoutLine: {'line': b'[ 76%] \x1b[32mBuilding CXX object CMakeFiles/yhs_can_interfaces__rosidl_typesupport_c.dir/rosidl_typesupport_c/yhs_can_interfaces/msg/ctrl_fb__type_support.cpp.o\x1b[0m\n'}
[27.258350] (-) TimerEvent: {}
[27.264000] (yhs_can_interfaces) StdoutLine: {'line': b'[ 77%] \x1b[32mBuilding CXX object CMakeFiles/yhs_can_interfaces__rosidl_typesupport_c.dir/rosidl_typesupport_c/yhs_can_interfaces/msg/steering_ctrl_cmd__type_support.cpp.o\x1b[0m\n'}
[27.273755] (yhs_can_interfaces) StdoutLine: {'line': b'[ 77%] \x1b[32mBuilding CXX object CMakeFiles/yhs_can_interfaces__rosidl_typesupport_c.dir/rosidl_typesupport_c/yhs_can_interfaces/msg/steering_ctrl_fb__type_support.cpp.o\x1b[0m\n'}
[27.291036] (yhs_can_interfaces) StdoutLine: {'line': b'[ 77%] \x1b[32m\x1b[1mLinking CXX shared library libyhs_can_interfaces__rosidl_typesupport_fastrtps_c.so\x1b[0m\n'}
[27.325018] (yhs_can_interfaces) StdoutLine: {'line': b'[ 78%] \x1b[32mBuilding CXX object CMakeFiles/yhs_can_interfaces__rosidl_typesupport_c.dir/rosidl_typesupport_c/yhs_can_interfaces/msg/front_angle_fb__type_support.cpp.o\x1b[0m\n'}
[27.333491] (yhs_can_interfaces) StdoutLine: {'line': b'[ 78%] \x1b[32mBuilding CXX object CMakeFiles/yhs_can_interfaces__rosidl_typesupport_c.dir/rosidl_typesupport_c/yhs_can_interfaces/msg/io_cmd__type_support.cpp.o\x1b[0m\n'}
[27.358517] (-) TimerEvent: {}
[27.389765] (yhs_can_interfaces) StdoutLine: {'line': b'[ 79%] \x1b[32mBuilding CXX object CMakeFiles/yhs_can_interfaces__rosidl_typesupport_c.dir/rosidl_typesupport_c/yhs_can_interfaces/msg/io_fb__type_support.cpp.o\x1b[0m\n'}
[27.400265] (yhs_can_interfaces) StdoutLine: {'line': b'[ 79%] \x1b[32mBuilding CXX object CMakeFiles/yhs_can_interfaces__rosidl_typesupport_c.dir/rosidl_typesupport_c/yhs_can_interfaces/msg/lr_wheel_fb__type_support.cpp.o\x1b[0m\n'}
[27.458687] (-) TimerEvent: {}
[27.471069] (yhs_can_interfaces) StdoutLine: {'line': b'[ 80%] \x1b[32mBuilding CXX object CMakeFiles/yhs_can_interfaces__rosidl_typesupport_c.dir/rosidl_typesupport_c/yhs_can_interfaces/msg/rr_wheel_fb__type_support.cpp.o\x1b[0m\n'}
[27.472920] (yhs_can_interfaces) StdoutLine: {'line': b'[ 80%] \x1b[32mBuilding CXX object CMakeFiles/yhs_can_interfaces__rosidl_typesupport_c.dir/rosidl_typesupport_c/yhs_can_interfaces/msg/lf_wheel_fb__type_support.cpp.o\x1b[0m\n'}
[27.490428] (yhs_can_interfaces) StdoutLine: {'line': b'[ 80%] Built target yhs_can_interfaces__rosidl_typesupport_fastrtps_c\n'}
[27.507256] (yhs_can_interfaces) StdoutLine: {'line': b'[ 81%] \x1b[32mBuilding CXX object CMakeFiles/yhs_can_interfaces__rosidl_typesupport_c.dir/rosidl_typesupport_c/yhs_can_interfaces/msg/rf_wheel_fb__type_support.cpp.o\x1b[0m\n'}
[27.530197] (yhs_can_interfaces) StdoutLine: {'line': b'[ 81%] \x1b[32mBuilding CXX object CMakeFiles/yhs_can_interfaces__rosidl_typesupport_c.dir/rosidl_typesupport_c/yhs_can_interfaces/msg/rear_angle_fb__type_support.cpp.o\x1b[0m\n'}
[27.532469] (yhs_can_interfaces) StdoutLine: {'line': b'[ 82%] \x1b[32mBuilding CXX object CMakeFiles/yhs_can_interfaces__rosidl_typesupport_c.dir/rosidl_typesupport_c/yhs_can_interfaces/msg/ultrasonic__type_support.cpp.o\x1b[0m\n'}
[27.558841] (-) TimerEvent: {}
[27.571078] (yhs_can_interfaces) StdoutLine: {'line': b'[ 83%] \x1b[32mBuilding CXX object CMakeFiles/yhs_can_interfaces__rosidl_typesupport_c.dir/rosidl_typesupport_c/yhs_can_interfaces/msg/error_fb__type_support.cpp.o\x1b[0m\n'}
[27.587894] (yhs_can_interfaces) StdoutLine: {'line': b'[ 83%] \x1b[32mBuilding CXX object CMakeFiles/yhs_can_interfaces__rosidl_typesupport_c.dir/rosidl_typesupport_c/yhs_can_interfaces/msg/motor_cmd__type_support.cpp.o\x1b[0m\n'}
[27.590433] (yhs_can_interfaces) StdoutLine: {'line': b'[ 84%] \x1b[32mBuilding CXX object CMakeFiles/yhs_can_interfaces__rosidl_typesupport_c.dir/rosidl_typesupport_c/yhs_can_interfaces/msg/motor_fb__type_support.cpp.o\x1b[0m\n'}
[27.632425] (yhs_can_interfaces) StdoutLine: {'line': b'[ 84%] \x1b[32mBuilding CXX object CMakeFiles/yhs_can_interfaces__rosidl_typesupport_c.dir/rosidl_typesupport_c/yhs_can_interfaces/msg/drive_motor_current_fb__type_support.cpp.o\x1b[0m\n'}
[27.646329] (yhs_can_interfaces) StdoutLine: {'line': b'[ 85%] \x1b[32mBuilding CXX object CMakeFiles/yhs_can_interfaces__rosidl_typesupport_c.dir/rosidl_typesupport_c/yhs_can_interfaces/msg/steering_motor_current_fb__type_support.cpp.o\x1b[0m\n'}
[27.658999] (-) TimerEvent: {}
[27.700056] (yhs_can_interfaces) StdoutLine: {'line': b'[ 85%] \x1b[32m\x1b[1mLinking CXX shared library libyhs_can_interfaces__rosidl_typesupport_c.so\x1b[0m\n'}
[27.700497] (yhs_can_interfaces) StdoutLine: {'line': b'[ 85%] \x1b[32m\x1b[1mLinking CXX shared library libyhs_can_interfaces__rosidl_typesupport_fastrtps_cpp.so\x1b[0m\n'}
[27.759210] (-) TimerEvent: {}
[27.777389] (yhs_can_interfaces) StdoutLine: {'line': b'[ 85%] Built target yhs_can_interfaces__rosidl_typesupport_c\n'}
[27.836383] (yhs_can_interfaces) StdoutLine: {'line': b'[ 85%] Built target yhs_can_interfaces__rosidl_typesupport_fastrtps_cpp\n'}
[27.859370] (-) TimerEvent: {}
[27.859686] (yhs_can_interfaces) StdoutLine: {'line': b'[ 85%] Built target yhs_can_interfaces\n'}
[27.884613] (yhs_can_interfaces) StdoutLine: {'line': b'[ 86%] \x1b[34m\x1b[1mGenerating Python code for ROS interfaces\x1b[0m\n'}
[27.959516] (-) TimerEvent: {}
[28.059879] (-) TimerEvent: {}
[28.160266] (-) TimerEvent: {}
[28.260608] (-) TimerEvent: {}
[28.360957] (-) TimerEvent: {}
[28.461303] (-) TimerEvent: {}
[28.561665] (-) TimerEvent: {}
[28.661995] (-) TimerEvent: {}
[28.762310] (-) TimerEvent: {}
[28.862663] (-) TimerEvent: {}
[28.963009] (-) TimerEvent: {}
[29.063342] (-) TimerEvent: {}
[29.163719] (-) TimerEvent: {}
[29.264112] (-) TimerEvent: {}
[29.364451] (-) TimerEvent: {}
[29.464777] (-) TimerEvent: {}
[29.565080] (-) TimerEvent: {}
[29.665410] (-) TimerEvent: {}
[29.765746] (-) TimerEvent: {}
[29.866102] (-) TimerEvent: {}
[29.982239] (-) TimerEvent: {}
[30.082583] (-) TimerEvent: {}
[30.182936] (-) TimerEvent: {}
[30.283295] (-) TimerEvent: {}
[30.383650] (-) TimerEvent: {}
[30.484011] (-) TimerEvent: {}
[30.584374] (-) TimerEvent: {}
[30.684734] (-) TimerEvent: {}
[30.785070] (-) TimerEvent: {}
[30.885396] (-) TimerEvent: {}
[30.985714] (-) TimerEvent: {}
[31.086074] (-) TimerEvent: {}
[31.186510] (-) TimerEvent: {}
[31.263077] (yhs_can_interfaces) StdoutLine: {'line': b'[ 86%] Built target yhs_can_interfaces__py\n'}
[31.281097] (yhs_can_interfaces) StdoutLine: {'line': b'\x1b[35m\x1b[1mConsolidate compiler generated dependencies of target yhs_can_interfaces__rosidl_generator_py\x1b[0m\n'}
[31.286624] (-) TimerEvent: {}
[31.319809] (yhs_can_interfaces) StdoutLine: {'line': b'[ 87%] \x1b[32mBuilding C object CMakeFiles/yhs_can_interfaces__rosidl_generator_py.dir/rosidl_generator_py/yhs_can_interfaces/msg/_bms_flag_fb_s.c.o\x1b[0m\n'}
[31.320218] (yhs_can_interfaces) StdoutLine: {'line': b'[ 87%] \x1b[32mBuilding C object CMakeFiles/yhs_can_interfaces__rosidl_generator_py.dir/rosidl_generator_py/yhs_can_interfaces/msg/_chassis_info_fb_s.c.o\x1b[0m\n'}
[31.320471] (yhs_can_interfaces) StdoutLine: {'line': b'[ 87%] \x1b[32mBuilding C object CMakeFiles/yhs_can_interfaces__rosidl_generator_py.dir/rosidl_generator_py/yhs_can_interfaces/msg/_bms_fb_s.c.o\x1b[0m\n'}
[31.322112] (yhs_can_interfaces) StdoutLine: {'line': b'[ 88%] \x1b[32mBuilding C object CMakeFiles/yhs_can_interfaces__rosidl_generator_py.dir/rosidl_generator_py/yhs_can_interfaces/msg/_ctrl_cmd_s.c.o\x1b[0m\n'}
[31.386799] (-) TimerEvent: {}
[31.487619] (-) TimerEvent: {}
[31.536553] (yhs_can_interfaces) StdoutLine: {'line': b'[ 88%] \x1b[32mBuilding C object CMakeFiles/yhs_can_interfaces__rosidl_generator_py.dir/rosidl_generator_py/yhs_can_interfaces/msg/_ctrl_fb_s.c.o\x1b[0m\n'}
[31.545163] (yhs_can_interfaces) StdoutLine: {'line': b'[ 89%] \x1b[32mBuilding C object CMakeFiles/yhs_can_interfaces__rosidl_generator_py.dir/rosidl_generator_py/yhs_can_interfaces/msg/_steering_ctrl_cmd_s.c.o\x1b[0m\n'}
[31.559182] (yhs_can_interfaces) StdoutLine: {'line': b'[ 90%] \x1b[32mBuilding C object CMakeFiles/yhs_can_interfaces__rosidl_generator_py.dir/rosidl_generator_py/yhs_can_interfaces/msg/_steering_ctrl_fb_s.c.o\x1b[0m\n'}
[31.559556] (yhs_can_interfaces) StdoutLine: {'line': b'[ 90%] \x1b[32mBuilding C object CMakeFiles/yhs_can_interfaces__rosidl_generator_py.dir/rosidl_generator_py/yhs_can_interfaces/msg/_front_angle_fb_s.c.o\x1b[0m\n'}
[31.587775] (-) TimerEvent: {}
[31.688589] (-) TimerEvent: {}
[31.755823] (yhs_can_interfaces) StdoutLine: {'line': b'[ 90%] \x1b[32mBuilding C object CMakeFiles/yhs_can_interfaces__rosidl_generator_py.dir/rosidl_generator_py/yhs_can_interfaces/msg/_io_cmd_s.c.o\x1b[0m\n'}
[31.762710] (yhs_can_interfaces) StdoutLine: {'line': b'[ 91%] \x1b[32mBuilding C object CMakeFiles/yhs_can_interfaces__rosidl_generator_py.dir/rosidl_generator_py/yhs_can_interfaces/msg/_io_fb_s.c.o\x1b[0m\n'}
[31.775172] (yhs_can_interfaces) StdoutLine: {'line': b'[ 91%] \x1b[32mBuilding C object CMakeFiles/yhs_can_interfaces__rosidl_generator_py.dir/rosidl_generator_py/yhs_can_interfaces/msg/_lr_wheel_fb_s.c.o\x1b[0m\n'}
[31.779501] (yhs_can_interfaces) StdoutLine: {'line': b'[ 92%] \x1b[32mBuilding C object CMakeFiles/yhs_can_interfaces__rosidl_generator_py.dir/rosidl_generator_py/yhs_can_interfaces/msg/_rr_wheel_fb_s.c.o\x1b[0m\n'}
[31.788744] (-) TimerEvent: {}
[31.889284] (-) TimerEvent: {}
[31.984909] (yhs_can_interfaces) StdoutLine: {'line': b'[ 92%] \x1b[32mBuilding C object CMakeFiles/yhs_can_interfaces__rosidl_generator_py.dir/rosidl_generator_py/yhs_can_interfaces/msg/_lf_wheel_fb_s.c.o\x1b[0m\n'}
[31.989473] (-) TimerEvent: {}
[31.991656] (yhs_can_interfaces) StdoutLine: {'line': b'[ 93%] \x1b[32mBuilding C object CMakeFiles/yhs_can_interfaces__rosidl_generator_py.dir/rosidl_generator_py/yhs_can_interfaces/msg/_rf_wheel_fb_s.c.o\x1b[0m\n'}
[31.998083] (yhs_can_interfaces) StdoutLine: {'line': b'[ 93%] \x1b[32mBuilding C object CMakeFiles/yhs_can_interfaces__rosidl_generator_py.dir/rosidl_generator_py/yhs_can_interfaces/msg/_rear_angle_fb_s.c.o\x1b[0m\n'}
[32.014857] (yhs_can_interfaces) StdoutLine: {'line': b'[ 94%] \x1b[32mBuilding C object CMakeFiles/yhs_can_interfaces__rosidl_generator_py.dir/rosidl_generator_py/yhs_can_interfaces/msg/_ultrasonic_s.c.o\x1b[0m\n'}
[32.089586] (-) TimerEvent: {}
[32.190128] (-) TimerEvent: {}
[32.203882] (yhs_can_interfaces) StdoutLine: {'line': b'[ 94%] \x1b[32mBuilding C object CMakeFiles/yhs_can_interfaces__rosidl_generator_py.dir/rosidl_generator_py/yhs_can_interfaces/msg/_error_fb_s.c.o\x1b[0m\n'}
[32.208615] (yhs_can_interfaces) StdoutLine: {'line': b'[ 96%] \x1b[32mBuilding C object CMakeFiles/yhs_can_interfaces__rosidl_generator_py.dir/rosidl_generator_py/yhs_can_interfaces/msg/_motor_fb_s.c.o\x1b[0m\n'}
[32.209006] (yhs_can_interfaces) StdoutLine: {'line': b'[ 96%] \x1b[32mBuilding C object CMakeFiles/yhs_can_interfaces__rosidl_generator_py.dir/rosidl_generator_py/yhs_can_interfaces/msg/_motor_cmd_s.c.o\x1b[0m\n'}
[32.237914] (yhs_can_interfaces) StdoutLine: {'line': b'[ 96%] \x1b[32mBuilding C object CMakeFiles/yhs_can_interfaces__rosidl_generator_py.dir/rosidl_generator_py/yhs_can_interfaces/msg/_drive_motor_current_fb_s.c.o\x1b[0m\n'}
[32.290287] (-) TimerEvent: {}
[32.390842] (-) TimerEvent: {}
[32.422296] (yhs_can_interfaces) StdoutLine: {'line': b'[ 97%] \x1b[32mBuilding C object CMakeFiles/yhs_can_interfaces__rosidl_generator_py.dir/rosidl_generator_py/yhs_can_interfaces/msg/_steering_motor_current_fb_s.c.o\x1b[0m\n'}
[32.490995] (-) TimerEvent: {}
[32.565866] (yhs_can_interfaces) StdoutLine: {'line': b'[ 97%] \x1b[32m\x1b[1mLinking C shared library rosidl_generator_py/yhs_can_interfaces/libyhs_can_interfaces__rosidl_generator_py.so\x1b[0m\n'}
[32.591160] (-) TimerEvent: {}
[32.622591] (yhs_can_interfaces) StdoutLine: {'line': b'[ 97%] Built target yhs_can_interfaces__rosidl_generator_py\n'}
[32.637964] (yhs_can_interfaces) StdoutLine: {'line': b'\x1b[35m\x1b[1mConsolidate compiler generated dependencies of target yhs_can_interfaces__rosidl_typesupport_introspection_c__pyext\x1b[0m\n'}
[32.638711] (yhs_can_interfaces) StdoutLine: {'line': b'\x1b[35m\x1b[1mConsolidate compiler generated dependencies of target yhs_can_interfaces__rosidl_typesupport_fastrtps_c__pyext\x1b[0m\n'}
[32.638981] (yhs_can_interfaces) StdoutLine: {'line': b'\x1b[35m\x1b[1mConsolidate compiler generated dependencies of target yhs_can_interfaces__rosidl_typesupport_c__pyext\x1b[0m\n'}
[32.662381] (yhs_can_interfaces) StdoutLine: {'line': b'[100%] \x1b[32mBuilding C object CMakeFiles/yhs_can_interfaces__rosidl_typesupport_introspection_c__pyext.dir/rosidl_generator_py/yhs_can_interfaces/_yhs_can_interfaces_s.ep.rosidl_typesupport_introspection_c.c.o\x1b[0m\n'}
[32.662759] (yhs_can_interfaces) StdoutLine: {'line': b'[100%] \x1b[32mBuilding C object CMakeFiles/yhs_can_interfaces__rosidl_typesupport_c__pyext.dir/rosidl_generator_py/yhs_can_interfaces/_yhs_can_interfaces_s.ep.rosidl_typesupport_c.c.o\x1b[0m\n'}
[32.663130] (yhs_can_interfaces) StdoutLine: {'line': b'[100%] \x1b[32mBuilding C object CMakeFiles/yhs_can_interfaces__rosidl_typesupport_fastrtps_c__pyext.dir/rosidl_generator_py/yhs_can_interfaces/_yhs_can_interfaces_s.ep.rosidl_typesupport_fastrtps_c.c.o\x1b[0m\n'}
[32.691342] (-) TimerEvent: {}
[32.792085] (-) TimerEvent: {}
[32.892867] (-) TimerEvent: {}
[32.983972] (yhs_can_interfaces) StdoutLine: {'line': b'[100%] \x1b[32m\x1b[1mLinking C shared library rosidl_generator_py/yhs_can_interfaces/yhs_can_interfaces_s__rosidl_typesupport_introspection_c.cpython-310-x86_64-linux-gnu.so\x1b[0m\n'}
[32.984395] (yhs_can_interfaces) StdoutLine: {'line': b'[100%] \x1b[32m\x1b[1mLinking C shared library rosidl_generator_py/yhs_can_interfaces/yhs_can_interfaces_s__rosidl_typesupport_fastrtps_c.cpython-310-x86_64-linux-gnu.so\x1b[0m\n'}
[32.984596] (yhs_can_interfaces) StdoutLine: {'line': b'[100%] \x1b[32m\x1b[1mLinking C shared library rosidl_generator_py/yhs_can_interfaces/yhs_can_interfaces_s__rosidl_typesupport_c.cpython-310-x86_64-linux-gnu.so\x1b[0m\n'}
[32.993057] (-) TimerEvent: {}
[33.067313] (yhs_can_interfaces) StdoutLine: {'line': b'[100%] Built target yhs_can_interfaces__rosidl_typesupport_fastrtps_c__pyext\n'}
[33.067701] (yhs_can_interfaces) StdoutLine: {'line': b'[100%] Built target yhs_can_interfaces__rosidl_typesupport_introspection_c__pyext\n'}
[33.068408] (yhs_can_interfaces) StdoutLine: {'line': b'[100%] Built target yhs_can_interfaces__rosidl_typesupport_c__pyext\n'}
[33.085393] (yhs_can_interfaces) CommandEnded: {'returncode': 0}
[33.086343] (yhs_can_interfaces) JobProgress: {'identifier': 'yhs_can_interfaces', 'progress': 'install'}
[33.093208] (-) TimerEvent: {}
[33.097299] (yhs_can_interfaces) Command: {'cmd': ['/usr/bin/cmake', '--install', '/home/jenter/package/work/build/yhs_can_interfaces'], 'cwd': '/home/jenter/package/work/build/yhs_can_interfaces', 'env': OrderedDict([('LESSOPEN', '| /usr/bin/lesspipe %s'), ('USER', 'jenter'), ('SSH_CLIENT', '192.168.0.4 53959 22'), ('LC_TIME', 'zh_CN.UTF-8'), ('XDG_SESSION_TYPE', 'tty'), ('SHLVL', '1'), ('LD_LIBRARY_PATH', '/opt/ros/humble/opt/rviz_ogre_vendor/lib:/opt/ros/humble/lib/x86_64-linux-gnu:/opt/ros/humble/lib'), ('MOTD_SHOWN', 'pam'), ('HOME', '/home/jenter'), ('OLDPWD', '/home/jenter/package/work/src'), ('SSH_TTY', '/dev/pts/1'), ('ROS_PYTHON_VERSION', '3'), ('LC_MONETARY', 'zh_CN.UTF-8'), ('DBUS_SESSION_BUS_ADDRESS', 'unix:path=/run/user/1000/bus'), ('ROS_DISTRO', 'humble'), ('LOGNAME', 'jenter'), ('_', '/usr/bin/colcon'), ('ROS_VERSION', '2'), ('XDG_SESSION_CLASS', 'user'), ('TERM', 'vt100'), ('XDG_SESSION_ID', '5'), ('ROS_LOCALHOST_ONLY', '0'), ('PATH', '/opt/ros/humble/bin:/usr/local/sbin:/usr/local/bin:/usr/sbin:/usr/bin:/sbin:/bin:/usr/games:/usr/local/games:/snap/bin'), ('LC_ADDRESS', 'zh_CN.UTF-8'), ('XDG_RUNTIME_DIR', '/run/user/1000'), ('LANG', 'en_US.UTF-8'), ('LC_TELEPHONE', 'zh_CN.UTF-8'), ('LS_COLORS', 'rs=0:di=01;34:ln=01;36:mh=00:pi=40;33:so=01;35:do=01;35:bd=40;33;01:cd=40;33;01:or=40;31;01:mi=00:su=37;41:sg=30;43:ca=30;41:tw=30;42:ow=34;42:st=37;44:ex=01;32:*.tar=01;31:*.tgz=01;31:*.arc=01;31:*.arj=01;31:*.taz=01;31:*.lha=01;31:*.lz4=01;31:*.lzh=01;31:*.lzma=01;31:*.tlz=01;31:*.txz=01;31:*.tzo=01;31:*.t7z=01;31:*.zip=01;31:*.z=01;31:*.dz=01;31:*.gz=01;31:*.lrz=01;31:*.lz=01;31:*.lzo=01;31:*.xz=01;31:*.zst=01;31:*.tzst=01;31:*.bz2=01;31:*.bz=01;31:*.tbz=01;31:*.tbz2=01;31:*.tz=01;31:*.deb=01;31:*.rpm=01;31:*.jar=01;31:*.war=01;31:*.ear=01;31:*.sar=01;31:*.rar=01;31:*.alz=01;31:*.ace=01;31:*.zoo=01;31:*.cpio=01;31:*.7z=01;31:*.rz=01;31:*.cab=01;31:*.wim=01;31:*.swm=01;31:*.dwm=01;31:*.esd=01;31:*.jpg=01;35:*.jpeg=01;35:*.mjpg=01;35:*.mjpeg=01;35:*.gif=01;35:*.bmp=01;35:*.pbm=01;35:*.pgm=01;35:*.ppm=01;35:*.tga=01;35:*.xbm=01;35:*.xpm=01;35:*.tif=01;35:*.tiff=01;35:*.png=01;35:*.svg=01;35:*.svgz=01;35:*.mng=01;35:*.pcx=01;35:*.mov=01;35:*.mpg=01;35:*.mpeg=01;35:*.m2v=01;35:*.mkv=01;35:*.webm=01;35:*.webp=01;35:*.ogm=01;35:*.mp4=01;35:*.m4v=01;35:*.mp4v=01;35:*.vob=01;35:*.qt=01;35:*.nuv=01;35:*.wmv=01;35:*.asf=01;35:*.rm=01;35:*.rmvb=01;35:*.flc=01;35:*.avi=01;35:*.fli=01;35:*.flv=01;35:*.gl=01;35:*.dl=01;35:*.xcf=01;35:*.xwd=01;35:*.yuv=01;35:*.cgm=01;35:*.emf=01;35:*.ogv=01;35:*.ogx=01;35:*.aac=00;36:*.au=00;36:*.flac=00;36:*.m4a=00;36:*.mid=00;36:*.midi=00;36:*.mka=00;36:*.mp3=00;36:*.mpc=00;36:*.ogg=00;36:*.ra=00;36:*.wav=00;36:*.oga=00;36:*.opus=00;36:*.spx=00;36:*.xspf=00;36:'), ('AMENT_PREFIX_PATH', '/opt/ros/humble'), ('SHELL', '/bin/bash'), ('LC_NAME', 'zh_CN.UTF-8'), ('LESSCLOSE', '/usr/bin/lesspipe %s %s'), ('LC_MEASUREMENT', 'zh_CN.UTF-8'), ('LC_IDENTIFICATION', 'zh_CN.UTF-8'), ('PWD', '/home/jenter/package/work/build/yhs_can_interfaces'), ('LC_ALL', 'en_US.UTF-8'), ('SSH_CONNECTION', '192.168.0.4 53959 192.168.0.26 22'), ('XDG_DATA_DIRS', '/usr/share/gnome:/usr/local/share:/usr/share:/var/lib/snapd/desktop'), ('PYTHONPATH', '/opt/ros/humble/lib/python3.10/site-packages:/opt/ros/humble/local/lib/python3.10/dist-packages'), ('LC_NUMERIC', 'zh_CN.UTF-8'), ('LC_PAPER', 'zh_CN.UTF-8'), ('COLCON', '1'), ('CMAKE_PREFIX_PATH', '/opt/ros/humble')]), 'shell': False}
[33.107591] (yhs_can_interfaces) StdoutLine: {'line': b'-- Install configuration: ""\n'}
[33.107845] (yhs_can_interfaces) StdoutLine: {'line': b'-- Up-to-date: /home/jenter/package/work/install/yhs_can_interfaces/share/ament_index/resource_index/rosidl_interfaces/yhs_can_interfaces\n'}
[33.108079] (yhs_can_interfaces) StdoutLine: {'line': b'-- Up-to-date: /home/jenter/package/work/install/yhs_can_interfaces/include/yhs_can_interfaces/yhs_can_interfaces\n'}
[33.108342] (yhs_can_interfaces) StdoutLine: {'line': b'-- Up-to-date: /home/jenter/package/work/install/yhs_can_interfaces/include/yhs_can_interfaces/yhs_can_interfaces/msg\n'}
[33.108489] (yhs_can_interfaces) StdoutLine: {'line': b'-- Installing: /home/jenter/package/work/install/yhs_can_interfaces/include/yhs_can_interfaces/yhs_can_interfaces/msg/rr_wheel_fb.h\n'}
[33.108603] (yhs_can_interfaces) StdoutLine: {'line': b'-- Installing: /home/jenter/package/work/install/yhs_can_interfaces/include/yhs_can_interfaces/yhs_can_interfaces/msg/io_fb.h\n'}
[33.108729] (yhs_can_interfaces) StdoutLine: {'line': b'-- Up-to-date: /home/jenter/package/work/install/yhs_can_interfaces/include/yhs_can_interfaces/yhs_can_interfaces/msg/detail\n'}
[33.108835] (yhs_can_interfaces) StdoutLine: {'line': b'-- Installing: /home/jenter/package/work/install/yhs_can_interfaces/include/yhs_can_interfaces/yhs_can_interfaces/msg/detail/lr_wheel_fb__functions.c\n'}
[33.108958] (yhs_can_interfaces) StdoutLine: {'line': b'-- Installing: /home/jenter/package/work/install/yhs_can_interfaces/include/yhs_can_interfaces/yhs_can_interfaces/msg/detail/rear_angle_fb__functions.h\n'}
[33.109078] (yhs_can_interfaces) StdoutLine: {'line': b'-- Installing: /home/jenter/package/work/install/yhs_can_interfaces/include/yhs_can_interfaces/yhs_can_interfaces/msg/detail/lf_wheel_fb__struct.h\n'}
[33.109196] (yhs_can_interfaces) StdoutLine: {'line': b'-- Installing: /home/jenter/package/work/install/yhs_can_interfaces/include/yhs_can_interfaces/yhs_can_interfaces/msg/detail/io_cmd__functions.c\n'}
[33.109313] (yhs_can_interfaces) StdoutLine: {'line': b'-- Installing: /home/jenter/package/work/install/yhs_can_interfaces/include/yhs_can_interfaces/yhs_can_interfaces/msg/detail/rf_wheel_fb__struct.h\n'}
[33.109414] (yhs_can_interfaces) StdoutLine: {'line': b'-- Installing: /home/jenter/package/work/install/yhs_can_interfaces/include/yhs_can_interfaces/yhs_can_interfaces/msg/detail/steering_motor_current_fb__functions.h\n'}
[33.109537] (yhs_can_interfaces) StdoutLine: {'line': b'-- Installing: /home/jenter/package/work/install/yhs_can_interfaces/include/yhs_can_interfaces/yhs_can_interfaces/msg/detail/steering_ctrl_fb__functions.h\n'}
[33.109668] (yhs_can_interfaces) StdoutLine: {'line': b'-- Installing: /home/jenter/package/work/install/yhs_can_interfaces/include/yhs_can_interfaces/yhs_can_interfaces/msg/detail/io_fb__functions.c\n'}
[33.109812] (yhs_can_interfaces) StdoutLine: {'line': b'-- Installing: /home/jenter/package/work/install/yhs_can_interfaces/include/yhs_can_interfaces/yhs_can_interfaces/msg/detail/lf_wheel_fb__type_support.h\n'}
[33.109949] (yhs_can_interfaces) StdoutLine: {'line': b'-- Installing: /home/jenter/package/work/install/yhs_can_interfaces/include/yhs_can_interfaces/yhs_can_interfaces/msg/detail/drive_motor_current_fb__functions.c\n'}
[33.110113] (yhs_can_interfaces) StdoutLine: {'line': b'-- Installing: /home/jenter/package/work/install/yhs_can_interfaces/include/yhs_can_interfaces/yhs_can_interfaces/msg/detail/rear_angle_fb__functions.c\n'}
[33.110277] (yhs_can_interfaces) StdoutLine: {'line': b'-- Installing: /home/jenter/package/work/install/yhs_can_interfaces/include/yhs_can_interfaces/yhs_can_interfaces/msg/detail/io_fb__struct.h\n'}
[33.110439] (yhs_can_interfaces) StdoutLine: {'line': b'-- Installing: /home/jenter/package/work/install/yhs_can_interfaces/include/yhs_can_interfaces/yhs_can_interfaces/msg/detail/error_fb__functions.c\n'}
[33.110607] (yhs_can_interfaces) StdoutLine: {'line': b'-- Installing: /home/jenter/package/work/install/yhs_can_interfaces/include/yhs_can_interfaces/yhs_can_interfaces/msg/detail/error_fb__struct.h\n'}
[33.110768] (yhs_can_interfaces) StdoutLine: {'line': b'-- Installing: /home/jenter/package/work/install/yhs_can_interfaces/include/yhs_can_interfaces/yhs_can_interfaces/msg/detail/motor_cmd__struct.h\n'}
[33.110925] (yhs_can_interfaces) StdoutLine: {'line': b'-- Installing: /home/jenter/package/work/install/yhs_can_interfaces/include/yhs_can_interfaces/yhs_can_interfaces/msg/detail/ctrl_fb__type_support.h\n'}
[33.111085] (yhs_can_interfaces) StdoutLine: {'line': b'-- Installing: /home/jenter/package/work/install/yhs_can_interfaces/include/yhs_can_interfaces/yhs_can_interfaces/msg/detail/lr_wheel_fb__type_support.h\n'}
[33.111242] (yhs_can_interfaces) StdoutLine: {'line': b'-- Installing: /home/jenter/package/work/install/yhs_can_interfaces/include/yhs_can_interfaces/yhs_can_interfaces/msg/detail/ctrl_fb__functions.h\n'}
[33.111411] (yhs_can_interfaces) StdoutLine: {'line': b'-- Installing: /home/jenter/package/work/install/yhs_can_interfaces/include/yhs_can_interfaces/yhs_can_interfaces/msg/detail/motor_cmd__functions.h\n'}
[33.111578] (yhs_can_interfaces) StdoutLine: {'line': b'-- Installing: /home/jenter/package/work/install/yhs_can_interfaces/include/yhs_can_interfaces/yhs_can_interfaces/msg/detail/steering_motor_current_fb__functions.c\n'}
[33.111758] (yhs_can_interfaces) StdoutLine: {'line': b'-- Installing: /home/jenter/package/work/install/yhs_can_interfaces/include/yhs_can_interfaces/yhs_can_interfaces/msg/detail/io_fb__type_support.h\n'}
[33.111918] (yhs_can_interfaces) StdoutLine: {'line': b'-- Installing: /home/jenter/package/work/install/yhs_can_interfaces/include/yhs_can_interfaces/yhs_can_interfaces/msg/detail/ctrl_cmd__type_support.h\n'}
[33.112077] (yhs_can_interfaces) StdoutLine: {'line': b'-- Installing: /home/jenter/package/work/install/yhs_can_interfaces/include/yhs_can_interfaces/yhs_can_interfaces/msg/detail/io_cmd__type_support.h\n'}
[33.112236] (yhs_can_interfaces) StdoutLine: {'line': b'-- Installing: /home/jenter/package/work/install/yhs_can_interfaces/include/yhs_can_interfaces/yhs_can_interfaces/msg/detail/rr_wheel_fb__type_support.h\n'}
[33.112393] (yhs_can_interfaces) StdoutLine: {'line': b'-- Installing: /home/jenter/package/work/install/yhs_can_interfaces/include/yhs_can_interfaces/yhs_can_interfaces/msg/detail/ultrasonic__functions.c\n'}
[33.112560] (yhs_can_interfaces) StdoutLine: {'line': b'-- Installing: /home/jenter/package/work/install/yhs_can_interfaces/include/yhs_can_interfaces/yhs_can_interfaces/msg/detail/drive_motor_current_fb__functions.h\n'}
[33.112745] (yhs_can_interfaces) StdoutLine: {'line': b'-- Installing: /home/jenter/package/work/install/yhs_can_interfaces/include/yhs_can_interfaces/yhs_can_interfaces/msg/detail/front_angle_fb__type_support.h\n'}
[33.112921] (yhs_can_interfaces) StdoutLine: {'line': b'-- Installing: /home/jenter/package/work/install/yhs_can_interfaces/include/yhs_can_interfaces/yhs_can_interfaces/msg/detail/drive_motor_current_fb__struct.h\n'}
[33.113091] (yhs_can_interfaces) StdoutLine: {'line': b'-- Installing: /home/jenter/package/work/install/yhs_can_interfaces/include/yhs_can_interfaces/yhs_can_interfaces/msg/detail/motor_fb__functions.c\n'}
[33.113280] (yhs_can_interfaces) StdoutLine: {'line': b'-- Installing: /home/jenter/package/work/install/yhs_can_interfaces/include/yhs_can_interfaces/yhs_can_interfaces/msg/detail/bms_fb__struct.h\n'}
[33.113466] (yhs_can_interfaces) StdoutLine: {'line': b'-- Installing: /home/jenter/package/work/install/yhs_can_interfaces/include/yhs_can_interfaces/yhs_can_interfaces/msg/detail/bms_flag_fb__struct.h\n'}
[33.113638] (yhs_can_interfaces) StdoutLine: {'line': b'-- Installing: /home/jenter/package/work/install/yhs_can_interfaces/include/yhs_can_interfaces/yhs_can_interfaces/msg/detail/rr_wheel_fb__functions.h\n'}
[33.113817] (yhs_can_interfaces) StdoutLine: {'line': b'-- Installing: /home/jenter/package/work/install/yhs_can_interfaces/include/yhs_can_interfaces/yhs_can_interfaces/msg/detail/rf_wheel_fb__functions.h\n'}
[33.113999] (yhs_can_interfaces) StdoutLine: {'line': b'-- Installing: /home/jenter/package/work/install/yhs_can_interfaces/include/yhs_can_interfaces/yhs_can_interfaces/msg/detail/steering_motor_current_fb__type_support.h\n'}
[33.114171] (yhs_can_interfaces) StdoutLine: {'line': b'-- Installing: /home/jenter/package/work/install/yhs_can_interfaces/include/yhs_can_interfaces/yhs_can_interfaces/msg/detail/ultrasonic__struct.h\n'}
[33.114342] (yhs_can_interfaces) StdoutLine: {'line': b'-- Installing: /home/jenter/package/work/install/yhs_can_interfaces/include/yhs_can_interfaces/yhs_can_interfaces/msg/detail/motor_fb__functions.h\n'}
[33.114525] (yhs_can_interfaces) StdoutLine: {'line': b'-- Installing: /home/jenter/package/work/install/yhs_can_interfaces/include/yhs_can_interfaces/yhs_can_interfaces/msg/detail/steering_ctrl_fb__struct.h\n'}
[33.114718] (yhs_can_interfaces) StdoutLine: {'line': b'-- Installing: /home/jenter/package/work/install/yhs_can_interfaces/include/yhs_can_interfaces/yhs_can_interfaces/msg/detail/steering_ctrl_cmd__functions.c\n'}
[33.114908] (yhs_can_interfaces) StdoutLine: {'line': b'-- Installing: /home/jenter/package/work/install/yhs_can_interfaces/include/yhs_can_interfaces/yhs_can_interfaces/msg/detail/bms_fb__functions.h\n'}
[33.115093] (yhs_can_interfaces) StdoutLine: {'line': b'-- Installing: /home/jenter/package/work/install/yhs_can_interfaces/include/yhs_can_interfaces/yhs_can_interfaces/msg/detail/error_fb__type_support.h\n'}
[33.115264] (yhs_can_interfaces) StdoutLine: {'line': b'-- Installing: /home/jenter/package/work/install/yhs_can_interfaces/include/yhs_can_interfaces/yhs_can_interfaces/msg/detail/bms_flag_fb__functions.c\n'}
[33.115456] (yhs_can_interfaces) StdoutLine: {'line': b'-- Installing: /home/jenter/package/work/install/yhs_can_interfaces/include/yhs_can_interfaces/yhs_can_interfaces/msg/detail/steering_ctrl_cmd__functions.h\n'}
[33.115638] (yhs_can_interfaces) StdoutLine: {'line': b'-- Installing: /home/jenter/package/work/install/yhs_can_interfaces/include/yhs_can_interfaces/yhs_can_interfaces/msg/detail/lr_wheel_fb__struct.h\n'}
[33.115807] (yhs_can_interfaces) StdoutLine: {'line': b'-- Installing: /home/jenter/package/work/install/yhs_can_interfaces/include/yhs_can_interfaces/yhs_can_interfaces/msg/detail/chassis_info_fb__struct.h\n'}
[33.115973] (yhs_can_interfaces) StdoutLine: {'line': b'-- Installing: /home/jenter/package/work/install/yhs_can_interfaces/include/yhs_can_interfaces/yhs_can_interfaces/msg/detail/chassis_info_fb__type_support.h\n'}
[33.116140] (yhs_can_interfaces) StdoutLine: {'line': b'-- Installing: /home/jenter/package/work/install/yhs_can_interfaces/include/yhs_can_interfaces/yhs_can_interfaces/msg/detail/ctrl_fb__functions.c\n'}
[33.116315] (yhs_can_interfaces) StdoutLine: {'line': b'-- Installing: /home/jenter/package/work/install/yhs_can_interfaces/include/yhs_can_interfaces/yhs_can_interfaces/msg/detail/io_cmd__struct.h\n'}
[33.116489] (yhs_can_interfaces) StdoutLine: {'line': b'-- Installing: /home/jenter/package/work/install/yhs_can_interfaces/include/yhs_can_interfaces/yhs_can_interfaces/msg/detail/io_fb__functions.h\n'}
[33.116668] (yhs_can_interfaces) StdoutLine: {'line': b'-- Installing: /home/jenter/package/work/install/yhs_can_interfaces/include/yhs_can_interfaces/yhs_can_interfaces/msg/detail/rf_wheel_fb__functions.c\n'}
[33.116845] (yhs_can_interfaces) StdoutLine: {'line': b'-- Installing: /home/jenter/package/work/install/yhs_can_interfaces/include/yhs_can_interfaces/yhs_can_interfaces/msg/detail/ctrl_cmd__functions.h\n'}
[33.117035] (yhs_can_interfaces) StdoutLine: {'line': b'-- Installing: /home/jenter/package/work/install/yhs_can_interfaces/include/yhs_can_interfaces/yhs_can_interfaces/msg/detail/bms_fb__type_support.h\n'}
[33.117204] (yhs_can_interfaces) StdoutLine: {'line': b'-- Installing: /home/jenter/package/work/install/yhs_can_interfaces/include/yhs_can_interfaces/yhs_can_interfaces/msg/detail/ctrl_cmd__functions.c\n'}
[33.117381] (yhs_can_interfaces) StdoutLine: {'line': b'-- Installing: /home/jenter/package/work/install/yhs_can_interfaces/include/yhs_can_interfaces/yhs_can_interfaces/msg/detail/motor_fb__struct.h\n'}
[33.117560] (yhs_can_interfaces) StdoutLine: {'line': b'-- Installing: /home/jenter/package/work/install/yhs_can_interfaces/include/yhs_can_interfaces/yhs_can_interfaces/msg/detail/rf_wheel_fb__type_support.h\n'}
[33.117728] (yhs_can_interfaces) StdoutLine: {'line': b'-- Installing: /home/jenter/package/work/install/yhs_can_interfaces/include/yhs_can_interfaces/yhs_can_interfaces/msg/detail/lr_wheel_fb__functions.h\n'}
[33.117905] (yhs_can_interfaces) StdoutLine: {'line': b'-- Installing: /home/jenter/package/work/install/yhs_can_interfaces/include/yhs_can_interfaces/yhs_can_interfaces/msg/detail/front_angle_fb__functions.h\n'}
[33.118099] (yhs_can_interfaces) StdoutLine: {'line': b'-- Installing: /home/jenter/package/work/install/yhs_can_interfaces/include/yhs_can_interfaces/yhs_can_interfaces/msg/detail/ultrasonic__type_support.h\n'}
[33.118272] (yhs_can_interfaces) StdoutLine: {'line': b'-- Installing: /home/jenter/package/work/install/yhs_can_interfaces/include/yhs_can_interfaces/yhs_can_interfaces/msg/detail/steering_ctrl_cmd__struct.h\n'}
[33.118440] (yhs_can_interfaces) StdoutLine: {'line': b'-- Installing: /home/jenter/package/work/install/yhs_can_interfaces/include/yhs_can_interfaces/yhs_can_interfaces/msg/detail/drive_motor_current_fb__type_support.h\n'}
[33.118607] (yhs_can_interfaces) StdoutLine: {'line': b'-- Installing: /home/jenter/package/work/install/yhs_can_interfaces/include/yhs_can_interfaces/yhs_can_interfaces/msg/detail/rear_angle_fb__struct.h\n'}
[33.118773] (yhs_can_interfaces) StdoutLine: {'line': b'-- Installing: /home/jenter/package/work/install/yhs_can_interfaces/include/yhs_can_interfaces/yhs_can_interfaces/msg/detail/motor_cmd__functions.c\n'}
[33.118964] (yhs_can_interfaces) StdoutLine: {'line': b'-- Installing: /home/jenter/package/work/install/yhs_can_interfaces/include/yhs_can_interfaces/yhs_can_interfaces/msg/detail/front_angle_fb__struct.h\n'}
[33.119134] (yhs_can_interfaces) StdoutLine: {'line': b'-- Installing: /home/jenter/package/work/install/yhs_can_interfaces/include/yhs_can_interfaces/yhs_can_interfaces/msg/detail/lf_wheel_fb__functions.h\n'}
[33.119320] (yhs_can_interfaces) StdoutLine: {'line': b'-- Installing: /home/jenter/package/work/install/yhs_can_interfaces/include/yhs_can_interfaces/yhs_can_interfaces/msg/detail/motor_fb__type_support.h\n'}
[33.119494] (yhs_can_interfaces) StdoutLine: {'line': b'-- Installing: /home/jenter/package/work/install/yhs_can_interfaces/include/yhs_can_interfaces/yhs_can_interfaces/msg/detail/steering_ctrl_fb__type_support.h\n'}
[33.119666] (yhs_can_interfaces) StdoutLine: {'line': b'-- Installing: /home/jenter/package/work/install/yhs_can_interfaces/include/yhs_can_interfaces/yhs_can_interfaces/msg/detail/front_angle_fb__functions.c\n'}
[33.119848] (yhs_can_interfaces) StdoutLine: {'line': b'-- Installing: /home/jenter/package/work/install/yhs_can_interfaces/include/yhs_can_interfaces/yhs_can_interfaces/msg/detail/ctrl_fb__struct.h\n'}
[33.120020] (yhs_can_interfaces) StdoutLine: {'line': b'-- Installing: /home/jenter/package/work/install/yhs_can_interfaces/include/yhs_can_interfaces/yhs_can_interfaces/msg/detail/bms_flag_fb__functions.h\n'}
[33.120193] (yhs_can_interfaces) StdoutLine: {'line': b'-- Installing: /home/jenter/package/work/install/yhs_can_interfaces/include/yhs_can_interfaces/yhs_can_interfaces/msg/detail/ctrl_cmd__struct.h\n'}
[33.120359] (yhs_can_interfaces) StdoutLine: {'line': b'-- Installing: /home/jenter/package/work/install/yhs_can_interfaces/include/yhs_can_interfaces/yhs_can_interfaces/msg/detail/chassis_info_fb__functions.c\n'}
[33.120562] (yhs_can_interfaces) StdoutLine: {'line': b'-- Installing: /home/jenter/package/work/install/yhs_can_interfaces/include/yhs_can_interfaces/yhs_can_interfaces/msg/detail/chassis_info_fb__functions.h\n'}
[33.120739] (yhs_can_interfaces) StdoutLine: {'line': b'-- Installing: /home/jenter/package/work/install/yhs_can_interfaces/include/yhs_can_interfaces/yhs_can_interfaces/msg/detail/rr_wheel_fb__functions.c\n'}
[33.120922] (yhs_can_interfaces) StdoutLine: {'line': b'-- Installing: /home/jenter/package/work/install/yhs_can_interfaces/include/yhs_can_interfaces/yhs_can_interfaces/msg/detail/steering_motor_current_fb__struct.h\n'}
[33.121092] (yhs_can_interfaces) StdoutLine: {'line': b'-- Installing: /home/jenter/package/work/install/yhs_can_interfaces/include/yhs_can_interfaces/yhs_can_interfaces/msg/detail/rr_wheel_fb__struct.h\n'}
[33.121266] (yhs_can_interfaces) StdoutLine: {'line': b'-- Installing: /home/jenter/package/work/install/yhs_can_interfaces/include/yhs_can_interfaces/yhs_can_interfaces/msg/detail/lf_wheel_fb__functions.c\n'}
[33.121460] (yhs_can_interfaces) StdoutLine: {'line': b'-- Installing: /home/jenter/package/work/install/yhs_can_interfaces/include/yhs_can_interfaces/yhs_can_interfaces/msg/detail/motor_cmd__type_support.h\n'}
[33.121640] (yhs_can_interfaces) StdoutLine: {'line': b'-- Installing: /home/jenter/package/work/install/yhs_can_interfaces/include/yhs_can_interfaces/yhs_can_interfaces/msg/detail/rear_angle_fb__type_support.h\n'}
[33.121823] (yhs_can_interfaces) StdoutLine: {'line': b'-- Installing: /home/jenter/package/work/install/yhs_can_interfaces/include/yhs_can_interfaces/yhs_can_interfaces/msg/detail/io_cmd__functions.h\n'}
[33.122002] (yhs_can_interfaces) StdoutLine: {'line': b'-- Installing: /home/jenter/package/work/install/yhs_can_interfaces/include/yhs_can_interfaces/yhs_can_interfaces/msg/detail/bms_fb__functions.c\n'}
[33.122181] (yhs_can_interfaces) StdoutLine: {'line': b'-- Installing: /home/jenter/package/work/install/yhs_can_interfaces/include/yhs_can_interfaces/yhs_can_interfaces/msg/detail/steering_ctrl_fb__functions.c\n'}
[33.122363] (yhs_can_interfaces) StdoutLine: {'line': b'-- Installing: /home/jenter/package/work/install/yhs_can_interfaces/include/yhs_can_interfaces/yhs_can_interfaces/msg/detail/bms_flag_fb__type_support.h\n'}
[33.122533] (yhs_can_interfaces) StdoutLine: {'line': b'-- Installing: /home/jenter/package/work/install/yhs_can_interfaces/include/yhs_can_interfaces/yhs_can_interfaces/msg/detail/steering_ctrl_cmd__type_support.h\n'}
[33.122701] (yhs_can_interfaces) StdoutLine: {'line': b'-- Installing: /home/jenter/package/work/install/yhs_can_interfaces/include/yhs_can_interfaces/yhs_can_interfaces/msg/detail/error_fb__functions.h\n'}
[33.122885] (yhs_can_interfaces) StdoutLine: {'line': b'-- Installing: /home/jenter/package/work/install/yhs_can_interfaces/include/yhs_can_interfaces/yhs_can_interfaces/msg/detail/ultrasonic__functions.h\n'}
[33.123072] (yhs_can_interfaces) StdoutLine: {'line': b'-- Installing: /home/jenter/package/work/install/yhs_can_interfaces/include/yhs_can_interfaces/yhs_can_interfaces/msg/bms_fb.h\n'}
[33.123242] (yhs_can_interfaces) StdoutLine: {'line': b'-- Installing: /home/jenter/package/work/install/yhs_can_interfaces/include/yhs_can_interfaces/yhs_can_interfaces/msg/bms_flag_fb.h\n'}
[33.123404] (yhs_can_interfaces) StdoutLine: {'line': b'-- Installing: /home/jenter/package/work/install/yhs_can_interfaces/include/yhs_can_interfaces/yhs_can_interfaces/msg/io_cmd.h\n'}
[33.123570] (yhs_can_interfaces) StdoutLine: {'line': b'-- Installing: /home/jenter/package/work/install/yhs_can_interfaces/include/yhs_can_interfaces/yhs_can_interfaces/msg/chassis_info_fb.h\n'}
[33.123734] (yhs_can_interfaces) StdoutLine: {'line': b'-- Installing: /home/jenter/package/work/install/yhs_can_interfaces/include/yhs_can_interfaces/yhs_can_interfaces/msg/motor_fb.h\n'}
[33.123895] (yhs_can_interfaces) StdoutLine: {'line': b'-- Installing: /home/jenter/package/work/install/yhs_can_interfaces/include/yhs_can_interfaces/yhs_can_interfaces/msg/motor_cmd.h\n'}
[33.124070] (yhs_can_interfaces) StdoutLine: {'line': b'-- Installing: /home/jenter/package/work/install/yhs_can_interfaces/include/yhs_can_interfaces/yhs_can_interfaces/msg/steering_ctrl_cmd.h\n'}
[33.124235] (yhs_can_interfaces) StdoutLine: {'line': b'-- Installing: /home/jenter/package/work/install/yhs_can_interfaces/include/yhs_can_interfaces/yhs_can_interfaces/msg/lr_wheel_fb.h\n'}
[33.124397] (yhs_can_interfaces) StdoutLine: {'line': b'-- Installing: /home/jenter/package/work/install/yhs_can_interfaces/include/yhs_can_interfaces/yhs_can_interfaces/msg/rear_angle_fb.h\n'}
[33.124558] (yhs_can_interfaces) StdoutLine: {'line': b'-- Installing: /home/jenter/package/work/install/yhs_can_interfaces/include/yhs_can_interfaces/yhs_can_interfaces/msg/steering_motor_current_fb.h\n'}
[33.124720] (yhs_can_interfaces) StdoutLine: {'line': b'-- Installing: /home/jenter/package/work/install/yhs_can_interfaces/include/yhs_can_interfaces/yhs_can_interfaces/msg/error_fb.h\n'}
[33.124882] (yhs_can_interfaces) StdoutLine: {'line': b'-- Installing: /home/jenter/package/work/install/yhs_can_interfaces/include/yhs_can_interfaces/yhs_can_interfaces/msg/drive_motor_current_fb.h\n'}
[33.125044] (yhs_can_interfaces) StdoutLine: {'line': b'-- Installing: /home/jenter/package/work/install/yhs_can_interfaces/include/yhs_can_interfaces/yhs_can_interfaces/msg/ultrasonic.h\n'}
[33.125204] (yhs_can_interfaces) StdoutLine: {'line': b'-- Installing: /home/jenter/package/work/install/yhs_can_interfaces/include/yhs_can_interfaces/yhs_can_interfaces/msg/ctrl_cmd.h\n'}
[33.125369] (yhs_can_interfaces) StdoutLine: {'line': b'-- Installing: /home/jenter/package/work/install/yhs_can_interfaces/include/yhs_can_interfaces/yhs_can_interfaces/msg/front_angle_fb.h\n'}
[33.125540] (yhs_can_interfaces) StdoutLine: {'line': b'-- Installing: /home/jenter/package/work/install/yhs_can_interfaces/include/yhs_can_interfaces/yhs_can_interfaces/msg/rf_wheel_fb.h\n'}
[33.125704] (yhs_can_interfaces) StdoutLine: {'line': b'-- Installing: /home/jenter/package/work/install/yhs_can_interfaces/include/yhs_can_interfaces/yhs_can_interfaces/msg/lf_wheel_fb.h\n'}
[33.125867] (yhs_can_interfaces) StdoutLine: {'line': b'-- Installing: /home/jenter/package/work/install/yhs_can_interfaces/include/yhs_can_interfaces/yhs_can_interfaces/msg/ctrl_fb.h\n'}
[33.126033] (yhs_can_interfaces) StdoutLine: {'line': b'-- Up-to-date: /home/jenter/package/work/install/yhs_can_interfaces/include/yhs_can_interfaces/yhs_can_interfaces/msg/rosidl_generator_c__visibility_control.h\n'}
[33.126173] (yhs_can_interfaces) StdoutLine: {'line': b'-- Installing: /home/jenter/package/work/install/yhs_can_interfaces/include/yhs_can_interfaces/yhs_can_interfaces/msg/steering_ctrl_fb.h\n'}
[33.126353] (yhs_can_interfaces) StdoutLine: {'line': b'-- Up-to-date: /home/jenter/package/work/install/yhs_can_interfaces/share/yhs_can_interfaces/environment/library_path.sh\n'}
[33.126504] (yhs_can_interfaces) StdoutLine: {'line': b'-- Installing: /home/jenter/package/work/install/yhs_can_interfaces/share/yhs_can_interfaces/environment/library_path.dsv\n'}
[33.126886] (yhs_can_interfaces) StdoutLine: {'line': b'-- Installing: /home/jenter/package/work/install/yhs_can_interfaces/lib/libyhs_can_interfaces__rosidl_generator_c.so\n'}
[33.127616] (yhs_can_interfaces) StdoutLine: {'line': b'-- Set runtime path of "/home/jenter/package/work/install/yhs_can_interfaces/lib/libyhs_can_interfaces__rosidl_generator_c.so" to ""\n'}
[33.127763] (yhs_can_interfaces) StdoutLine: {'line': b'-- Up-to-date: /home/jenter/package/work/install/yhs_can_interfaces/include/yhs_can_interfaces/yhs_can_interfaces\n'}
[33.127932] (yhs_can_interfaces) StdoutLine: {'line': b'-- Up-to-date: /home/jenter/package/work/install/yhs_can_interfaces/include/yhs_can_interfaces/yhs_can_interfaces/msg\n'}
[33.128071] (yhs_can_interfaces) StdoutLine: {'line': b'-- Up-to-date: /home/jenter/package/work/install/yhs_can_interfaces/include/yhs_can_interfaces/yhs_can_interfaces/msg/rosidl_typesupport_fastrtps_c__visibility_control.h\n'}
[33.128210] (yhs_can_interfaces) StdoutLine: {'line': b'-- Up-to-date: /home/jenter/package/work/install/yhs_can_interfaces/include/yhs_can_interfaces/yhs_can_interfaces/msg/detail\n'}
[33.128344] (yhs_can_interfaces) StdoutLine: {'line': b'-- Installing: /home/jenter/package/work/install/yhs_can_interfaces/include/yhs_can_interfaces/yhs_can_interfaces/msg/detail/drive_motor_current_fb__rosidl_typesupport_fastrtps_c.h\n'}
[33.128462] (yhs_can_interfaces) StdoutLine: {'line': b'-- Installing: /home/jenter/package/work/install/yhs_can_interfaces/include/yhs_can_interfaces/yhs_can_interfaces/msg/detail/lf_wheel_fb__rosidl_typesupport_fastrtps_c.h\n'}
[33.128601] (yhs_can_interfaces) StdoutLine: {'line': b'-- Installing: /home/jenter/package/work/install/yhs_can_interfaces/include/yhs_can_interfaces/yhs_can_interfaces/msg/detail/steering_motor_current_fb__rosidl_typesupport_fastrtps_c.h\n'}
[33.128737] (yhs_can_interfaces) StdoutLine: {'line': b'-- Installing: /home/jenter/package/work/install/yhs_can_interfaces/include/yhs_can_interfaces/yhs_can_interfaces/msg/detail/bms_fb__rosidl_typesupport_fastrtps_c.h\n'}
[33.128872] (yhs_can_interfaces) StdoutLine: {'line': b'-- Installing: /home/jenter/package/work/install/yhs_can_interfaces/include/yhs_can_interfaces/yhs_can_interfaces/msg/detail/rf_wheel_fb__rosidl_typesupport_fastrtps_c.h\n'}
[33.128989] (yhs_can_interfaces) StdoutLine: {'line': b'-- Installing: /home/jenter/package/work/install/yhs_can_interfaces/include/yhs_can_interfaces/yhs_can_interfaces/msg/detail/ctrl_fb__rosidl_typesupport_fastrtps_c.h\n'}
[33.129125] (yhs_can_interfaces) StdoutLine: {'line': b'-- Installing: /home/jenter/package/work/install/yhs_can_interfaces/include/yhs_can_interfaces/yhs_can_interfaces/msg/detail/io_cmd__rosidl_typesupport_fastrtps_c.h\n'}
[33.129262] (yhs_can_interfaces) StdoutLine: {'line': b'-- Installing: /home/jenter/package/work/install/yhs_can_interfaces/include/yhs_can_interfaces/yhs_can_interfaces/msg/detail/bms_flag_fb__rosidl_typesupport_fastrtps_c.h\n'}
[33.129397] (yhs_can_interfaces) StdoutLine: {'line': b'-- Installing: /home/jenter/package/work/install/yhs_can_interfaces/include/yhs_can_interfaces/yhs_can_interfaces/msg/detail/ultrasonic__rosidl_typesupport_fastrtps_c.h\n'}
[33.129557] (yhs_can_interfaces) StdoutLine: {'line': b'-- Installing: /home/jenter/package/work/install/yhs_can_interfaces/include/yhs_can_interfaces/yhs_can_interfaces/msg/detail/chassis_info_fb__rosidl_typesupport_fastrtps_c.h\n'}
[33.129729] (yhs_can_interfaces) StdoutLine: {'line': b'-- Installing: /home/jenter/package/work/install/yhs_can_interfaces/include/yhs_can_interfaces/yhs_can_interfaces/msg/detail/lr_wheel_fb__rosidl_typesupport_fastrtps_c.h\n'}
[33.129899] (yhs_can_interfaces) StdoutLine: {'line': b'-- Installing: /home/jenter/package/work/install/yhs_can_interfaces/include/yhs_can_interfaces/yhs_can_interfaces/msg/detail/io_fb__rosidl_typesupport_fastrtps_c.h\n'}
[33.130076] (yhs_can_interfaces) StdoutLine: {'line': b'-- Installing: /home/jenter/package/work/install/yhs_can_interfaces/include/yhs_can_interfaces/yhs_can_interfaces/msg/detail/motor_cmd__rosidl_typesupport_fastrtps_c.h\n'}
[33.130250] (yhs_can_interfaces) StdoutLine: {'line': b'-- Installing: /home/jenter/package/work/install/yhs_can_interfaces/include/yhs_can_interfaces/yhs_can_interfaces/msg/detail/steering_ctrl_fb__rosidl_typesupport_fastrtps_c.h\n'}
[33.130415] (yhs_can_interfaces) StdoutLine: {'line': b'-- Installing: /home/jenter/package/work/install/yhs_can_interfaces/include/yhs_can_interfaces/yhs_can_interfaces/msg/detail/ctrl_cmd__rosidl_typesupport_fastrtps_c.h\n'}
[33.130586] (yhs_can_interfaces) StdoutLine: {'line': b'-- Installing: /home/jenter/package/work/install/yhs_can_interfaces/include/yhs_can_interfaces/yhs_can_interfaces/msg/detail/error_fb__rosidl_typesupport_fastrtps_c.h\n'}
[33.130761] (yhs_can_interfaces) StdoutLine: {'line': b'-- Installing: /home/jenter/package/work/install/yhs_can_interfaces/include/yhs_can_interfaces/yhs_can_interfaces/msg/detail/rear_angle_fb__rosidl_typesupport_fastrtps_c.h\n'}
[33.130932] (yhs_can_interfaces) StdoutLine: {'line': b'-- Installing: /home/jenter/package/work/install/yhs_can_interfaces/include/yhs_can_interfaces/yhs_can_interfaces/msg/detail/motor_fb__rosidl_typesupport_fastrtps_c.h\n'}
[33.131105] (yhs_can_interfaces) StdoutLine: {'line': b'-- Installing: /home/jenter/package/work/install/yhs_can_interfaces/include/yhs_can_interfaces/yhs_can_interfaces/msg/detail/steering_ctrl_cmd__rosidl_typesupport_fastrtps_c.h\n'}
[33.131275] (yhs_can_interfaces) StdoutLine: {'line': b'-- Installing: /home/jenter/package/work/install/yhs_can_interfaces/include/yhs_can_interfaces/yhs_can_interfaces/msg/detail/rr_wheel_fb__rosidl_typesupport_fastrtps_c.h\n'}
[33.131446] (yhs_can_interfaces) StdoutLine: {'line': b'-- Installing: /home/jenter/package/work/install/yhs_can_interfaces/include/yhs_can_interfaces/yhs_can_interfaces/msg/detail/front_angle_fb__rosidl_typesupport_fastrtps_c.h\n'}
[33.131871] (yhs_can_interfaces) StdoutLine: {'line': b'-- Installing: /home/jenter/package/work/install/yhs_can_interfaces/lib/libyhs_can_interfaces__rosidl_typesupport_fastrtps_c.so\n'}
[33.132562] (yhs_can_interfaces) StdoutLine: {'line': b'-- Set runtime path of "/home/jenter/package/work/install/yhs_can_interfaces/lib/libyhs_can_interfaces__rosidl_typesupport_fastrtps_c.so" to ""\n'}
[33.132707] (yhs_can_interfaces) StdoutLine: {'line': b'-- Up-to-date: /home/jenter/package/work/install/yhs_can_interfaces/include/yhs_can_interfaces/yhs_can_interfaces\n'}
[33.132875] (yhs_can_interfaces) StdoutLine: {'line': b'-- Up-to-date: /home/jenter/package/work/install/yhs_can_interfaces/include/yhs_can_interfaces/yhs_can_interfaces/msg\n'}
[33.133013] (yhs_can_interfaces) StdoutLine: {'line': b'-- Up-to-date: /home/jenter/package/work/install/yhs_can_interfaces/include/yhs_can_interfaces/yhs_can_interfaces/msg/rosidl_typesupport_introspection_c__visibility_control.h\n'}
[33.133152] (yhs_can_interfaces) StdoutLine: {'line': b'-- Up-to-date: /home/jenter/package/work/install/yhs_can_interfaces/include/yhs_can_interfaces/yhs_can_interfaces/msg/detail\n'}
[33.133268] (yhs_can_interfaces) StdoutLine: {'line': b'-- Installing: /home/jenter/package/work/install/yhs_can_interfaces/include/yhs_can_interfaces/yhs_can_interfaces/msg/detail/steering_motor_current_fb__type_support.c\n'}
[33.133405] (yhs_can_interfaces) StdoutLine: {'line': b'-- Installing: /home/jenter/package/work/install/yhs_can_interfaces/include/yhs_can_interfaces/yhs_can_interfaces/msg/detail/steering_ctrl_cmd__rosidl_typesupport_introspection_c.h\n'}
[33.133554] (yhs_can_interfaces) StdoutLine: {'line': b'-- Installing: /home/jenter/package/work/install/yhs_can_interfaces/include/yhs_can_interfaces/yhs_can_interfaces/msg/detail/rf_wheel_fb__type_support.c\n'}
[33.133673] (yhs_can_interfaces) StdoutLine: {'line': b'-- Installing: /home/jenter/package/work/install/yhs_can_interfaces/include/yhs_can_interfaces/yhs_can_interfaces/msg/detail/bms_flag_fb__type_support.c\n'}
[33.133819] (yhs_can_interfaces) StdoutLine: {'line': b'-- Installing: /home/jenter/package/work/install/yhs_can_interfaces/include/yhs_can_interfaces/yhs_can_interfaces/msg/detail/chassis_info_fb__rosidl_typesupport_introspection_c.h\n'}
[33.133967] (yhs_can_interfaces) StdoutLine: {'line': b'-- Installing: /home/jenter/package/work/install/yhs_can_interfaces/include/yhs_can_interfaces/yhs_can_interfaces/msg/detail/steering_ctrl_cmd__type_support.c\n'}
[33.134127] (yhs_can_interfaces) StdoutLine: {'line': b'-- Installing: /home/jenter/package/work/install/yhs_can_interfaces/include/yhs_can_interfaces/yhs_can_interfaces/msg/detail/steering_ctrl_fb__rosidl_typesupport_introspection_c.h\n'}
[33.134302] (yhs_can_interfaces) StdoutLine: {'line': b'-- Installing: /home/jenter/package/work/install/yhs_can_interfaces/include/yhs_can_interfaces/yhs_can_interfaces/msg/detail/motor_cmd__rosidl_typesupport_introspection_c.h\n'}
[33.134472] (yhs_can_interfaces) StdoutLine: {'line': b'-- Installing: /home/jenter/package/work/install/yhs_can_interfaces/include/yhs_can_interfaces/yhs_can_interfaces/msg/detail/ultrasonic__type_support.c\n'}
[33.134663] (yhs_can_interfaces) StdoutLine: {'line': b'-- Installing: /home/jenter/package/work/install/yhs_can_interfaces/include/yhs_can_interfaces/yhs_can_interfaces/msg/detail/rr_wheel_fb__rosidl_typesupport_introspection_c.h\n'}
[33.134834] (yhs_can_interfaces) StdoutLine: {'line': b'-- Installing: /home/jenter/package/work/install/yhs_can_interfaces/include/yhs_can_interfaces/yhs_can_interfaces/msg/detail/steering_ctrl_fb__type_support.c\n'}
[33.135016] (yhs_can_interfaces) StdoutLine: {'line': b'-- Installing: /home/jenter/package/work/install/yhs_can_interfaces/include/yhs_can_interfaces/yhs_can_interfaces/msg/detail/ultrasonic__rosidl_typesupport_introspection_c.h\n'}
[33.135184] (yhs_can_interfaces) StdoutLine: {'line': b'-- Installing: /home/jenter/package/work/install/yhs_can_interfaces/include/yhs_can_interfaces/yhs_can_interfaces/msg/detail/rr_wheel_fb__type_support.c\n'}
[33.135364] (yhs_can_interfaces) StdoutLine: {'line': b'-- Installing: /home/jenter/package/work/install/yhs_can_interfaces/include/yhs_can_interfaces/yhs_can_interfaces/msg/detail/rear_angle_fb__rosidl_typesupport_introspection_c.h\n'}
[33.135534] (yhs_can_interfaces) StdoutLine: {'line': b'-- Installing: /home/jenter/package/work/install/yhs_can_interfaces/include/yhs_can_interfaces/yhs_can_interfaces/msg/detail/io_cmd__type_support.c\n'}
[33.135724] (yhs_can_interfaces) StdoutLine: {'line': b'-- Installing: /home/jenter/package/work/install/yhs_can_interfaces/include/yhs_can_interfaces/yhs_can_interfaces/msg/detail/motor_cmd__type_support.c\n'}
[33.135913] (yhs_can_interfaces) StdoutLine: {'line': b'-- Installing: /home/jenter/package/work/install/yhs_can_interfaces/include/yhs_can_interfaces/yhs_can_interfaces/msg/detail/bms_flag_fb__rosidl_typesupport_introspection_c.h\n'}
[33.136094] (yhs_can_interfaces) StdoutLine: {'line': b'-- Installing: /home/jenter/package/work/install/yhs_can_interfaces/include/yhs_can_interfaces/yhs_can_interfaces/msg/detail/motor_fb__rosidl_typesupport_introspection_c.h\n'}
[33.136263] (yhs_can_interfaces) StdoutLine: {'line': b'-- Installing: /home/jenter/package/work/install/yhs_can_interfaces/include/yhs_can_interfaces/yhs_can_interfaces/msg/detail/error_fb__rosidl_typesupport_introspection_c.h\n'}
[33.136436] (yhs_can_interfaces) StdoutLine: {'line': b'-- Installing: /home/jenter/package/work/install/yhs_can_interfaces/include/yhs_can_interfaces/yhs_can_interfaces/msg/detail/drive_motor_current_fb__rosidl_typesupport_introspection_c.h\n'}
[33.136609] (yhs_can_interfaces) StdoutLine: {'line': b'-- Installing: /home/jenter/package/work/install/yhs_can_interfaces/include/yhs_can_interfaces/yhs_can_interfaces/msg/detail/io_cmd__rosidl_typesupport_introspection_c.h\n'}
[33.136779] (yhs_can_interfaces) StdoutLine: {'line': b'-- Installing: /home/jenter/package/work/install/yhs_can_interfaces/include/yhs_can_interfaces/yhs_can_interfaces/msg/detail/lr_wheel_fb__rosidl_typesupport_introspection_c.h\n'}
[33.136949] (yhs_can_interfaces) StdoutLine: {'line': b'-- Installing: /home/jenter/package/work/install/yhs_can_interfaces/include/yhs_can_interfaces/yhs_can_interfaces/msg/detail/error_fb__type_support.c\n'}
[33.137133] (yhs_can_interfaces) StdoutLine: {'line': b'-- Installing: /home/jenter/package/work/install/yhs_can_interfaces/include/yhs_can_interfaces/yhs_can_interfaces/msg/detail/ctrl_fb__rosidl_typesupport_introspection_c.h\n'}
[33.137304] (yhs_can_interfaces) StdoutLine: {'line': b'-- Installing: /home/jenter/package/work/install/yhs_can_interfaces/include/yhs_can_interfaces/yhs_can_interfaces/msg/detail/io_fb__type_support.c\n'}
[33.137531] (yhs_can_interfaces) StdoutLine: {'line': b'-- Installing: /home/jenter/package/work/install/yhs_can_interfaces/include/yhs_can_interfaces/yhs_can_interfaces/msg/detail/lf_wheel_fb__rosidl_typesupport_introspection_c.h\n'}
[33.137708] (yhs_can_interfaces) StdoutLine: {'line': b'-- Installing: /home/jenter/package/work/install/yhs_can_interfaces/include/yhs_can_interfaces/yhs_can_interfaces/msg/detail/bms_fb__type_support.c\n'}
[33.137890] (yhs_can_interfaces) StdoutLine: {'line': b'-- Installing: /home/jenter/package/work/install/yhs_can_interfaces/include/yhs_can_interfaces/yhs_can_interfaces/msg/detail/io_fb__rosidl_typesupport_introspection_c.h\n'}
[33.138063] (yhs_can_interfaces) StdoutLine: {'line': b'-- Installing: /home/jenter/package/work/install/yhs_can_interfaces/include/yhs_can_interfaces/yhs_can_interfaces/msg/detail/lf_wheel_fb__type_support.c\n'}
[33.138242] (yhs_can_interfaces) StdoutLine: {'line': b'-- Installing: /home/jenter/package/work/install/yhs_can_interfaces/include/yhs_can_interfaces/yhs_can_interfaces/msg/detail/motor_fb__type_support.c\n'}
[33.138431] (yhs_can_interfaces) StdoutLine: {'line': b'-- Installing: /home/jenter/package/work/install/yhs_can_interfaces/include/yhs_can_interfaces/yhs_can_interfaces/msg/detail/rear_angle_fb__type_support.c\n'}
[33.138624] (yhs_can_interfaces) StdoutLine: {'line': b'-- Installing: /home/jenter/package/work/install/yhs_can_interfaces/include/yhs_can_interfaces/yhs_can_interfaces/msg/detail/ctrl_fb__type_support.c\n'}
[33.138804] (yhs_can_interfaces) StdoutLine: {'line': b'-- Installing: /home/jenter/package/work/install/yhs_can_interfaces/include/yhs_can_interfaces/yhs_can_interfaces/msg/detail/front_angle_fb__type_support.c\n'}
[33.138982] (yhs_can_interfaces) StdoutLine: {'line': b'-- Installing: /home/jenter/package/work/install/yhs_can_interfaces/include/yhs_can_interfaces/yhs_can_interfaces/msg/detail/chassis_info_fb__type_support.c\n'}
[33.139193] (yhs_can_interfaces) StdoutLine: {'line': b'-- Installing: /home/jenter/package/work/install/yhs_can_interfaces/include/yhs_can_interfaces/yhs_can_interfaces/msg/detail/bms_fb__rosidl_typesupport_introspection_c.h\n'}
[33.139366] (yhs_can_interfaces) StdoutLine: {'line': b'-- Installing: /home/jenter/package/work/install/yhs_can_interfaces/include/yhs_can_interfaces/yhs_can_interfaces/msg/detail/drive_motor_current_fb__type_support.c\n'}
[33.139556] (yhs_can_interfaces) StdoutLine: {'line': b'-- Installing: /home/jenter/package/work/install/yhs_can_interfaces/include/yhs_can_interfaces/yhs_can_interfaces/msg/detail/front_angle_fb__rosidl_typesupport_introspection_c.h\n'}
[33.139726] (yhs_can_interfaces) StdoutLine: {'line': b'-- Installing: /home/jenter/package/work/install/yhs_can_interfaces/include/yhs_can_interfaces/yhs_can_interfaces/msg/detail/lr_wheel_fb__type_support.c\n'}
[33.139906] (yhs_can_interfaces) StdoutLine: {'line': b'-- Installing: /home/jenter/package/work/install/yhs_can_interfaces/include/yhs_can_interfaces/yhs_can_interfaces/msg/detail/steering_motor_current_fb__rosidl_typesupport_introspection_c.h\n'}
[33.140081] (yhs_can_interfaces) StdoutLine: {'line': b'-- Installing: /home/jenter/package/work/install/yhs_can_interfaces/include/yhs_can_interfaces/yhs_can_interfaces/msg/detail/ctrl_cmd__rosidl_typesupport_introspection_c.h\n'}
[33.140251] (yhs_can_interfaces) StdoutLine: {'line': b'-- Installing: /home/jenter/package/work/install/yhs_can_interfaces/include/yhs_can_interfaces/yhs_can_interfaces/msg/detail/ctrl_cmd__type_support.c\n'}
[33.140432] (yhs_can_interfaces) StdoutLine: {'line': b'-- Installing: /home/jenter/package/work/install/yhs_can_interfaces/include/yhs_can_interfaces/yhs_can_interfaces/msg/detail/rf_wheel_fb__rosidl_typesupport_introspection_c.h\n'}
[33.140862] (yhs_can_interfaces) StdoutLine: {'line': b'-- Installing: /home/jenter/package/work/install/yhs_can_interfaces/lib/libyhs_can_interfaces__rosidl_typesupport_introspection_c.so\n'}
[33.141626] (yhs_can_interfaces) StdoutLine: {'line': b'-- Set runtime path of "/home/jenter/package/work/install/yhs_can_interfaces/lib/libyhs_can_interfaces__rosidl_typesupport_introspection_c.so" to ""\n'}
[33.141867] (yhs_can_interfaces) StdoutLine: {'line': b'-- Installing: /home/jenter/package/work/install/yhs_can_interfaces/lib/libyhs_can_interfaces__rosidl_typesupport_c.so\n'}
[33.142401] (yhs_can_interfaces) StdoutLine: {'line': b'-- Set runtime path of "/home/jenter/package/work/install/yhs_can_interfaces/lib/libyhs_can_interfaces__rosidl_typesupport_c.so" to ""\n'}
[33.142560] (yhs_can_interfaces) StdoutLine: {'line': b'-- Up-to-date: /home/jenter/package/work/install/yhs_can_interfaces/include/yhs_can_interfaces/yhs_can_interfaces\n'}
[33.142692] (yhs_can_interfaces) StdoutLine: {'line': b'-- Up-to-date: /home/jenter/package/work/install/yhs_can_interfaces/include/yhs_can_interfaces/yhs_can_interfaces/msg\n'}
[33.142822] (yhs_can_interfaces) StdoutLine: {'line': b'-- Installing: /home/jenter/package/work/install/yhs_can_interfaces/include/yhs_can_interfaces/yhs_can_interfaces/msg/ctrl_fb.hpp\n'}
[33.142933] (yhs_can_interfaces) StdoutLine: {'line': b'-- Installing: /home/jenter/package/work/install/yhs_can_interfaces/include/yhs_can_interfaces/yhs_can_interfaces/msg/steering_ctrl_fb.hpp\n'}
[33.143063] (yhs_can_interfaces) StdoutLine: {'line': b'-- Installing: /home/jenter/package/work/install/yhs_can_interfaces/include/yhs_can_interfaces/yhs_can_interfaces/msg/steering_ctrl_cmd.hpp\n'}
[33.143192] (yhs_can_interfaces) StdoutLine: {'line': b'-- Installing: /home/jenter/package/work/install/yhs_can_interfaces/include/yhs_can_interfaces/yhs_can_interfaces/msg/motor_cmd.hpp\n'}
[33.143321] (yhs_can_interfaces) StdoutLine: {'line': b'-- Up-to-date: /home/jenter/package/work/install/yhs_can_interfaces/include/yhs_can_interfaces/yhs_can_interfaces/msg/detail\n'}
[33.143450] (yhs_can_interfaces) StdoutLine: {'line': b'-- Installing: /home/jenter/package/work/install/yhs_can_interfaces/include/yhs_can_interfaces/yhs_can_interfaces/msg/detail/motor_fb__traits.hpp\n'}
[33.143589] (yhs_can_interfaces) StdoutLine: {'line': b'-- Installing: /home/jenter/package/work/install/yhs_can_interfaces/include/yhs_can_interfaces/yhs_can_interfaces/msg/detail/rr_wheel_fb__struct.hpp\n'}
[33.143737] (yhs_can_interfaces) StdoutLine: {'line': b'-- Installing: /home/jenter/package/work/install/yhs_can_interfaces/include/yhs_can_interfaces/yhs_can_interfaces/msg/detail/lf_wheel_fb__type_support.hpp\n'}
[33.143901] (yhs_can_interfaces) StdoutLine: {'line': b'-- Installing: /home/jenter/package/work/install/yhs_can_interfaces/include/yhs_can_interfaces/yhs_can_interfaces/msg/detail/bms_flag_fb__builder.hpp\n'}
[33.144085] (yhs_can_interfaces) StdoutLine: {'line': b'-- Installing: /home/jenter/package/work/install/yhs_can_interfaces/include/yhs_can_interfaces/yhs_can_interfaces/msg/detail/error_fb__struct.hpp\n'}
[33.144256] (yhs_can_interfaces) StdoutLine: {'line': b'-- Installing: /home/jenter/package/work/install/yhs_can_interfaces/include/yhs_can_interfaces/yhs_can_interfaces/msg/detail/motor_cmd__type_support.hpp\n'}
[33.144419] (yhs_can_interfaces) StdoutLine: {'line': b'-- Installing: /home/jenter/package/work/install/yhs_can_interfaces/include/yhs_can_interfaces/yhs_can_interfaces/msg/detail/steering_ctrl_cmd__traits.hpp\n'}
[33.144585] (yhs_can_interfaces) StdoutLine: {'line': b'-- Installing: /home/jenter/package/work/install/yhs_can_interfaces/include/yhs_can_interfaces/yhs_can_interfaces/msg/detail/ctrl_cmd__builder.hpp\n'}
[33.144748] (yhs_can_interfaces) StdoutLine: {'line': b'-- Installing: /home/jenter/package/work/install/yhs_can_interfaces/include/yhs_can_interfaces/yhs_can_interfaces/msg/detail/rr_wheel_fb__builder.hpp\n'}
[33.144913] (yhs_can_interfaces) StdoutLine: {'line': b'-- Installing: /home/jenter/package/work/install/yhs_can_interfaces/include/yhs_can_interfaces/yhs_can_interfaces/msg/detail/steering_motor_current_fb__struct.hpp\n'}
[33.145096] (yhs_can_interfaces) StdoutLine: {'line': b'-- Installing: /home/jenter/package/work/install/yhs_can_interfaces/include/yhs_can_interfaces/yhs_can_interfaces/msg/detail/rf_wheel_fb__struct.hpp\n'}
[33.145267] (yhs_can_interfaces) StdoutLine: {'line': b'-- Installing: /home/jenter/package/work/install/yhs_can_interfaces/include/yhs_can_interfaces/yhs_can_interfaces/msg/detail/error_fb__type_support.hpp\n'}
[33.145429] (yhs_can_interfaces) StdoutLine: {'line': b'-- Installing: /home/jenter/package/work/install/yhs_can_interfaces/include/yhs_can_interfaces/yhs_can_interfaces/msg/detail/bms_fb__struct.hpp\n'}
[33.145651] (yhs_can_interfaces) StdoutLine: {'line': b'-- Installing: /home/jenter/package/work/install/yhs_can_interfaces/include/yhs_can_interfaces/yhs_can_interfaces/msg/detail/lr_wheel_fb__struct.hpp\n'}
[33.145856] (yhs_can_interfaces) StdoutLine: {'line': b'-- Installing: /home/jenter/package/work/install/yhs_can_interfaces/include/yhs_can_interfaces/yhs_can_interfaces/msg/detail/ctrl_cmd__struct.hpp\n'}
[33.146018] (yhs_can_interfaces) StdoutLine: {'line': b'-- Installing: /home/jenter/package/work/install/yhs_can_interfaces/include/yhs_can_interfaces/yhs_can_interfaces/msg/detail/motor_cmd__traits.hpp\n'}
[33.146154] (yhs_can_interfaces) StdoutLine: {'line': b'-- Installing: /home/jenter/package/work/install/yhs_can_interfaces/include/yhs_can_interfaces/yhs_can_interfaces/msg/detail/front_angle_fb__builder.hpp\n'}
[33.146297] (yhs_can_interfaces) StdoutLine: {'line': b'-- Installing: /home/jenter/package/work/install/yhs_can_interfaces/include/yhs_can_interfaces/yhs_can_interfaces/msg/detail/ctrl_fb__type_support.hpp\n'}
[33.146455] (yhs_can_interfaces) StdoutLine: {'line': b'-- Installing: /home/jenter/package/work/install/yhs_can_interfaces/include/yhs_can_interfaces/yhs_can_interfaces/msg/detail/motor_fb__builder.hpp\n'}
[33.146627] (yhs_can_interfaces) StdoutLine: {'line': b'-- Installing: /home/jenter/package/work/install/yhs_can_interfaces/include/yhs_can_interfaces/yhs_can_interfaces/msg/detail/steering_ctrl_fb__builder.hpp\n'}
[33.146798] (yhs_can_interfaces) StdoutLine: {'line': b'-- Installing: /home/jenter/package/work/install/yhs_can_interfaces/include/yhs_can_interfaces/yhs_can_interfaces/msg/detail/ctrl_cmd__traits.hpp\n'}
[33.146967] (yhs_can_interfaces) StdoutLine: {'line': b'-- Installing: /home/jenter/package/work/install/yhs_can_interfaces/include/yhs_can_interfaces/yhs_can_interfaces/msg/detail/rear_angle_fb__struct.hpp\n'}
[33.147143] (yhs_can_interfaces) StdoutLine: {'line': b'-- Installing: /home/jenter/package/work/install/yhs_can_interfaces/include/yhs_can_interfaces/yhs_can_interfaces/msg/detail/steering_ctrl_cmd__struct.hpp\n'}
[33.147332] (yhs_can_interfaces) StdoutLine: {'line': b'-- Installing: /home/jenter/package/work/install/yhs_can_interfaces/include/yhs_can_interfaces/yhs_can_interfaces/msg/detail/bms_fb__type_support.hpp\n'}
[33.147504] (yhs_can_interfaces) StdoutLine: {'line': b'-- Installing: /home/jenter/package/work/install/yhs_can_interfaces/include/yhs_can_interfaces/yhs_can_interfaces/msg/detail/ctrl_fb__builder.hpp\n'}
[33.147674] (yhs_can_interfaces) StdoutLine: {'line': b'-- Installing: /home/jenter/package/work/install/yhs_can_interfaces/include/yhs_can_interfaces/yhs_can_interfaces/msg/detail/bms_flag_fb__traits.hpp\n'}
[33.147863] (yhs_can_interfaces) StdoutLine: {'line': b'-- Installing: /home/jenter/package/work/install/yhs_can_interfaces/include/yhs_can_interfaces/yhs_can_interfaces/msg/detail/ctrl_fb__struct.hpp\n'}
[33.148043] (yhs_can_interfaces) StdoutLine: {'line': b'-- Installing: /home/jenter/package/work/install/yhs_can_interfaces/include/yhs_can_interfaces/yhs_can_interfaces/msg/detail/steering_ctrl_fb__type_support.hpp\n'}
[33.148212] (yhs_can_interfaces) StdoutLine: {'line': b'-- Installing: /home/jenter/package/work/install/yhs_can_interfaces/include/yhs_can_interfaces/yhs_can_interfaces/msg/detail/ultrasonic__struct.hpp\n'}
[33.148392] (yhs_can_interfaces) StdoutLine: {'line': b'-- Installing: /home/jenter/package/work/install/yhs_can_interfaces/include/yhs_can_interfaces/yhs_can_interfaces/msg/detail/steering_motor_current_fb__type_support.hpp\n'}
[33.148570] (yhs_can_interfaces) StdoutLine: {'line': b'-- Installing: /home/jenter/package/work/install/yhs_can_interfaces/include/yhs_can_interfaces/yhs_can_interfaces/msg/detail/chassis_info_fb__builder.hpp\n'}
[33.148752] (yhs_can_interfaces) StdoutLine: {'line': b'-- Installing: /home/jenter/package/work/install/yhs_can_interfaces/include/yhs_can_interfaces/yhs_can_interfaces/msg/detail/lf_wheel_fb__traits.hpp\n'}
[33.148924] (yhs_can_interfaces) StdoutLine: {'line': b'-- Installing: /home/jenter/package/work/install/yhs_can_interfaces/include/yhs_can_interfaces/yhs_can_interfaces/msg/detail/ultrasonic__builder.hpp\n'}
[33.149098] (yhs_can_interfaces) StdoutLine: {'line': b'-- Installing: /home/jenter/package/work/install/yhs_can_interfaces/include/yhs_can_interfaces/yhs_can_interfaces/msg/detail/rear_angle_fb__traits.hpp\n'}
[33.149274] (yhs_can_interfaces) StdoutLine: {'line': b'-- Installing: /home/jenter/package/work/install/yhs_can_interfaces/include/yhs_can_interfaces/yhs_can_interfaces/msg/detail/rf_wheel_fb__builder.hpp\n'}
[33.149444] (yhs_can_interfaces) StdoutLine: {'line': b'-- Installing: /home/jenter/package/work/install/yhs_can_interfaces/include/yhs_can_interfaces/yhs_can_interfaces/msg/detail/rr_wheel_fb__type_support.hpp\n'}
[33.149629] (yhs_can_interfaces) StdoutLine: {'line': b'-- Installing: /home/jenter/package/work/install/yhs_can_interfaces/include/yhs_can_interfaces/yhs_can_interfaces/msg/detail/ultrasonic__type_support.hpp\n'}
[33.149808] (yhs_can_interfaces) StdoutLine: {'line': b'-- Installing: /home/jenter/package/work/install/yhs_can_interfaces/include/yhs_can_interfaces/yhs_can_interfaces/msg/detail/io_fb__builder.hpp\n'}
[33.150012] (yhs_can_interfaces) StdoutLine: {'line': b'-- Installing: /home/jenter/package/work/install/yhs_can_interfaces/include/yhs_can_interfaces/yhs_can_interfaces/msg/detail/rear_angle_fb__type_support.hpp\n'}
[33.150255] (yhs_can_interfaces) StdoutLine: {'line': b'-- Installing: /home/jenter/package/work/install/yhs_can_interfaces/include/yhs_can_interfaces/yhs_can_interfaces/msg/detail/rr_wheel_fb__traits.hpp\n'}
[33.150404] (yhs_can_interfaces) StdoutLine: {'line': b'-- Installing: /home/jenter/package/work/install/yhs_can_interfaces/include/yhs_can_interfaces/yhs_can_interfaces/msg/detail/bms_flag_fb__type_support.hpp\n'}
[33.150553] (yhs_can_interfaces) StdoutLine: {'line': b'-- Installing: /home/jenter/package/work/install/yhs_can_interfaces/include/yhs_can_interfaces/yhs_can_interfaces/msg/detail/rf_wheel_fb__traits.hpp\n'}
[33.150717] (yhs_can_interfaces) StdoutLine: {'line': b'-- Installing: /home/jenter/package/work/install/yhs_can_interfaces/include/yhs_can_interfaces/yhs_can_interfaces/msg/detail/motor_cmd__builder.hpp\n'}
[33.150891] (yhs_can_interfaces) StdoutLine: {'line': b'-- Installing: /home/jenter/package/work/install/yhs_can_interfaces/include/yhs_can_interfaces/yhs_can_interfaces/msg/detail/io_fb__struct.hpp\n'}
[33.151085] (yhs_can_interfaces) StdoutLine: {'line': b'-- Installing: /home/jenter/package/work/install/yhs_can_interfaces/include/yhs_can_interfaces/yhs_can_interfaces/msg/detail/bms_flag_fb__struct.hpp\n'}
[33.151272] (yhs_can_interfaces) StdoutLine: {'line': b'-- Installing: /home/jenter/package/work/install/yhs_can_interfaces/include/yhs_can_interfaces/yhs_can_interfaces/msg/detail/drive_motor_current_fb__traits.hpp\n'}
[33.151456] (yhs_can_interfaces) StdoutLine: {'line': b'-- Installing: /home/jenter/package/work/install/yhs_can_interfaces/include/yhs_can_interfaces/yhs_can_interfaces/msg/detail/motor_fb__type_support.hpp\n'}
[33.151628] (yhs_can_interfaces) StdoutLine: {'line': b'-- Installing: /home/jenter/package/work/install/yhs_can_interfaces/include/yhs_can_interfaces/yhs_can_interfaces/msg/detail/error_fb__builder.hpp\n'}
[33.151797] (yhs_can_interfaces) StdoutLine: {'line': b'-- Installing: /home/jenter/package/work/install/yhs_can_interfaces/include/yhs_can_interfaces/yhs_can_interfaces/msg/detail/front_angle_fb__traits.hpp\n'}
[33.151967] (yhs_can_interfaces) StdoutLine: {'line': b'-- Installing: /home/jenter/package/work/install/yhs_can_interfaces/include/yhs_can_interfaces/yhs_can_interfaces/msg/detail/ultrasonic__traits.hpp\n'}
[33.152157] (yhs_can_interfaces) StdoutLine: {'line': b'-- Installing: /home/jenter/package/work/install/yhs_can_interfaces/include/yhs_can_interfaces/yhs_can_interfaces/msg/detail/io_cmd__struct.hpp\n'}
[33.152339] (yhs_can_interfaces) StdoutLine: {'line': b'-- Installing: /home/jenter/package/work/install/yhs_can_interfaces/include/yhs_can_interfaces/yhs_can_interfaces/msg/detail/lr_wheel_fb__traits.hpp\n'}
[33.152513] (yhs_can_interfaces) StdoutLine: {'line': b'-- Installing: /home/jenter/package/work/install/yhs_can_interfaces/include/yhs_can_interfaces/yhs_can_interfaces/msg/detail/io_cmd__builder.hpp\n'}
[33.152691] (yhs_can_interfaces) StdoutLine: {'line': b'-- Installing: /home/jenter/package/work/install/yhs_can_interfaces/include/yhs_can_interfaces/yhs_can_interfaces/msg/detail/steering_ctrl_fb__struct.hpp\n'}
[33.152873] (yhs_can_interfaces) StdoutLine: {'line': b'-- Installing: /home/jenter/package/work/install/yhs_can_interfaces/include/yhs_can_interfaces/yhs_can_interfaces/msg/detail/steering_ctrl_cmd__builder.hpp\n'}
[33.153044] (yhs_can_interfaces) StdoutLine: {'line': b'-- Installing: /home/jenter/package/work/install/yhs_can_interfaces/include/yhs_can_interfaces/yhs_can_interfaces/msg/detail/rear_angle_fb__builder.hpp\n'}
[33.153215] (yhs_can_interfaces) StdoutLine: {'line': b'-- Installing: /home/jenter/package/work/install/yhs_can_interfaces/include/yhs_can_interfaces/yhs_can_interfaces/msg/detail/steering_ctrl_fb__traits.hpp\n'}
[33.153395] (yhs_can_interfaces) StdoutLine: {'line': b'-- Installing: /home/jenter/package/work/install/yhs_can_interfaces/include/yhs_can_interfaces/yhs_can_interfaces/msg/detail/motor_fb__struct.hpp\n'}
[33.154210] (yhs_can_interfaces) StdoutLine: {'line': b'-- Installing: /home/jenter/package/work/install/yhs_can_interfaces/include/yhs_can_interfaces/yhs_can_interfaces/msg/detail/drive_motor_current_fb__type_support.hpp\n'}
[33.154399] (yhs_can_interfaces) StdoutLine: {'line': b'-- Installing: /home/jenter/package/work/install/yhs_can_interfaces/include/yhs_can_interfaces/yhs_can_interfaces/msg/detail/lf_wheel_fb__struct.hpp\n'}
[33.154582] (yhs_can_interfaces) StdoutLine: {'line': b'-- Installing: /home/jenter/package/work/install/yhs_can_interfaces/include/yhs_can_interfaces/yhs_can_interfaces/msg/detail/front_angle_fb__struct.hpp\n'}
[33.154763] (yhs_can_interfaces) StdoutLine: {'line': b'-- Installing: /home/jenter/package/work/install/yhs_can_interfaces/include/yhs_can_interfaces/yhs_can_interfaces/msg/detail/chassis_info_fb__traits.hpp\n'}
[33.154956] (yhs_can_interfaces) StdoutLine: {'line': b'-- Installing: /home/jenter/package/work/install/yhs_can_interfaces/include/yhs_can_interfaces/yhs_can_interfaces/msg/detail/chassis_info_fb__type_support.hpp\n'}
[33.155123] (yhs_can_interfaces) StdoutLine: {'line': b'-- Installing: /home/jenter/package/work/install/yhs_can_interfaces/include/yhs_can_interfaces/yhs_can_interfaces/msg/detail/rf_wheel_fb__type_support.hpp\n'}
[33.155291] (yhs_can_interfaces) StdoutLine: {'line': b'-- Installing: /home/jenter/package/work/install/yhs_can_interfaces/include/yhs_can_interfaces/yhs_can_interfaces/msg/detail/bms_fb__traits.hpp\n'}
[33.155458] (yhs_can_interfaces) StdoutLine: {'line': b'-- Installing: /home/jenter/package/work/install/yhs_can_interfaces/include/yhs_can_interfaces/yhs_can_interfaces/msg/detail/lr_wheel_fb__type_support.hpp\n'}
[33.155620] (yhs_can_interfaces) StdoutLine: {'line': b'-- Installing: /home/jenter/package/work/install/yhs_can_interfaces/include/yhs_can_interfaces/yhs_can_interfaces/msg/detail/drive_motor_current_fb__builder.hpp\n'}
[33.155789] (yhs_can_interfaces) StdoutLine: {'line': b'-- Installing: /home/jenter/package/work/install/yhs_can_interfaces/include/yhs_can_interfaces/yhs_can_interfaces/msg/detail/io_cmd__traits.hpp\n'}
[33.155959] (yhs_can_interfaces) StdoutLine: {'line': b'-- Installing: /home/jenter/package/work/install/yhs_can_interfaces/include/yhs_can_interfaces/yhs_can_interfaces/msg/detail/steering_motor_current_fb__builder.hpp\n'}
[33.156129] (yhs_can_interfaces) StdoutLine: {'line': b'-- Installing: /home/jenter/package/work/install/yhs_can_interfaces/include/yhs_can_interfaces/yhs_can_interfaces/msg/detail/bms_fb__builder.hpp\n'}
[33.156289] (yhs_can_interfaces) StdoutLine: {'line': b'-- Installing: /home/jenter/package/work/install/yhs_can_interfaces/include/yhs_can_interfaces/yhs_can_interfaces/msg/detail/io_fb__traits.hpp\n'}
[33.156471] (yhs_can_interfaces) StdoutLine: {'line': b'-- Installing: /home/jenter/package/work/install/yhs_can_interfaces/include/yhs_can_interfaces/yhs_can_interfaces/msg/detail/error_fb__traits.hpp\n'}
[33.156640] (yhs_can_interfaces) StdoutLine: {'line': b'-- Installing: /home/jenter/package/work/install/yhs_can_interfaces/include/yhs_can_interfaces/yhs_can_interfaces/msg/detail/lr_wheel_fb__builder.hpp\n'}
[33.156799] (yhs_can_interfaces) StdoutLine: {'line': b'-- Installing: /home/jenter/package/work/install/yhs_can_interfaces/include/yhs_can_interfaces/yhs_can_interfaces/msg/detail/ctrl_fb__traits.hpp\n'}
[33.156959] (yhs_can_interfaces) StdoutLine: {'line': b'-- Installing: /home/jenter/package/work/install/yhs_can_interfaces/include/yhs_can_interfaces/yhs_can_interfaces/msg/detail/steering_motor_current_fb__traits.hpp\n'}
[33.157128] (yhs_can_interfaces) StdoutLine: {'line': b'-- Installing: /home/jenter/package/work/install/yhs_can_interfaces/include/yhs_can_interfaces/yhs_can_interfaces/msg/detail/io_cmd__type_support.hpp\n'}
[33.157289] (yhs_can_interfaces) StdoutLine: {'line': b'-- Installing: /home/jenter/package/work/install/yhs_can_interfaces/include/yhs_can_interfaces/yhs_can_interfaces/msg/detail/chassis_info_fb__struct.hpp\n'}
[33.157483] (yhs_can_interfaces) StdoutLine: {'line': b'-- Installing: /home/jenter/package/work/install/yhs_can_interfaces/include/yhs_can_interfaces/yhs_can_interfaces/msg/detail/drive_motor_current_fb__struct.hpp\n'}
[33.157653] (yhs_can_interfaces) StdoutLine: {'line': b'-- Installing: /home/jenter/package/work/install/yhs_can_interfaces/include/yhs_can_interfaces/yhs_can_interfaces/msg/detail/lf_wheel_fb__builder.hpp\n'}
[33.157816] (yhs_can_interfaces) StdoutLine: {'line': b'-- Installing: /home/jenter/package/work/install/yhs_can_interfaces/include/yhs_can_interfaces/yhs_can_interfaces/msg/detail/motor_cmd__struct.hpp\n'}
[33.157984] (yhs_can_interfaces) StdoutLine: {'line': b'-- Installing: /home/jenter/package/work/install/yhs_can_interfaces/include/yhs_can_interfaces/yhs_can_interfaces/msg/detail/io_fb__type_support.hpp\n'}
[33.158146] (yhs_can_interfaces) StdoutLine: {'line': b'-- Installing: /home/jenter/package/work/install/yhs_can_interfaces/include/yhs_can_interfaces/yhs_can_interfaces/msg/detail/steering_ctrl_cmd__type_support.hpp\n'}
[33.158311] (yhs_can_interfaces) StdoutLine: {'line': b'-- Installing: /home/jenter/package/work/install/yhs_can_interfaces/include/yhs_can_interfaces/yhs_can_interfaces/msg/detail/ctrl_cmd__type_support.hpp\n'}
[33.158475] (yhs_can_interfaces) StdoutLine: {'line': b'-- Installing: /home/jenter/package/work/install/yhs_can_interfaces/include/yhs_can_interfaces/yhs_can_interfaces/msg/detail/front_angle_fb__type_support.hpp\n'}
[33.158641] (yhs_can_interfaces) StdoutLine: {'line': b'-- Installing: /home/jenter/package/work/install/yhs_can_interfaces/include/yhs_can_interfaces/yhs_can_interfaces/msg/io_cmd.hpp\n'}
[33.158806] (yhs_can_interfaces) StdoutLine: {'line': b'-- Installing: /home/jenter/package/work/install/yhs_can_interfaces/include/yhs_can_interfaces/yhs_can_interfaces/msg/bms_fb.hpp\n'}
[33.158958] (yhs_can_interfaces) StdoutLine: {'line': b'-- Installing: /home/jenter/package/work/install/yhs_can_interfaces/include/yhs_can_interfaces/yhs_can_interfaces/msg/chassis_info_fb.hpp\n'}
[33.159114] (yhs_can_interfaces) StdoutLine: {'line': b'-- Installing: /home/jenter/package/work/install/yhs_can_interfaces/include/yhs_can_interfaces/yhs_can_interfaces/msg/lr_wheel_fb.hpp\n'}
[33.159269] (yhs_can_interfaces) StdoutLine: {'line': b'-- Installing: /home/jenter/package/work/install/yhs_can_interfaces/include/yhs_can_interfaces/yhs_can_interfaces/msg/ultrasonic.hpp\n'}
[33.159424] (yhs_can_interfaces) StdoutLine: {'line': b'-- Installing: /home/jenter/package/work/install/yhs_can_interfaces/include/yhs_can_interfaces/yhs_can_interfaces/msg/motor_fb.hpp\n'}
[33.159578] (yhs_can_interfaces) StdoutLine: {'line': b'-- Installing: /home/jenter/package/work/install/yhs_can_interfaces/include/yhs_can_interfaces/yhs_can_interfaces/msg/rr_wheel_fb.hpp\n'}
[33.159740] (yhs_can_interfaces) StdoutLine: {'line': b'-- Installing: /home/jenter/package/work/install/yhs_can_interfaces/include/yhs_can_interfaces/yhs_can_interfaces/msg/lf_wheel_fb.hpp\n'}
[33.159905] (yhs_can_interfaces) StdoutLine: {'line': b'-- Installing: /home/jenter/package/work/install/yhs_can_interfaces/include/yhs_can_interfaces/yhs_can_interfaces/msg/io_fb.hpp\n'}
[33.160068] (yhs_can_interfaces) StdoutLine: {'line': b'-- Installing: /home/jenter/package/work/install/yhs_can_interfaces/include/yhs_can_interfaces/yhs_can_interfaces/msg/rf_wheel_fb.hpp\n'}
[33.160233] (yhs_can_interfaces) StdoutLine: {'line': b'-- Installing: /home/jenter/package/work/install/yhs_can_interfaces/include/yhs_can_interfaces/yhs_can_interfaces/msg/drive_motor_current_fb.hpp\n'}
[33.160399] (yhs_can_interfaces) StdoutLine: {'line': b'-- Installing: /home/jenter/package/work/install/yhs_can_interfaces/include/yhs_can_interfaces/yhs_can_interfaces/msg/bms_flag_fb.hpp\n'}
[33.160564] (yhs_can_interfaces) StdoutLine: {'line': b'-- Installing: /home/jenter/package/work/install/yhs_can_interfaces/include/yhs_can_interfaces/yhs_can_interfaces/msg/error_fb.hpp\n'}
[33.160728] (yhs_can_interfaces) StdoutLine: {'line': b'-- Installing: /home/jenter/package/work/install/yhs_can_interfaces/include/yhs_can_interfaces/yhs_can_interfaces/msg/front_angle_fb.hpp\n'}
[33.160897] (yhs_can_interfaces) StdoutLine: {'line': b'-- Installing: /home/jenter/package/work/install/yhs_can_interfaces/include/yhs_can_interfaces/yhs_can_interfaces/msg/ctrl_cmd.hpp\n'}
[33.161064] (yhs_can_interfaces) StdoutLine: {'line': b'-- Up-to-date: /home/jenter/package/work/install/yhs_can_interfaces/include/yhs_can_interfaces/yhs_can_interfaces/msg/rosidl_generator_cpp__visibility_control.hpp\n'}
[33.161203] (yhs_can_interfaces) StdoutLine: {'line': b'-- Installing: /home/jenter/package/work/install/yhs_can_interfaces/include/yhs_can_interfaces/yhs_can_interfaces/msg/rear_angle_fb.hpp\n'}
[33.161341] (yhs_can_interfaces) StdoutLine: {'line': b'-- Installing: /home/jenter/package/work/install/yhs_can_interfaces/include/yhs_can_interfaces/yhs_can_interfaces/msg/steering_motor_current_fb.hpp\n'}
[33.161625] (yhs_can_interfaces) StdoutLine: {'line': b'-- Up-to-date: /home/jenter/package/work/install/yhs_can_interfaces/include/yhs_can_interfaces/yhs_can_interfaces\n'}
[33.161787] (yhs_can_interfaces) StdoutLine: {'line': b'-- Up-to-date: /home/jenter/package/work/install/yhs_can_interfaces/include/yhs_can_interfaces/yhs_can_interfaces/msg\n'}
[33.161928] (yhs_can_interfaces) StdoutLine: {'line': b'-- Up-to-date: /home/jenter/package/work/install/yhs_can_interfaces/include/yhs_can_interfaces/yhs_can_interfaces/msg/detail\n'}
[33.162065] (yhs_can_interfaces) StdoutLine: {'line': b'-- Installing: /home/jenter/package/work/install/yhs_can_interfaces/include/yhs_can_interfaces/yhs_can_interfaces/msg/detail/rear_angle_fb__rosidl_typesupport_fastrtps_cpp.hpp\n'}
[33.162211] (yhs_can_interfaces) StdoutLine: {'line': b'-- Up-to-date: /home/jenter/package/work/install/yhs_can_interfaces/include/yhs_can_interfaces/yhs_can_interfaces/msg/detail/dds_fastrtps\n'}
[33.162349] (yhs_can_interfaces) StdoutLine: {'line': b'-- Installing: /home/jenter/package/work/install/yhs_can_interfaces/include/yhs_can_interfaces/yhs_can_interfaces/msg/detail/motor_fb__rosidl_typesupport_fastrtps_cpp.hpp\n'}
[33.162465] (yhs_can_interfaces) StdoutLine: {'line': b'-- Installing: /home/jenter/package/work/install/yhs_can_interfaces/include/yhs_can_interfaces/yhs_can_interfaces/msg/detail/steering_ctrl_cmd__rosidl_typesupport_fastrtps_cpp.hpp\n'}
[33.162604] (yhs_can_interfaces) StdoutLine: {'line': b'-- Installing: /home/jenter/package/work/install/yhs_can_interfaces/include/yhs_can_interfaces/yhs_can_interfaces/msg/detail/error_fb__rosidl_typesupport_fastrtps_cpp.hpp\n'}
[33.162742] (yhs_can_interfaces) StdoutLine: {'line': b'-- Installing: /home/jenter/package/work/install/yhs_can_interfaces/include/yhs_can_interfaces/yhs_can_interfaces/msg/detail/io_fb__rosidl_typesupport_fastrtps_cpp.hpp\n'}
[33.162879] (yhs_can_interfaces) StdoutLine: {'line': b'-- Installing: /home/jenter/package/work/install/yhs_can_interfaces/include/yhs_can_interfaces/yhs_can_interfaces/msg/detail/lr_wheel_fb__rosidl_typesupport_fastrtps_cpp.hpp\n'}
[33.163015] (yhs_can_interfaces) StdoutLine: {'line': b'-- Installing: /home/jenter/package/work/install/yhs_can_interfaces/include/yhs_can_interfaces/yhs_can_interfaces/msg/detail/ctrl_cmd__rosidl_typesupport_fastrtps_cpp.hpp\n'}
[33.163175] (yhs_can_interfaces) StdoutLine: {'line': b'-- Installing: /home/jenter/package/work/install/yhs_can_interfaces/include/yhs_can_interfaces/yhs_can_interfaces/msg/detail/front_angle_fb__rosidl_typesupport_fastrtps_cpp.hpp\n'}
[33.163349] (yhs_can_interfaces) StdoutLine: {'line': b'-- Installing: /home/jenter/package/work/install/yhs_can_interfaces/include/yhs_can_interfaces/yhs_can_interfaces/msg/detail/bms_fb__rosidl_typesupport_fastrtps_cpp.hpp\n'}
[33.163522] (yhs_can_interfaces) StdoutLine: {'line': b'-- Installing: /home/jenter/package/work/install/yhs_can_interfaces/include/yhs_can_interfaces/yhs_can_interfaces/msg/detail/motor_cmd__rosidl_typesupport_fastrtps_cpp.hpp\n'}
[33.163696] (yhs_can_interfaces) StdoutLine: {'line': b'-- Installing: /home/jenter/package/work/install/yhs_can_interfaces/include/yhs_can_interfaces/yhs_can_interfaces/msg/detail/rf_wheel_fb__rosidl_typesupport_fastrtps_cpp.hpp\n'}
[33.163870] (yhs_can_interfaces) StdoutLine: {'line': b'-- Installing: /home/jenter/package/work/install/yhs_can_interfaces/include/yhs_can_interfaces/yhs_can_interfaces/msg/detail/bms_flag_fb__rosidl_typesupport_fastrtps_cpp.hpp\n'}
[33.164045] (yhs_can_interfaces) StdoutLine: {'line': b'-- Installing: /home/jenter/package/work/install/yhs_can_interfaces/include/yhs_can_interfaces/yhs_can_interfaces/msg/detail/steering_motor_current_fb__rosidl_typesupport_fastrtps_cpp.hpp\n'}
[33.164222] (yhs_can_interfaces) StdoutLine: {'line': b'-- Installing: /home/jenter/package/work/install/yhs_can_interfaces/include/yhs_can_interfaces/yhs_can_interfaces/msg/detail/chassis_info_fb__rosidl_typesupport_fastrtps_cpp.hpp\n'}
[33.164396] (yhs_can_interfaces) StdoutLine: {'line': b'-- Installing: /home/jenter/package/work/install/yhs_can_interfaces/include/yhs_can_interfaces/yhs_can_interfaces/msg/detail/drive_motor_current_fb__rosidl_typesupport_fastrtps_cpp.hpp\n'}
[33.164569] (yhs_can_interfaces) StdoutLine: {'line': b'-- Installing: /home/jenter/package/work/install/yhs_can_interfaces/include/yhs_can_interfaces/yhs_can_interfaces/msg/detail/io_cmd__rosidl_typesupport_fastrtps_cpp.hpp\n'}
[33.164743] (yhs_can_interfaces) StdoutLine: {'line': b'-- Installing: /home/jenter/package/work/install/yhs_can_interfaces/include/yhs_can_interfaces/yhs_can_interfaces/msg/detail/lf_wheel_fb__rosidl_typesupport_fastrtps_cpp.hpp\n'}
[33.164919] (yhs_can_interfaces) StdoutLine: {'line': b'-- Installing: /home/jenter/package/work/install/yhs_can_interfaces/include/yhs_can_interfaces/yhs_can_interfaces/msg/detail/rr_wheel_fb__rosidl_typesupport_fastrtps_cpp.hpp\n'}
[33.165108] (yhs_can_interfaces) StdoutLine: {'line': b'-- Installing: /home/jenter/package/work/install/yhs_can_interfaces/include/yhs_can_interfaces/yhs_can_interfaces/msg/detail/ultrasonic__rosidl_typesupport_fastrtps_cpp.hpp\n'}
[33.165271] (yhs_can_interfaces) StdoutLine: {'line': b'-- Installing: /home/jenter/package/work/install/yhs_can_interfaces/include/yhs_can_interfaces/yhs_can_interfaces/msg/detail/ctrl_fb__rosidl_typesupport_fastrtps_cpp.hpp\n'}
[33.165500] (yhs_can_interfaces) StdoutLine: {'line': b'-- Installing: /home/jenter/package/work/install/yhs_can_interfaces/include/yhs_can_interfaces/yhs_can_interfaces/msg/detail/steering_ctrl_fb__rosidl_typesupport_fastrtps_cpp.hpp\n'}
[33.165679] (yhs_can_interfaces) StdoutLine: {'line': b'-- Up-to-date: /home/jenter/package/work/install/yhs_can_interfaces/include/yhs_can_interfaces/yhs_can_interfaces/msg/rosidl_typesupport_fastrtps_cpp__visibility_control.h\n'}
[33.165990] (yhs_can_interfaces) StdoutLine: {'line': b'-- Installing: /home/jenter/package/work/install/yhs_can_interfaces/lib/libyhs_can_interfaces__rosidl_typesupport_fastrtps_cpp.so\n'}
[33.166789] (yhs_can_interfaces) StdoutLine: {'line': b'-- Set runtime path of "/home/jenter/package/work/install/yhs_can_interfaces/lib/libyhs_can_interfaces__rosidl_typesupport_fastrtps_cpp.so" to ""\n'}
[33.166961] (yhs_can_interfaces) StdoutLine: {'line': b'-- Up-to-date: /home/jenter/package/work/install/yhs_can_interfaces/include/yhs_can_interfaces/yhs_can_interfaces\n'}
[33.167117] (yhs_can_interfaces) StdoutLine: {'line': b'-- Up-to-date: /home/jenter/package/work/install/yhs_can_interfaces/include/yhs_can_interfaces/yhs_can_interfaces/msg\n'}
[33.167234] (yhs_can_interfaces) StdoutLine: {'line': b'-- Up-to-date: /home/jenter/package/work/install/yhs_can_interfaces/include/yhs_can_interfaces/yhs_can_interfaces/msg/detail\n'}
[33.167372] (yhs_can_interfaces) StdoutLine: {'line': b'-- Installing: /home/jenter/package/work/install/yhs_can_interfaces/include/yhs_can_interfaces/yhs_can_interfaces/msg/detail/lf_wheel_fb__type_support.cpp\n'}
[33.167504] (yhs_can_interfaces) StdoutLine: {'line': b'-- Installing: /home/jenter/package/work/install/yhs_can_interfaces/include/yhs_can_interfaces/yhs_can_interfaces/msg/detail/front_angle_fb__type_support.cpp\n'}
[33.167621] (yhs_can_interfaces) StdoutLine: {'line': b'-- Installing: /home/jenter/package/work/install/yhs_can_interfaces/include/yhs_can_interfaces/yhs_can_interfaces/msg/detail/ultrasonic__rosidl_typesupport_introspection_cpp.hpp\n'}
[33.167767] (yhs_can_interfaces) StdoutLine: {'line': b'-- Installing: /home/jenter/package/work/install/yhs_can_interfaces/include/yhs_can_interfaces/yhs_can_interfaces/msg/detail/steering_ctrl_cmd__type_support.cpp\n'}
[33.167905] (yhs_can_interfaces) StdoutLine: {'line': b'-- Installing: /home/jenter/package/work/install/yhs_can_interfaces/include/yhs_can_interfaces/yhs_can_interfaces/msg/detail/motor_fb__rosidl_typesupport_introspection_cpp.hpp\n'}
[33.168042] (yhs_can_interfaces) StdoutLine: {'line': b'-- Installing: /home/jenter/package/work/install/yhs_can_interfaces/include/yhs_can_interfaces/yhs_can_interfaces/msg/detail/ctrl_fb__rosidl_typesupport_introspection_cpp.hpp\n'}
[33.168193] (yhs_can_interfaces) StdoutLine: {'line': b'-- Installing: /home/jenter/package/work/install/yhs_can_interfaces/include/yhs_can_interfaces/yhs_can_interfaces/msg/detail/io_fb__rosidl_typesupport_introspection_cpp.hpp\n'}
[33.168368] (yhs_can_interfaces) StdoutLine: {'line': b'-- Installing: /home/jenter/package/work/install/yhs_can_interfaces/include/yhs_can_interfaces/yhs_can_interfaces/msg/detail/rr_wheel_fb__rosidl_typesupport_introspection_cpp.hpp\n'}
[33.168543] (yhs_can_interfaces) StdoutLine: {'line': b'-- Installing: /home/jenter/package/work/install/yhs_can_interfaces/include/yhs_can_interfaces/yhs_can_interfaces/msg/detail/bms_fb__type_support.cpp\n'}
[33.168719] (yhs_can_interfaces) StdoutLine: {'line': b'-- Installing: /home/jenter/package/work/install/yhs_can_interfaces/include/yhs_can_interfaces/yhs_can_interfaces/msg/detail/io_cmd__type_support.cpp\n'}
[33.168903] (yhs_can_interfaces) StdoutLine: {'line': b'-- Installing: /home/jenter/package/work/install/yhs_can_interfaces/include/yhs_can_interfaces/yhs_can_interfaces/msg/detail/error_fb__rosidl_typesupport_introspection_cpp.hpp\n'}
[33.169073] (yhs_can_interfaces) StdoutLine: {'line': b'-- Installing: /home/jenter/package/work/install/yhs_can_interfaces/include/yhs_can_interfaces/yhs_can_interfaces/msg/detail/rear_angle_fb__rosidl_typesupport_introspection_cpp.hpp\n'}
[33.169240] (yhs_can_interfaces) StdoutLine: {'line': b'-- Installing: /home/jenter/package/work/install/yhs_can_interfaces/include/yhs_can_interfaces/yhs_can_interfaces/msg/detail/lf_wheel_fb__rosidl_typesupport_introspection_cpp.hpp\n'}
[33.169408] (yhs_can_interfaces) StdoutLine: {'line': b'-- Installing: /home/jenter/package/work/install/yhs_can_interfaces/include/yhs_can_interfaces/yhs_can_interfaces/msg/detail/chassis_info_fb__rosidl_typesupport_introspection_cpp.hpp\n'}
[33.169735] (yhs_can_interfaces) StdoutLine: {'line': b'-- Installing: /home/jenter/package/work/install/yhs_can_interfaces/include/yhs_can_interfaces/yhs_can_interfaces/msg/detail/steering_motor_current_fb__type_support.cpp\n'}
[33.169933] (yhs_can_interfaces) StdoutLine: {'line': b'-- Installing: /home/jenter/package/work/install/yhs_can_interfaces/include/yhs_can_interfaces/yhs_can_interfaces/msg/detail/motor_cmd__type_support.cpp\n'}
[33.170131] (yhs_can_interfaces) StdoutLine: {'line': b'-- Installing: /home/jenter/package/work/install/yhs_can_interfaces/include/yhs_can_interfaces/yhs_can_interfaces/msg/detail/steering_motor_current_fb__rosidl_typesupport_introspection_cpp.hpp\n'}
[33.170310] (yhs_can_interfaces) StdoutLine: {'line': b'-- Installing: /home/jenter/package/work/install/yhs_can_interfaces/include/yhs_can_interfaces/yhs_can_interfaces/msg/detail/bms_flag_fb__type_support.cpp\n'}
[33.170512] (yhs_can_interfaces) StdoutLine: {'line': b'-- Installing: /home/jenter/package/work/install/yhs_can_interfaces/include/yhs_can_interfaces/yhs_can_interfaces/msg/detail/chassis_info_fb__type_support.cpp\n'}
[33.170714] (yhs_can_interfaces) StdoutLine: {'line': b'-- Installing: /home/jenter/package/work/install/yhs_can_interfaces/include/yhs_can_interfaces/yhs_can_interfaces/msg/detail/bms_fb__rosidl_typesupport_introspection_cpp.hpp\n'}
[33.170891] (yhs_can_interfaces) StdoutLine: {'line': b'-- Installing: /home/jenter/package/work/install/yhs_can_interfaces/include/yhs_can_interfaces/yhs_can_interfaces/msg/detail/ultrasonic__type_support.cpp\n'}
[33.171082] (yhs_can_interfaces) StdoutLine: {'line': b'-- Installing: /home/jenter/package/work/install/yhs_can_interfaces/include/yhs_can_interfaces/yhs_can_interfaces/msg/detail/lr_wheel_fb__type_support.cpp\n'}
[33.171267] (yhs_can_interfaces) StdoutLine: {'line': b'-- Installing: /home/jenter/package/work/install/yhs_can_interfaces/include/yhs_can_interfaces/yhs_can_interfaces/msg/detail/rr_wheel_fb__type_support.cpp\n'}
[33.171450] (yhs_can_interfaces) StdoutLine: {'line': b'-- Installing: /home/jenter/package/work/install/yhs_can_interfaces/include/yhs_can_interfaces/yhs_can_interfaces/msg/detail/error_fb__type_support.cpp\n'}
[33.171635] (yhs_can_interfaces) StdoutLine: {'line': b'-- Installing: /home/jenter/package/work/install/yhs_can_interfaces/include/yhs_can_interfaces/yhs_can_interfaces/msg/detail/motor_fb__type_support.cpp\n'}
[33.171819] (yhs_can_interfaces) StdoutLine: {'line': b'-- Installing: /home/jenter/package/work/install/yhs_can_interfaces/include/yhs_can_interfaces/yhs_can_interfaces/msg/detail/drive_motor_current_fb__rosidl_typesupport_introspection_cpp.hpp\n'}
[33.171987] (yhs_can_interfaces) StdoutLine: {'line': b'-- Installing: /home/jenter/package/work/install/yhs_can_interfaces/include/yhs_can_interfaces/yhs_can_interfaces/msg/detail/rf_wheel_fb__type_support.cpp\n'}
[33.172162] (yhs_can_interfaces) StdoutLine: {'line': b'-- Installing: /home/jenter/package/work/install/yhs_can_interfaces/include/yhs_can_interfaces/yhs_can_interfaces/msg/detail/bms_flag_fb__rosidl_typesupport_introspection_cpp.hpp\n'}
[33.172328] (yhs_can_interfaces) StdoutLine: {'line': b'-- Installing: /home/jenter/package/work/install/yhs_can_interfaces/include/yhs_can_interfaces/yhs_can_interfaces/msg/detail/ctrl_fb__type_support.cpp\n'}
[33.172503] (yhs_can_interfaces) StdoutLine: {'line': b'-- Installing: /home/jenter/package/work/install/yhs_can_interfaces/include/yhs_can_interfaces/yhs_can_interfaces/msg/detail/steering_ctrl_fb__rosidl_typesupport_introspection_cpp.hpp\n'}
[33.172672] (yhs_can_interfaces) StdoutLine: {'line': b'-- Installing: /home/jenter/package/work/install/yhs_can_interfaces/include/yhs_can_interfaces/yhs_can_interfaces/msg/detail/front_angle_fb__rosidl_typesupport_introspection_cpp.hpp\n'}
[33.172837] (yhs_can_interfaces) StdoutLine: {'line': b'-- Installing: /home/jenter/package/work/install/yhs_can_interfaces/include/yhs_can_interfaces/yhs_can_interfaces/msg/detail/rear_angle_fb__type_support.cpp\n'}
[33.173010] (yhs_can_interfaces) StdoutLine: {'line': b'-- Installing: /home/jenter/package/work/install/yhs_can_interfaces/include/yhs_can_interfaces/yhs_can_interfaces/msg/detail/steering_ctrl_fb__type_support.cpp\n'}
[33.173185] (yhs_can_interfaces) StdoutLine: {'line': b'-- Installing: /home/jenter/package/work/install/yhs_can_interfaces/include/yhs_can_interfaces/yhs_can_interfaces/msg/detail/ctrl_cmd__rosidl_typesupport_introspection_cpp.hpp\n'}
[33.173351] (yhs_can_interfaces) StdoutLine: {'line': b'-- Installing: /home/jenter/package/work/install/yhs_can_interfaces/include/yhs_can_interfaces/yhs_can_interfaces/msg/detail/io_cmd__rosidl_typesupport_introspection_cpp.hpp\n'}
[33.173528] (yhs_can_interfaces) StdoutLine: {'line': b'-- Installing: /home/jenter/package/work/install/yhs_can_interfaces/include/yhs_can_interfaces/yhs_can_interfaces/msg/detail/rf_wheel_fb__rosidl_typesupport_introspection_cpp.hpp\n'}
[33.173697] (yhs_can_interfaces) StdoutLine: {'line': b'-- Installing: /home/jenter/package/work/install/yhs_can_interfaces/include/yhs_can_interfaces/yhs_can_interfaces/msg/detail/lr_wheel_fb__rosidl_typesupport_introspection_cpp.hpp\n'}
[33.173864] (yhs_can_interfaces) StdoutLine: {'line': b'-- Installing: /home/jenter/package/work/install/yhs_can_interfaces/include/yhs_can_interfaces/yhs_can_interfaces/msg/detail/steering_ctrl_cmd__rosidl_typesupport_introspection_cpp.hpp\n'}
[33.174030] (yhs_can_interfaces) StdoutLine: {'line': b'-- Installing: /home/jenter/package/work/install/yhs_can_interfaces/include/yhs_can_interfaces/yhs_can_interfaces/msg/detail/ctrl_cmd__type_support.cpp\n'}
[33.174204] (yhs_can_interfaces) StdoutLine: {'line': b'-- Installing: /home/jenter/package/work/install/yhs_can_interfaces/include/yhs_can_interfaces/yhs_can_interfaces/msg/detail/io_fb__type_support.cpp\n'}
[33.174410] (yhs_can_interfaces) StdoutLine: {'line': b'-- Installing: /home/jenter/package/work/install/yhs_can_interfaces/include/yhs_can_interfaces/yhs_can_interfaces/msg/detail/drive_motor_current_fb__type_support.cpp\n'}
[33.174598] (yhs_can_interfaces) StdoutLine: {'line': b'-- Installing: /home/jenter/package/work/install/yhs_can_interfaces/include/yhs_can_interfaces/yhs_can_interfaces/msg/detail/motor_cmd__rosidl_typesupport_introspection_cpp.hpp\n'}
[33.175004] (yhs_can_interfaces) StdoutLine: {'line': b'-- Installing: /home/jenter/package/work/install/yhs_can_interfaces/lib/libyhs_can_interfaces__rosidl_typesupport_introspection_cpp.so\n'}
[33.175724] (yhs_can_interfaces) StdoutLine: {'line': b'-- Set runtime path of "/home/jenter/package/work/install/yhs_can_interfaces/lib/libyhs_can_interfaces__rosidl_typesupport_introspection_cpp.so" to ""\n'}
[33.175944] (yhs_can_interfaces) StdoutLine: {'line': b'-- Installing: /home/jenter/package/work/install/yhs_can_interfaces/lib/libyhs_can_interfaces__rosidl_typesupport_cpp.so\n'}
[33.176517] (yhs_can_interfaces) StdoutLine: {'line': b'-- Set runtime path of "/home/jenter/package/work/install/yhs_can_interfaces/lib/libyhs_can_interfaces__rosidl_typesupport_cpp.so" to ""\n'}
[33.176662] (yhs_can_interfaces) StdoutLine: {'line': b'-- Up-to-date: /home/jenter/package/work/install/yhs_can_interfaces/share/yhs_can_interfaces/environment/pythonpath.sh\n'}
[33.176795] (yhs_can_interfaces) StdoutLine: {'line': b'-- Installing: /home/jenter/package/work/install/yhs_can_interfaces/share/yhs_can_interfaces/environment/pythonpath.dsv\n'}
[33.176942] (yhs_can_interfaces) StdoutLine: {'line': b'-- Up-to-date: /home/jenter/package/work/install/yhs_can_interfaces/local/lib/python3.10/dist-packages/yhs_can_interfaces-0.0.0-py3.10.egg-info\n'}
[33.177076] (yhs_can_interfaces) StdoutLine: {'line': b'-- Installing: /home/jenter/package/work/install/yhs_can_interfaces/local/lib/python3.10/dist-packages/yhs_can_interfaces-0.0.0-py3.10.egg-info/dependency_links.txt\n'}
[33.177210] (yhs_can_interfaces) StdoutLine: {'line': b'-- Installing: /home/jenter/package/work/install/yhs_can_interfaces/local/lib/python3.10/dist-packages/yhs_can_interfaces-0.0.0-py3.10.egg-info/SOURCES.txt\n'}
[33.177350] (yhs_can_interfaces) StdoutLine: {'line': b'-- Installing: /home/jenter/package/work/install/yhs_can_interfaces/local/lib/python3.10/dist-packages/yhs_can_interfaces-0.0.0-py3.10.egg-info/top_level.txt\n'}
[33.177519] (yhs_can_interfaces) StdoutLine: {'line': b'-- Installing: /home/jenter/package/work/install/yhs_can_interfaces/local/lib/python3.10/dist-packages/yhs_can_interfaces-0.0.0-py3.10.egg-info/PKG-INFO\n'}
[33.177753] (yhs_can_interfaces) StdoutLine: {'line': b'-- Up-to-date: /home/jenter/package/work/install/yhs_can_interfaces/local/lib/python3.10/dist-packages/yhs_can_interfaces\n'}
[33.177890] (yhs_can_interfaces) StdoutLine: {'line': b'-- Installing: /home/jenter/package/work/install/yhs_can_interfaces/local/lib/python3.10/dist-packages/yhs_can_interfaces/libyhs_can_interfaces__rosidl_generator_py.so\n'}
[33.178267] (yhs_can_interfaces) StdoutLine: {'line': b'-- Installing: /home/jenter/package/work/install/yhs_can_interfaces/local/lib/python3.10/dist-packages/yhs_can_interfaces/yhs_can_interfaces_s__rosidl_typesupport_introspection_c.cpython-310-x86_64-linux-gnu.so\n'}
[33.178542] (yhs_can_interfaces) StdoutLine: {'line': b'-- Up-to-date: /home/jenter/package/work/install/yhs_can_interfaces/local/lib/python3.10/dist-packages/yhs_can_interfaces/msg\n'}
[33.178675] (yhs_can_interfaces) StdoutLine: {'line': b'-- Installing: /home/jenter/package/work/install/yhs_can_interfaces/local/lib/python3.10/dist-packages/yhs_can_interfaces/msg/_lr_wheel_fb.py\n'}
[33.178814] (yhs_can_interfaces) StdoutLine: {'line': b'-- Installing: /home/jenter/package/work/install/yhs_can_interfaces/local/lib/python3.10/dist-packages/yhs_can_interfaces/msg/_chassis_info_fb.py\n'}
[33.179005] (yhs_can_interfaces) StdoutLine: {'line': b'-- Installing: /home/jenter/package/work/install/yhs_can_interfaces/local/lib/python3.10/dist-packages/yhs_can_interfaces/msg/_ultrasonic_s.c\n'}
[33.179173] (yhs_can_interfaces) StdoutLine: {'line': b'-- Installing: /home/jenter/package/work/install/yhs_can_interfaces/local/lib/python3.10/dist-packages/yhs_can_interfaces/msg/_steering_motor_current_fb.py\n'}
[33.179350] (yhs_can_interfaces) StdoutLine: {'line': b'-- Installing: /home/jenter/package/work/install/yhs_can_interfaces/local/lib/python3.10/dist-packages/yhs_can_interfaces/msg/_bms_fb_s.c\n'}
[33.179515] (yhs_can_interfaces) StdoutLine: {'line': b'-- Installing: /home/jenter/package/work/install/yhs_can_interfaces/local/lib/python3.10/dist-packages/yhs_can_interfaces/msg/_io_cmd.py\n'}
[33.179690] (yhs_can_interfaces) StdoutLine: {'line': b'-- Installing: /home/jenter/package/work/install/yhs_can_interfaces/local/lib/python3.10/dist-packages/yhs_can_interfaces/msg/_rr_wheel_fb_s.c\n'}
[33.179846] (yhs_can_interfaces) StdoutLine: {'line': b'-- Installing: /home/jenter/package/work/install/yhs_can_interfaces/local/lib/python3.10/dist-packages/yhs_can_interfaces/msg/_motor_cmd_s.c\n'}
[33.180014] (yhs_can_interfaces) StdoutLine: {'line': b'-- Installing: /home/jenter/package/work/install/yhs_can_interfaces/local/lib/python3.10/dist-packages/yhs_can_interfaces/msg/_error_fb.py\n'}
[33.180183] (yhs_can_interfaces) StdoutLine: {'line': b'-- Installing: /home/jenter/package/work/install/yhs_can_interfaces/local/lib/python3.10/dist-packages/yhs_can_interfaces/msg/_lf_wheel_fb_s.c\n'}
[33.180339] (yhs_can_interfaces) StdoutLine: {'line': b'-- Installing: /home/jenter/package/work/install/yhs_can_interfaces/local/lib/python3.10/dist-packages/yhs_can_interfaces/msg/_chassis_info_fb_s.c\n'}
[33.180533] (yhs_can_interfaces) StdoutLine: {'line': b'-- Installing: /home/jenter/package/work/install/yhs_can_interfaces/local/lib/python3.10/dist-packages/yhs_can_interfaces/msg/_front_angle_fb.py\n'}
[33.180707] (yhs_can_interfaces) StdoutLine: {'line': b'-- Installing: /home/jenter/package/work/install/yhs_can_interfaces/local/lib/python3.10/dist-packages/yhs_can_interfaces/msg/_rear_angle_fb.py\n'}
[33.180873] (yhs_can_interfaces) StdoutLine: {'line': b'-- Installing: /home/jenter/package/work/install/yhs_can_interfaces/local/lib/python3.10/dist-packages/yhs_can_interfaces/msg/_rf_wheel_fb_s.c\n'}
[33.181032] (yhs_can_interfaces) StdoutLine: {'line': b'-- Installing: /home/jenter/package/work/install/yhs_can_interfaces/local/lib/python3.10/dist-packages/yhs_can_interfaces/msg/_front_angle_fb_s.c\n'}
[33.181190] (yhs_can_interfaces) StdoutLine: {'line': b'-- Installing: /home/jenter/package/work/install/yhs_can_interfaces/local/lib/python3.10/dist-packages/yhs_can_interfaces/msg/_steering_ctrl_cmd_s.c\n'}
[33.181355] (yhs_can_interfaces) StdoutLine: {'line': b'-- Installing: /home/jenter/package/work/install/yhs_can_interfaces/local/lib/python3.10/dist-packages/yhs_can_interfaces/msg/_io_fb.py\n'}
[33.181693] (yhs_can_interfaces) StdoutLine: {'line': b'-- Installing: /home/jenter/package/work/install/yhs_can_interfaces/local/lib/python3.10/dist-packages/yhs_can_interfaces/msg/_ctrl_cmd.py\n'}
[33.181866] (yhs_can_interfaces) StdoutLine: {'line': b'-- Installing: /home/jenter/package/work/install/yhs_can_interfaces/local/lib/python3.10/dist-packages/yhs_can_interfaces/msg/__init__.py\n'}
[33.182026] (yhs_can_interfaces) StdoutLine: {'line': b'-- Installing: /home/jenter/package/work/install/yhs_can_interfaces/local/lib/python3.10/dist-packages/yhs_can_interfaces/msg/_lf_wheel_fb.py\n'}
[33.182190] (yhs_can_interfaces) StdoutLine: {'line': b'-- Installing: /home/jenter/package/work/install/yhs_can_interfaces/local/lib/python3.10/dist-packages/yhs_can_interfaces/msg/_ctrl_cmd_s.c\n'}
[33.182359] (yhs_can_interfaces) StdoutLine: {'line': b'-- Installing: /home/jenter/package/work/install/yhs_can_interfaces/local/lib/python3.10/dist-packages/yhs_can_interfaces/msg/_rear_angle_fb_s.c\n'}
[33.182518] (yhs_can_interfaces) StdoutLine: {'line': b'-- Installing: /home/jenter/package/work/install/yhs_can_interfaces/local/lib/python3.10/dist-packages/yhs_can_interfaces/msg/_steering_ctrl_fb.py\n'}
[33.182689] (yhs_can_interfaces) StdoutLine: {'line': b'-- Installing: /home/jenter/package/work/install/yhs_can_interfaces/local/lib/python3.10/dist-packages/yhs_can_interfaces/msg/_io_fb_s.c\n'}
[33.182879] (yhs_can_interfaces) StdoutLine: {'line': b'-- Installing: /home/jenter/package/work/install/yhs_can_interfaces/local/lib/python3.10/dist-packages/yhs_can_interfaces/msg/_io_cmd_s.c\n'}
[33.183058] (yhs_can_interfaces) StdoutLine: {'line': b'-- Installing: /home/jenter/package/work/install/yhs_can_interfaces/local/lib/python3.10/dist-packages/yhs_can_interfaces/msg/_bms_fb.py\n'}
[33.183228] (yhs_can_interfaces) StdoutLine: {'line': b'-- Installing: /home/jenter/package/work/install/yhs_can_interfaces/local/lib/python3.10/dist-packages/yhs_can_interfaces/msg/_rf_wheel_fb.py\n'}
[33.183399] (yhs_can_interfaces) StdoutLine: {'line': b'-- Installing: /home/jenter/package/work/install/yhs_can_interfaces/local/lib/python3.10/dist-packages/yhs_can_interfaces/msg/_motor_fb_s.c\n'}
[33.183565] (yhs_can_interfaces) StdoutLine: {'line': b'-- Installing: /home/jenter/package/work/install/yhs_can_interfaces/local/lib/python3.10/dist-packages/yhs_can_interfaces/msg/_ultrasonic.py\n'}
[33.183743] (yhs_can_interfaces) StdoutLine: {'line': b'-- Installing: /home/jenter/package/work/install/yhs_can_interfaces/local/lib/python3.10/dist-packages/yhs_can_interfaces/msg/_bms_flag_fb_s.c\n'}
[33.183925] (yhs_can_interfaces) StdoutLine: {'line': b'-- Installing: /home/jenter/package/work/install/yhs_can_interfaces/local/lib/python3.10/dist-packages/yhs_can_interfaces/msg/_bms_flag_fb.py\n'}
[33.184118] (yhs_can_interfaces) StdoutLine: {'line': b'-- Installing: /home/jenter/package/work/install/yhs_can_interfaces/local/lib/python3.10/dist-packages/yhs_can_interfaces/msg/_lr_wheel_fb_s.c\n'}
[33.184280] (yhs_can_interfaces) StdoutLine: {'line': b'-- Installing: /home/jenter/package/work/install/yhs_can_interfaces/local/lib/python3.10/dist-packages/yhs_can_interfaces/msg/_drive_motor_current_fb_s.c\n'}
[33.184449] (yhs_can_interfaces) StdoutLine: {'line': b'-- Installing: /home/jenter/package/work/install/yhs_can_interfaces/local/lib/python3.10/dist-packages/yhs_can_interfaces/msg/_ctrl_fb.py\n'}
[33.184620] (yhs_can_interfaces) StdoutLine: {'line': b'-- Installing: /home/jenter/package/work/install/yhs_can_interfaces/local/lib/python3.10/dist-packages/yhs_can_interfaces/msg/_steering_motor_current_fb_s.c\n'}
[33.184788] (yhs_can_interfaces) StdoutLine: {'line': b'-- Installing: /home/jenter/package/work/install/yhs_can_interfaces/local/lib/python3.10/dist-packages/yhs_can_interfaces/msg/_error_fb_s.c\n'}
[33.184957] (yhs_can_interfaces) StdoutLine: {'line': b'-- Installing: /home/jenter/package/work/install/yhs_can_interfaces/local/lib/python3.10/dist-packages/yhs_can_interfaces/msg/_steering_ctrl_fb_s.c\n'}
[33.185126] (yhs_can_interfaces) StdoutLine: {'line': b'-- Installing: /home/jenter/package/work/install/yhs_can_interfaces/local/lib/python3.10/dist-packages/yhs_can_interfaces/msg/_drive_motor_current_fb.py\n'}
[33.185304] (yhs_can_interfaces) StdoutLine: {'line': b'-- Installing: /home/jenter/package/work/install/yhs_can_interfaces/local/lib/python3.10/dist-packages/yhs_can_interfaces/msg/_motor_cmd.py\n'}
[33.185516] (yhs_can_interfaces) StdoutLine: {'line': b'-- Installing: /home/jenter/package/work/install/yhs_can_interfaces/local/lib/python3.10/dist-packages/yhs_can_interfaces/msg/_motor_fb.py\n'}
[33.185708] (yhs_can_interfaces) StdoutLine: {'line': b'-- Installing: /home/jenter/package/work/install/yhs_can_interfaces/local/lib/python3.10/dist-packages/yhs_can_interfaces/msg/_steering_ctrl_cmd.py\n'}
[33.185854] (yhs_can_interfaces) StdoutLine: {'line': b'-- Installing: /home/jenter/package/work/install/yhs_can_interfaces/local/lib/python3.10/dist-packages/yhs_can_interfaces/msg/_rr_wheel_fb.py\n'}
[33.186018] (yhs_can_interfaces) StdoutLine: {'line': b'-- Installing: /home/jenter/package/work/install/yhs_can_interfaces/local/lib/python3.10/dist-packages/yhs_can_interfaces/msg/_ctrl_fb_s.c\n'}
[33.186193] (yhs_can_interfaces) StdoutLine: {'line': b'-- Installing: /home/jenter/package/work/install/yhs_can_interfaces/local/lib/python3.10/dist-packages/yhs_can_interfaces/yhs_can_interfaces_s__rosidl_typesupport_c.cpython-310-x86_64-linux-gnu.so\n'}
[33.186467] (yhs_can_interfaces) StdoutLine: {'line': b'-- Installing: /home/jenter/package/work/install/yhs_can_interfaces/local/lib/python3.10/dist-packages/yhs_can_interfaces/__init__.py\n'}
[33.186606] (yhs_can_interfaces) StdoutLine: {'line': b'-- Installing: /home/jenter/package/work/install/yhs_can_interfaces/local/lib/python3.10/dist-packages/yhs_can_interfaces/_yhs_can_interfaces_s.ep.rosidl_typesupport_introspection_c.c\n'}
[33.186949] (yhs_can_interfaces) StdoutLine: {'line': b'-- Installing: /home/jenter/package/work/install/yhs_can_interfaces/local/lib/python3.10/dist-packages/yhs_can_interfaces/_yhs_can_interfaces_s.ep.rosidl_typesupport_fastrtps_c.c\n'}
[33.187304] (yhs_can_interfaces) StdoutLine: {'line': b'-- Installing: /home/jenter/package/work/install/yhs_can_interfaces/local/lib/python3.10/dist-packages/yhs_can_interfaces/_yhs_can_interfaces_s.ep.rosidl_typesupport_c.c\n'}
[33.187655] (yhs_can_interfaces) StdoutLine: {'line': b'-- Installing: /home/jenter/package/work/install/yhs_can_interfaces/local/lib/python3.10/dist-packages/yhs_can_interfaces/yhs_can_interfaces_s__rosidl_typesupport_fastrtps_c.cpython-310-x86_64-linux-gnu.so\n'}
[33.193282] (-) TimerEvent: {}
[33.272731] (yhs_can_interfaces) StdoutLine: {'line': b"Listing '/home/jenter/package/work/install/yhs_can_interfaces/local/lib/python3.10/dist-packages/yhs_can_interfaces'...\n"}
[33.272959] (yhs_can_interfaces) StdoutLine: {'line': b"Compiling '/home/jenter/package/work/install/yhs_can_interfaces/local/lib/python3.10/dist-packages/yhs_can_interfaces/__init__.py'...\n"}
[33.273069] (yhs_can_interfaces) StdoutLine: {'line': b"Listing '/home/jenter/package/work/install/yhs_can_interfaces/local/lib/python3.10/dist-packages/yhs_can_interfaces/msg'...\n"}
[33.273165] (yhs_can_interfaces) StdoutLine: {'line': b"Compiling '/home/jenter/package/work/install/yhs_can_interfaces/local/lib/python3.10/dist-packages/yhs_can_interfaces/msg/__init__.py'...\n"}
[33.273256] (yhs_can_interfaces) StdoutLine: {'line': b"Compiling '/home/jenter/package/work/install/yhs_can_interfaces/local/lib/python3.10/dist-packages/yhs_can_interfaces/msg/_bms_fb.py'...\n"}
[33.273345] (yhs_can_interfaces) StdoutLine: {'line': b"Compiling '/home/jenter/package/work/install/yhs_can_interfaces/local/lib/python3.10/dist-packages/yhs_can_interfaces/msg/_bms_flag_fb.py'...\n"}
[33.273433] (yhs_can_interfaces) StdoutLine: {'line': b"Compiling '/home/jenter/package/work/install/yhs_can_interfaces/local/lib/python3.10/dist-packages/yhs_can_interfaces/msg/_chassis_info_fb.py'...\n"}
[33.273540] (yhs_can_interfaces) StdoutLine: {'line': b"Compiling '/home/jenter/package/work/install/yhs_can_interfaces/local/lib/python3.10/dist-packages/yhs_can_interfaces/msg/_ctrl_cmd.py'...\n"}
[33.273629] (yhs_can_interfaces) StdoutLine: {'line': b"Compiling '/home/jenter/package/work/install/yhs_can_interfaces/local/lib/python3.10/dist-packages/yhs_can_interfaces/msg/_ctrl_fb.py'...\n"}
[33.273715] (yhs_can_interfaces) StdoutLine: {'line': b"Compiling '/home/jenter/package/work/install/yhs_can_interfaces/local/lib/python3.10/dist-packages/yhs_can_interfaces/msg/_drive_motor_current_fb.py'...\n"}
[33.273804] (yhs_can_interfaces) StdoutLine: {'line': b"Compiling '/home/jenter/package/work/install/yhs_can_interfaces/local/lib/python3.10/dist-packages/yhs_can_interfaces/msg/_error_fb.py'...\n"}
[33.273892] (yhs_can_interfaces) StdoutLine: {'line': b"Compiling '/home/jenter/package/work/install/yhs_can_interfaces/local/lib/python3.10/dist-packages/yhs_can_interfaces/msg/_front_angle_fb.py'...\n"}
[33.273982] (yhs_can_interfaces) StdoutLine: {'line': b"Compiling '/home/jenter/package/work/install/yhs_can_interfaces/local/lib/python3.10/dist-packages/yhs_can_interfaces/msg/_io_cmd.py'...\n"}
[33.274074] (yhs_can_interfaces) StdoutLine: {'line': b"Compiling '/home/jenter/package/work/install/yhs_can_interfaces/local/lib/python3.10/dist-packages/yhs_can_interfaces/msg/_io_fb.py'...\n"}
[33.274161] (yhs_can_interfaces) StdoutLine: {'line': b"Compiling '/home/jenter/package/work/install/yhs_can_interfaces/local/lib/python3.10/dist-packages/yhs_can_interfaces/msg/_lf_wheel_fb.py'...\n"}
[33.274248] (yhs_can_interfaces) StdoutLine: {'line': b"Compiling '/home/jenter/package/work/install/yhs_can_interfaces/local/lib/python3.10/dist-packages/yhs_can_interfaces/msg/_lr_wheel_fb.py'...\n"}
[33.274338] (yhs_can_interfaces) StdoutLine: {'line': b"Compiling '/home/jenter/package/work/install/yhs_can_interfaces/local/lib/python3.10/dist-packages/yhs_can_interfaces/msg/_motor_cmd.py'...\n"}
[33.274428] (yhs_can_interfaces) StdoutLine: {'line': b"Compiling '/home/jenter/package/work/install/yhs_can_interfaces/local/lib/python3.10/dist-packages/yhs_can_interfaces/msg/_motor_fb.py'...\n"}
[33.274518] (yhs_can_interfaces) StdoutLine: {'line': b"Compiling '/home/jenter/package/work/install/yhs_can_interfaces/local/lib/python3.10/dist-packages/yhs_can_interfaces/msg/_rear_angle_fb.py'...\n"}
[33.274639] (yhs_can_interfaces) StdoutLine: {'line': b"Compiling '/home/jenter/package/work/install/yhs_can_interfaces/local/lib/python3.10/dist-packages/yhs_can_interfaces/msg/_rf_wheel_fb.py'...\n"}
[33.274740] (yhs_can_interfaces) StdoutLine: {'line': b"Compiling '/home/jenter/package/work/install/yhs_can_interfaces/local/lib/python3.10/dist-packages/yhs_can_interfaces/msg/_rr_wheel_fb.py'...\n"}
[33.274832] (yhs_can_interfaces) StdoutLine: {'line': b"Compiling '/home/jenter/package/work/install/yhs_can_interfaces/local/lib/python3.10/dist-packages/yhs_can_interfaces/msg/_steering_ctrl_cmd.py'...\n"}
[33.274922] (yhs_can_interfaces) StdoutLine: {'line': b"Compiling '/home/jenter/package/work/install/yhs_can_interfaces/local/lib/python3.10/dist-packages/yhs_can_interfaces/msg/_steering_ctrl_fb.py'...\n"}
[33.275020] (yhs_can_interfaces) StdoutLine: {'line': b"Compiling '/home/jenter/package/work/install/yhs_can_interfaces/local/lib/python3.10/dist-packages/yhs_can_interfaces/msg/_steering_motor_current_fb.py'...\n"}
[33.275112] (yhs_can_interfaces) StdoutLine: {'line': b"Compiling '/home/jenter/package/work/install/yhs_can_interfaces/local/lib/python3.10/dist-packages/yhs_can_interfaces/msg/_ultrasonic.py'...\n"}
[33.280747] (yhs_can_interfaces) StdoutLine: {'line': b'-- Installing: /home/jenter/package/work/install/yhs_can_interfaces/local/lib/python3.10/dist-packages/yhs_can_interfaces/yhs_can_interfaces_s__rosidl_typesupport_fastrtps_c.cpython-310-x86_64-linux-gnu.so\n'}
[33.281247] (yhs_can_interfaces) StdoutLine: {'line': b'-- Set runtime path of "/home/jenter/package/work/install/yhs_can_interfaces/local/lib/python3.10/dist-packages/yhs_can_interfaces/yhs_can_interfaces_s__rosidl_typesupport_fastrtps_c.cpython-310-x86_64-linux-gnu.so" to ""\n'}
[33.281437] (yhs_can_interfaces) StdoutLine: {'line': b'-- Installing: /home/jenter/package/work/install/yhs_can_interfaces/local/lib/python3.10/dist-packages/yhs_can_interfaces/yhs_can_interfaces_s__rosidl_typesupport_introspection_c.cpython-310-x86_64-linux-gnu.so\n'}
[33.282072] (yhs_can_interfaces) StdoutLine: {'line': b'-- Set runtime path of "/home/jenter/package/work/install/yhs_can_interfaces/local/lib/python3.10/dist-packages/yhs_can_interfaces/yhs_can_interfaces_s__rosidl_typesupport_introspection_c.cpython-310-x86_64-linux-gnu.so" to ""\n'}
[33.282324] (yhs_can_interfaces) StdoutLine: {'line': b'-- Installing: /home/jenter/package/work/install/yhs_can_interfaces/local/lib/python3.10/dist-packages/yhs_can_interfaces/yhs_can_interfaces_s__rosidl_typesupport_c.cpython-310-x86_64-linux-gnu.so\n'}
[33.282859] (yhs_can_interfaces) StdoutLine: {'line': b'-- Set runtime path of "/home/jenter/package/work/install/yhs_can_interfaces/local/lib/python3.10/dist-packages/yhs_can_interfaces/yhs_can_interfaces_s__rosidl_typesupport_c.cpython-310-x86_64-linux-gnu.so" to ""\n'}
[33.283134] (yhs_can_interfaces) StdoutLine: {'line': b'-- Installing: /home/jenter/package/work/install/yhs_can_interfaces/lib/libyhs_can_interfaces__rosidl_generator_py.so\n'}
[33.283857] (yhs_can_interfaces) StdoutLine: {'line': b'-- Set runtime path of "/home/jenter/package/work/install/yhs_can_interfaces/lib/libyhs_can_interfaces__rosidl_generator_py.so" to ""\n'}
[33.284030] (yhs_can_interfaces) StdoutLine: {'line': b'-- Up-to-date: /home/jenter/package/work/install/yhs_can_interfaces/share/yhs_can_interfaces/msg/BmsFlagFb.idl\n'}
[33.284200] (yhs_can_interfaces) StdoutLine: {'line': b'-- Up-to-date: /home/jenter/package/work/install/yhs_can_interfaces/share/yhs_can_interfaces/msg/BmsFb.idl\n'}
[33.284377] (yhs_can_interfaces) StdoutLine: {'line': b'-- Up-to-date: /home/jenter/package/work/install/yhs_can_interfaces/share/yhs_can_interfaces/msg/ChassisInfoFb.idl\n'}
[33.284485] (yhs_can_interfaces) StdoutLine: {'line': b'-- Up-to-date: /home/jenter/package/work/install/yhs_can_interfaces/share/yhs_can_interfaces/msg/CtrlCmd.idl\n'}
[33.284706] (yhs_can_interfaces) StdoutLine: {'line': b'-- Up-to-date: /home/jenter/package/work/install/yhs_can_interfaces/share/yhs_can_interfaces/msg/CtrlFb.idl\n'}
[33.284867] (yhs_can_interfaces) StdoutLine: {'line': b'-- Installing: /home/jenter/package/work/install/yhs_can_interfaces/share/yhs_can_interfaces/msg/SteeringCtrlCmd.idl\n'}
[33.285019] (yhs_can_interfaces) StdoutLine: {'line': b'-- Installing: /home/jenter/package/work/install/yhs_can_interfaces/share/yhs_can_interfaces/msg/SteeringCtrlFb.idl\n'}
[33.285151] (yhs_can_interfaces) StdoutLine: {'line': b'-- Up-to-date: /home/jenter/package/work/install/yhs_can_interfaces/share/yhs_can_interfaces/msg/FrontAngleFb.idl\n'}
[33.285296] (yhs_can_interfaces) StdoutLine: {'line': b'-- Up-to-date: /home/jenter/package/work/install/yhs_can_interfaces/share/yhs_can_interfaces/msg/IoCmd.idl\n'}
[33.285422] (yhs_can_interfaces) StdoutLine: {'line': b'-- Up-to-date: /home/jenter/package/work/install/yhs_can_interfaces/share/yhs_can_interfaces/msg/IoFb.idl\n'}
[33.285584] (yhs_can_interfaces) StdoutLine: {'line': b'-- Up-to-date: /home/jenter/package/work/install/yhs_can_interfaces/share/yhs_can_interfaces/msg/LrWheelFb.idl\n'}
[33.285715] (yhs_can_interfaces) StdoutLine: {'line': b'-- Up-to-date: /home/jenter/package/work/install/yhs_can_interfaces/share/yhs_can_interfaces/msg/RrWheelFb.idl\n'}
[33.285841] (yhs_can_interfaces) StdoutLine: {'line': b'-- Up-to-date: /home/jenter/package/work/install/yhs_can_interfaces/share/yhs_can_interfaces/msg/LfWheelFb.idl\n'}
[33.285983] (yhs_can_interfaces) StdoutLine: {'line': b'-- Up-to-date: /home/jenter/package/work/install/yhs_can_interfaces/share/yhs_can_interfaces/msg/RfWheelFb.idl\n'}
[33.286107] (yhs_can_interfaces) StdoutLine: {'line': b'-- Up-to-date: /home/jenter/package/work/install/yhs_can_interfaces/share/yhs_can_interfaces/msg/RearAngleFb.idl\n'}
[33.286257] (yhs_can_interfaces) StdoutLine: {'line': b'-- Up-to-date: /home/jenter/package/work/install/yhs_can_interfaces/share/yhs_can_interfaces/msg/Ultrasonic.idl\n'}
[33.286381] (yhs_can_interfaces) StdoutLine: {'line': b'-- Up-to-date: /home/jenter/package/work/install/yhs_can_interfaces/share/yhs_can_interfaces/msg/ErrorFb.idl\n'}
[33.286522] (yhs_can_interfaces) StdoutLine: {'line': b'-- Up-to-date: /home/jenter/package/work/install/yhs_can_interfaces/share/yhs_can_interfaces/msg/MotorCmd.idl\n'}
[33.286655] (yhs_can_interfaces) StdoutLine: {'line': b'-- Up-to-date: /home/jenter/package/work/install/yhs_can_interfaces/share/yhs_can_interfaces/msg/MotorFb.idl\n'}
[33.286763] (yhs_can_interfaces) StdoutLine: {'line': b'-- Up-to-date: /home/jenter/package/work/install/yhs_can_interfaces/share/yhs_can_interfaces/msg/DriveMotorCurrentFb.idl\n'}
[33.286887] (yhs_can_interfaces) StdoutLine: {'line': b'-- Up-to-date: /home/jenter/package/work/install/yhs_can_interfaces/share/yhs_can_interfaces/msg/SteeringMotorCurrentFb.idl\n'}
[33.286992] (yhs_can_interfaces) StdoutLine: {'line': b'-- Up-to-date: /home/jenter/package/work/install/yhs_can_interfaces/share/yhs_can_interfaces/msg/BmsFlagFb.msg\n'}
[33.287116] (yhs_can_interfaces) StdoutLine: {'line': b'-- Up-to-date: /home/jenter/package/work/install/yhs_can_interfaces/share/yhs_can_interfaces/msg/BmsFb.msg\n'}
[33.287241] (yhs_can_interfaces) StdoutLine: {'line': b'-- Up-to-date: /home/jenter/package/work/install/yhs_can_interfaces/share/yhs_can_interfaces/msg/ChassisInfoFb.msg\n'}
[33.287366] (yhs_can_interfaces) StdoutLine: {'line': b'-- Up-to-date: /home/jenter/package/work/install/yhs_can_interfaces/share/yhs_can_interfaces/msg/CtrlCmd.msg\n'}
[33.287508] (yhs_can_interfaces) StdoutLine: {'line': b'-- Up-to-date: /home/jenter/package/work/install/yhs_can_interfaces/share/yhs_can_interfaces/msg/CtrlFb.msg\n'}
[33.287635] (yhs_can_interfaces) StdoutLine: {'line': b'-- Installing: /home/jenter/package/work/install/yhs_can_interfaces/share/yhs_can_interfaces/msg/SteeringCtrlCmd.msg\n'}
[33.287778] (yhs_can_interfaces) StdoutLine: {'line': b'-- Installing: /home/jenter/package/work/install/yhs_can_interfaces/share/yhs_can_interfaces/msg/SteeringCtrlFb.msg\n'}
[33.287907] (yhs_can_interfaces) StdoutLine: {'line': b'-- Up-to-date: /home/jenter/package/work/install/yhs_can_interfaces/share/yhs_can_interfaces/msg/FrontAngleFb.msg\n'}
[33.288037] (yhs_can_interfaces) StdoutLine: {'line': b'-- Up-to-date: /home/jenter/package/work/install/yhs_can_interfaces/share/yhs_can_interfaces/msg/IoCmd.msg\n'}
[33.288188] (yhs_can_interfaces) StdoutLine: {'line': b'-- Up-to-date: /home/jenter/package/work/install/yhs_can_interfaces/share/yhs_can_interfaces/msg/IoFb.msg\n'}
[33.288320] (yhs_can_interfaces) StdoutLine: {'line': b'-- Up-to-date: /home/jenter/package/work/install/yhs_can_interfaces/share/yhs_can_interfaces/msg/LrWheelFb.msg\n'}
[33.288451] (yhs_can_interfaces) StdoutLine: {'line': b'-- Up-to-date: /home/jenter/package/work/install/yhs_can_interfaces/share/yhs_can_interfaces/msg/RrWheelFb.msg\n'}
[33.288601] (yhs_can_interfaces) StdoutLine: {'line': b'-- Up-to-date: /home/jenter/package/work/install/yhs_can_interfaces/share/yhs_can_interfaces/msg/LfWheelFb.msg\n'}
[33.288731] (yhs_can_interfaces) StdoutLine: {'line': b'-- Up-to-date: /home/jenter/package/work/install/yhs_can_interfaces/share/yhs_can_interfaces/msg/RfWheelFb.msg\n'}
[33.288864] (yhs_can_interfaces) StdoutLine: {'line': b'-- Up-to-date: /home/jenter/package/work/install/yhs_can_interfaces/share/yhs_can_interfaces/msg/RearAngleFb.msg\n'}
[33.288974] (yhs_can_interfaces) StdoutLine: {'line': b'-- Up-to-date: /home/jenter/package/work/install/yhs_can_interfaces/share/yhs_can_interfaces/msg/Ultrasonic.msg\n'}
[33.289108] (yhs_can_interfaces) StdoutLine: {'line': b'-- Up-to-date: /home/jenter/package/work/install/yhs_can_interfaces/share/yhs_can_interfaces/msg/ErrorFb.msg\n'}
[33.289239] (yhs_can_interfaces) StdoutLine: {'line': b'-- Up-to-date: /home/jenter/package/work/install/yhs_can_interfaces/share/yhs_can_interfaces/msg/MotorCmd.msg\n'}
[33.289350] (yhs_can_interfaces) StdoutLine: {'line': b'-- Up-to-date: /home/jenter/package/work/install/yhs_can_interfaces/share/yhs_can_interfaces/msg/MotorFb.msg\n'}
[33.289495] (yhs_can_interfaces) StdoutLine: {'line': b'-- Up-to-date: /home/jenter/package/work/install/yhs_can_interfaces/share/yhs_can_interfaces/msg/DriveMotorCurrentFb.msg\n'}
[33.289638] (yhs_can_interfaces) StdoutLine: {'line': b'-- Up-to-date: /home/jenter/package/work/install/yhs_can_interfaces/share/yhs_can_interfaces/msg/SteeringMotorCurrentFb.msg\n'}
[33.289780] (yhs_can_interfaces) StdoutLine: {'line': b'-- Up-to-date: /home/jenter/package/work/install/yhs_can_interfaces/share/ament_index/resource_index/package_run_dependencies/yhs_can_interfaces\n'}
[33.289920] (yhs_can_interfaces) StdoutLine: {'line': b'-- Up-to-date: /home/jenter/package/work/install/yhs_can_interfaces/share/ament_index/resource_index/parent_prefix_path/yhs_can_interfaces\n'}
[33.290036] (yhs_can_interfaces) StdoutLine: {'line': b'-- Up-to-date: /home/jenter/package/work/install/yhs_can_interfaces/share/yhs_can_interfaces/environment/ament_prefix_path.sh\n'}
[33.290174] (yhs_can_interfaces) StdoutLine: {'line': b'-- Installing: /home/jenter/package/work/install/yhs_can_interfaces/share/yhs_can_interfaces/environment/ament_prefix_path.dsv\n'}
[33.290290] (yhs_can_interfaces) StdoutLine: {'line': b'-- Up-to-date: /home/jenter/package/work/install/yhs_can_interfaces/share/yhs_can_interfaces/environment/path.sh\n'}
[33.290429] (yhs_can_interfaces) StdoutLine: {'line': b'-- Installing: /home/jenter/package/work/install/yhs_can_interfaces/share/yhs_can_interfaces/environment/path.dsv\n'}
[33.290569] (yhs_can_interfaces) StdoutLine: {'line': b'-- Up-to-date: /home/jenter/package/work/install/yhs_can_interfaces/share/yhs_can_interfaces/local_setup.bash\n'}
[33.290709] (yhs_can_interfaces) StdoutLine: {'line': b'-- Up-to-date: /home/jenter/package/work/install/yhs_can_interfaces/share/yhs_can_interfaces/local_setup.sh\n'}
[33.290844] (yhs_can_interfaces) StdoutLine: {'line': b'-- Up-to-date: /home/jenter/package/work/install/yhs_can_interfaces/share/yhs_can_interfaces/local_setup.zsh\n'}
[33.290998] (yhs_can_interfaces) StdoutLine: {'line': b'-- Installing: /home/jenter/package/work/install/yhs_can_interfaces/share/yhs_can_interfaces/local_setup.dsv\n'}
[33.291115] (yhs_can_interfaces) StdoutLine: {'line': b'-- Installing: /home/jenter/package/work/install/yhs_can_interfaces/share/yhs_can_interfaces/package.dsv\n'}
[33.291266] (yhs_can_interfaces) StdoutLine: {'line': b'-- Up-to-date: /home/jenter/package/work/install/yhs_can_interfaces/share/ament_index/resource_index/packages/yhs_can_interfaces\n'}
[33.291405] (yhs_can_interfaces) StdoutLine: {'line': b'-- Up-to-date: /home/jenter/package/work/install/yhs_can_interfaces/share/yhs_can_interfaces/cmake/export_yhs_can_interfaces__rosidl_generator_cExport.cmake\n'}
[33.291547] (yhs_can_interfaces) StdoutLine: {'line': b'-- Up-to-date: /home/jenter/package/work/install/yhs_can_interfaces/share/yhs_can_interfaces/cmake/export_yhs_can_interfaces__rosidl_generator_cExport-noconfig.cmake\n'}
[33.291685] (yhs_can_interfaces) StdoutLine: {'line': b'-- Up-to-date: /home/jenter/package/work/install/yhs_can_interfaces/share/yhs_can_interfaces/cmake/export_yhs_can_interfaces__rosidl_typesupport_fastrtps_cExport.cmake\n'}
[33.291824] (yhs_can_interfaces) StdoutLine: {'line': b'-- Up-to-date: /home/jenter/package/work/install/yhs_can_interfaces/share/yhs_can_interfaces/cmake/export_yhs_can_interfaces__rosidl_typesupport_fastrtps_cExport-noconfig.cmake\n'}
[33.291942] (yhs_can_interfaces) StdoutLine: {'line': b'-- Up-to-date: /home/jenter/package/work/install/yhs_can_interfaces/share/yhs_can_interfaces/cmake/yhs_can_interfaces__rosidl_typesupport_introspection_cExport.cmake\n'}
[33.292101] (yhs_can_interfaces) StdoutLine: {'line': b'-- Up-to-date: /home/jenter/package/work/install/yhs_can_interfaces/share/yhs_can_interfaces/cmake/yhs_can_interfaces__rosidl_typesupport_introspection_cExport-noconfig.cmake\n'}
[33.292219] (yhs_can_interfaces) StdoutLine: {'line': b'-- Up-to-date: /home/jenter/package/work/install/yhs_can_interfaces/share/yhs_can_interfaces/cmake/yhs_can_interfaces__rosidl_typesupport_cExport.cmake\n'}
[33.292355] (yhs_can_interfaces) StdoutLine: {'line': b'-- Up-to-date: /home/jenter/package/work/install/yhs_can_interfaces/share/yhs_can_interfaces/cmake/yhs_can_interfaces__rosidl_typesupport_cExport-noconfig.cmake\n'}
[33.292491] (yhs_can_interfaces) StdoutLine: {'line': b'-- Up-to-date: /home/jenter/package/work/install/yhs_can_interfaces/share/yhs_can_interfaces/cmake/export_yhs_can_interfaces__rosidl_generator_cppExport.cmake\n'}
[33.292629] (yhs_can_interfaces) StdoutLine: {'line': b'-- Up-to-date: /home/jenter/package/work/install/yhs_can_interfaces/share/yhs_can_interfaces/cmake/export_yhs_can_interfaces__rosidl_typesupport_fastrtps_cppExport.cmake\n'}
[33.292766] (yhs_can_interfaces) StdoutLine: {'line': b'-- Up-to-date: /home/jenter/package/work/install/yhs_can_interfaces/share/yhs_can_interfaces/cmake/export_yhs_can_interfaces__rosidl_typesupport_fastrtps_cppExport-noconfig.cmake\n'}
[33.292905] (yhs_can_interfaces) StdoutLine: {'line': b'-- Up-to-date: /home/jenter/package/work/install/yhs_can_interfaces/share/yhs_can_interfaces/cmake/yhs_can_interfaces__rosidl_typesupport_introspection_cppExport.cmake\n'}
[33.293045] (yhs_can_interfaces) StdoutLine: {'line': b'-- Up-to-date: /home/jenter/package/work/install/yhs_can_interfaces/share/yhs_can_interfaces/cmake/yhs_can_interfaces__rosidl_typesupport_introspection_cppExport-noconfig.cmake\n'}
[33.293183] (yhs_can_interfaces) StdoutLine: {'line': b'-- Up-to-date: /home/jenter/package/work/install/yhs_can_interfaces/share/yhs_can_interfaces/cmake/yhs_can_interfaces__rosidl_typesupport_cppExport.cmake\n'}
[33.293337] (-) TimerEvent: {}
[33.293586] (yhs_can_interfaces) StdoutLine: {'line': b'-- Up-to-date: /home/jenter/package/work/install/yhs_can_interfaces/share/yhs_can_interfaces/cmake/yhs_can_interfaces__rosidl_typesupport_cppExport-noconfig.cmake\n'}
[33.293744] (yhs_can_interfaces) StdoutLine: {'line': b'-- Up-to-date: /home/jenter/package/work/install/yhs_can_interfaces/share/yhs_can_interfaces/cmake/export_yhs_can_interfaces__rosidl_generator_pyExport.cmake\n'}
[33.293899] (yhs_can_interfaces) StdoutLine: {'line': b'-- Up-to-date: /home/jenter/package/work/install/yhs_can_interfaces/share/yhs_can_interfaces/cmake/export_yhs_can_interfaces__rosidl_generator_pyExport-noconfig.cmake\n'}
[33.294056] (yhs_can_interfaces) StdoutLine: {'line': b'-- Up-to-date: /home/jenter/package/work/install/yhs_can_interfaces/share/yhs_can_interfaces/cmake/rosidl_cmake-extras.cmake\n'}
[33.294194] (yhs_can_interfaces) StdoutLine: {'line': b'-- Up-to-date: /home/jenter/package/work/install/yhs_can_interfaces/share/yhs_can_interfaces/cmake/ament_cmake_export_dependencies-extras.cmake\n'}
[33.294355] (yhs_can_interfaces) StdoutLine: {'line': b'-- Up-to-date: /home/jenter/package/work/install/yhs_can_interfaces/share/yhs_can_interfaces/cmake/ament_cmake_export_include_directories-extras.cmake\n'}
[33.294493] (yhs_can_interfaces) StdoutLine: {'line': b'-- Up-to-date: /home/jenter/package/work/install/yhs_can_interfaces/share/yhs_can_interfaces/cmake/ament_cmake_export_libraries-extras.cmake\n'}
[33.294615] (yhs_can_interfaces) StdoutLine: {'line': b'-- Up-to-date: /home/jenter/package/work/install/yhs_can_interfaces/share/yhs_can_interfaces/cmake/ament_cmake_export_targets-extras.cmake\n'}
[33.294735] (yhs_can_interfaces) StdoutLine: {'line': b'-- Up-to-date: /home/jenter/package/work/install/yhs_can_interfaces/share/yhs_can_interfaces/cmake/rosidl_cmake_export_typesupport_targets-extras.cmake\n'}
[33.294863] (yhs_can_interfaces) StdoutLine: {'line': b'-- Up-to-date: /home/jenter/package/work/install/yhs_can_interfaces/share/yhs_can_interfaces/cmake/rosidl_cmake_export_typesupport_libraries-extras.cmake\n'}
[33.294980] (yhs_can_interfaces) StdoutLine: {'line': b'-- Up-to-date: /home/jenter/package/work/install/yhs_can_interfaces/share/yhs_can_interfaces/cmake/yhs_can_interfacesConfig.cmake\n'}
[33.295095] (yhs_can_interfaces) StdoutLine: {'line': b'-- Up-to-date: /home/jenter/package/work/install/yhs_can_interfaces/share/yhs_can_interfaces/cmake/yhs_can_interfacesConfig-version.cmake\n'}
[33.295211] (yhs_can_interfaces) StdoutLine: {'line': b'-- Up-to-date: /home/jenter/package/work/install/yhs_can_interfaces/share/yhs_can_interfaces/package.xml\n'}
[33.297767] (yhs_can_interfaces) CommandEnded: {'returncode': 0}
[33.326760] (yhs_can_interfaces) JobEnded: {'identifier': 'yhs_can_interfaces', 'rc': 0}
[33.327571] (-) EventReactorShutdown: {}
