-- The C compiler identification is GNU 11.4.0
-- The CXX compiler identification is GNU 11.4.0
-- Detecting C compiler ABI info
-- Detecting C compiler ABI info - done
-- Check for working C compiler: /usr/bin/cc - skipped
-- Detecting C compile features
-- Detecting C compile features - done
-- Detecting CXX compiler ABI info
-- Detecting CXX compiler ABI info - done
-- Check for working CXX compiler: /usr/bin/c++ - skipped
-- Detecting CXX compile features
-- Detecting CXX compile features - done
-- Found ament_cmake: 1.3.12 (/opt/ros/humble/share/ament_cmake/cmake)
-- Found Python3: /usr/bin/python3 (found version "3.10.12") found components: Interpreter 
-- Found rosidl_default_generators: 1.2.0 (/opt/ros/humble/share/rosidl_default_generators/cmake)
-- Using all available rosidl_typesupport_c: rosidl_typesupport_fastrtps_c;rosidl_typesupport_introspection_c
-- Found rosidl_adapter: 3.1.7 (/opt/ros/humble/share/rosidl_adapter/cmake)
-- Using all available rosidl_typesupport_cpp: rosidl_typesupport_fastrtps_cpp;rosidl_typesupport_introspection_cpp
-- Found std_msgs: 4.9.0 (/opt/ros/humble/share/std_msgs/cmake)
-- Found ament_cmake_ros: 0.10.0 (/opt/ros/humble/share/ament_cmake_ros/cmake)
-- Using all available rosidl_typesupport_c: rosidl_typesupport_fastrtps_c;rosidl_typesupport_introspection_c
-- Using all available rosidl_typesupport_cpp: rosidl_typesupport_fastrtps_cpp;rosidl_typesupport_introspection_cpp
-- Found PythonInterp: /usr/bin/python3 (found suitable version "3.10.12", minimum required is "3.6") 
-- Found python_cmake_module: 0.10.0 (/opt/ros/humble/share/python_cmake_module/cmake)
-- Found PythonLibs: /usr/lib/x86_64-linux-gnu/libpython3.10.so (found suitable version "3.10.12", minimum required is "3.5") 
-- Using PYTHON_EXECUTABLE: /usr/bin/python3
-- Using PYTHON_INCLUDE_DIRS: /usr/include/python3.10
-- Using PYTHON_LIBRARIES: /usr/lib/x86_64-linux-gnu/libpython3.10.so
-- Found PythonExtra: .so  
-- Found ament_lint_auto: 0.12.14 (/opt/ros/humble/share/ament_lint_auto/cmake)
-- Added test 'copyright' to check source files copyright and LICENSE
-- Added test 'lint_cmake' to check CMake code style
-- Added test 'xmllint' to check XML markup files
-- Configuring done
-- Generating done
-- Build files have been written to: /home/jenter/package/work/build/yhs_can_interfaces
[  0%] [34m[1mGenerating C code for ROS interfaces[0m
[  0%] [34m[1mGenerating C++ code for ROS interfaces[0m
[  0%] Built target ament_cmake_python_copy_yhs_can_interfaces
running egg_info
creating yhs_can_interfaces.egg-info
writing yhs_can_interfaces.egg-info/PKG-INFO
writing dependency_links to yhs_can_interfaces.egg-info/dependency_links.txt
writing top-level names to yhs_can_interfaces.egg-info/top_level.txt
writing manifest file 'yhs_can_interfaces.egg-info/SOURCES.txt'
reading manifest file 'yhs_can_interfaces.egg-info/SOURCES.txt'
writing manifest file 'yhs_can_interfaces.egg-info/SOURCES.txt'
[  0%] Built target ament_cmake_python_build_yhs_can_interfaces_egg
[  0%] Built target yhs_can_interfaces__cpp
[  2%] [34m[1mGenerating C++ type support dispatch for ROS interfaces[0m
[  2%] [34m[1mGenerating C++ type support for eProsima Fast-RTPS[0m
[  3%] [34m[1mGenerating C++ introspection for ROS interfaces[0m
[  4%] [32mBuilding C object CMakeFiles/yhs_can_interfaces__rosidl_generator_c.dir/rosidl_generator_c/yhs_can_interfaces/msg/detail/bms_flag_fb__functions.c.o[0m
[  4%] [32mBuilding C object CMakeFiles/yhs_can_interfaces__rosidl_generator_c.dir/rosidl_generator_c/yhs_can_interfaces/msg/detail/bms_fb__functions.c.o[0m
[  5%] [32mBuilding C object CMakeFiles/yhs_can_interfaces__rosidl_generator_c.dir/rosidl_generator_c/yhs_can_interfaces/msg/detail/chassis_info_fb__functions.c.o[0m
[  5%] [32mBuilding C object CMakeFiles/yhs_can_interfaces__rosidl_generator_c.dir/rosidl_generator_c/yhs_can_interfaces/msg/detail/ctrl_cmd__functions.c.o[0m
[  6%] [32mBuilding C object CMakeFiles/yhs_can_interfaces__rosidl_generator_c.dir/rosidl_generator_c/yhs_can_interfaces/msg/detail/ctrl_fb__functions.c.o[0m
[  6%] [32mBuilding C object CMakeFiles/yhs_can_interfaces__rosidl_generator_c.dir/rosidl_generator_c/yhs_can_interfaces/msg/detail/steering_ctrl_cmd__functions.c.o[0m
[  7%] [32mBuilding C object CMakeFiles/yhs_can_interfaces__rosidl_generator_c.dir/rosidl_generator_c/yhs_can_interfaces/msg/detail/steering_ctrl_fb__functions.c.o[0m
[  7%] [32mBuilding C object CMakeFiles/yhs_can_interfaces__rosidl_generator_c.dir/rosidl_generator_c/yhs_can_interfaces/msg/detail/front_angle_fb__functions.c.o[0m
[  8%] [32mBuilding C object CMakeFiles/yhs_can_interfaces__rosidl_generator_c.dir/rosidl_generator_c/yhs_can_interfaces/msg/detail/io_cmd__functions.c.o[0m
[  8%] [32mBuilding C object CMakeFiles/yhs_can_interfaces__rosidl_generator_c.dir/rosidl_generator_c/yhs_can_interfaces/msg/detail/io_fb__functions.c.o[0m
[  9%] [32mBuilding C object CMakeFiles/yhs_can_interfaces__rosidl_generator_c.dir/rosidl_generator_c/yhs_can_interfaces/msg/detail/lr_wheel_fb__functions.c.o[0m
[  9%] [32mBuilding C object CMakeFiles/yhs_can_interfaces__rosidl_generator_c.dir/rosidl_generator_c/yhs_can_interfaces/msg/detail/rr_wheel_fb__functions.c.o[0m
[ 10%] [32mBuilding C object CMakeFiles/yhs_can_interfaces__rosidl_generator_c.dir/rosidl_generator_c/yhs_can_interfaces/msg/detail/lf_wheel_fb__functions.c.o[0m
[ 10%] [32mBuilding C object CMakeFiles/yhs_can_interfaces__rosidl_generator_c.dir/rosidl_generator_c/yhs_can_interfaces/msg/detail/rf_wheel_fb__functions.c.o[0m
[ 11%] [32mBuilding C object CMakeFiles/yhs_can_interfaces__rosidl_generator_c.dir/rosidl_generator_c/yhs_can_interfaces/msg/detail/rear_angle_fb__functions.c.o[0m
[ 11%] [32mBuilding C object CMakeFiles/yhs_can_interfaces__rosidl_generator_c.dir/rosidl_generator_c/yhs_can_interfaces/msg/detail/ultrasonic__functions.c.o[0m
[ 12%] [32mBuilding C object CMakeFiles/yhs_can_interfaces__rosidl_generator_c.dir/rosidl_generator_c/yhs_can_interfaces/msg/detail/error_fb__functions.c.o[0m
[ 12%] [32mBuilding C object CMakeFiles/yhs_can_interfaces__rosidl_generator_c.dir/rosidl_generator_c/yhs_can_interfaces/msg/detail/motor_cmd__functions.c.o[0m
[ 13%] [32mBuilding C object CMakeFiles/yhs_can_interfaces__rosidl_generator_c.dir/rosidl_generator_c/yhs_can_interfaces/msg/detail/motor_fb__functions.c.o[0m
[ 14%] [32mBuilding C object CMakeFiles/yhs_can_interfaces__rosidl_generator_c.dir/rosidl_generator_c/yhs_can_interfaces/msg/detail/drive_motor_current_fb__functions.c.o[0m
[ 14%] [32mBuilding CXX object CMakeFiles/yhs_can_interfaces__rosidl_typesupport_cpp.dir/rosidl_typesupport_cpp/yhs_can_interfaces/msg/bms_flag_fb__type_support.cpp.o[0m
[ 14%] [32mBuilding C object CMakeFiles/yhs_can_interfaces__rosidl_generator_c.dir/rosidl_generator_c/yhs_can_interfaces/msg/detail/steering_motor_current_fb__functions.c.o[0m
[ 15%] [32m[1mLinking C shared library libyhs_can_interfaces__rosidl_generator_c.so[0m
[ 15%] Built target yhs_can_interfaces__rosidl_generator_c
[ 16%] [34m[1mGenerating C type support for eProsima Fast-RTPS[0m
[ 17%] [32mBuilding CXX object CMakeFiles/yhs_can_interfaces__rosidl_typesupport_introspection_cpp.dir/rosidl_typesupport_introspection_cpp/yhs_can_interfaces/msg/detail/bms_flag_fb__type_support.cpp.o[0m
[ 18%] [32mBuilding CXX object CMakeFiles/yhs_can_interfaces__rosidl_typesupport_cpp.dir/rosidl_typesupport_cpp/yhs_can_interfaces/msg/bms_fb__type_support.cpp.o[0m
[ 18%] [32mBuilding CXX object CMakeFiles/yhs_can_interfaces__rosidl_typesupport_fastrtps_cpp.dir/rosidl_typesupport_fastrtps_cpp/yhs_can_interfaces/msg/detail/dds_fastrtps/bms_flag_fb__type_support.cpp.o[0m
[ 18%] [32mBuilding CXX object CMakeFiles/yhs_can_interfaces__rosidl_typesupport_cpp.dir/rosidl_typesupport_cpp/yhs_can_interfaces/msg/chassis_info_fb__type_support.cpp.o[0m
[ 18%] [32mBuilding CXX object CMakeFiles/yhs_can_interfaces__rosidl_typesupport_introspection_cpp.dir/rosidl_typesupport_introspection_cpp/yhs_can_interfaces/msg/detail/bms_fb__type_support.cpp.o[0m
[ 19%] [32mBuilding CXX object CMakeFiles/yhs_can_interfaces__rosidl_typesupport_cpp.dir/rosidl_typesupport_cpp/yhs_can_interfaces/msg/ctrl_cmd__type_support.cpp.o[0m
[ 20%] [32mBuilding CXX object CMakeFiles/yhs_can_interfaces__rosidl_typesupport_fastrtps_cpp.dir/rosidl_typesupport_fastrtps_cpp/yhs_can_interfaces/msg/detail/dds_fastrtps/bms_fb__type_support.cpp.o[0m
[ 21%] [32mBuilding CXX object CMakeFiles/yhs_can_interfaces__rosidl_typesupport_introspection_cpp.dir/rosidl_typesupport_introspection_cpp/yhs_can_interfaces/msg/detail/chassis_info_fb__type_support.cpp.o[0m
[ 21%] [32mBuilding CXX object CMakeFiles/yhs_can_interfaces__rosidl_typesupport_cpp.dir/rosidl_typesupport_cpp/yhs_can_interfaces/msg/ctrl_fb__type_support.cpp.o[0m
[ 21%] [32mBuilding CXX object CMakeFiles/yhs_can_interfaces__rosidl_typesupport_fastrtps_cpp.dir/rosidl_typesupport_fastrtps_cpp/yhs_can_interfaces/msg/detail/dds_fastrtps/chassis_info_fb__type_support.cpp.o[0m
[ 22%] [32mBuilding CXX object CMakeFiles/yhs_can_interfaces__rosidl_typesupport_cpp.dir/rosidl_typesupport_cpp/yhs_can_interfaces/msg/steering_ctrl_cmd__type_support.cpp.o[0m
[ 22%] [32mBuilding CXX object CMakeFiles/yhs_can_interfaces__rosidl_typesupport_introspection_cpp.dir/rosidl_typesupport_introspection_cpp/yhs_can_interfaces/msg/detail/ctrl_cmd__type_support.cpp.o[0m
[ 22%] [32mBuilding CXX object CMakeFiles/yhs_can_interfaces__rosidl_typesupport_fastrtps_c.dir/rosidl_typesupport_fastrtps_c/yhs_can_interfaces/msg/detail/bms_flag_fb__type_support_c.cpp.o[0m
[ 22%] [32mBuilding CXX object CMakeFiles/yhs_can_interfaces__rosidl_typesupport_cpp.dir/rosidl_typesupport_cpp/yhs_can_interfaces/msg/steering_ctrl_fb__type_support.cpp.o[0m
[ 23%] [32mBuilding CXX object CMakeFiles/yhs_can_interfaces__rosidl_typesupport_fastrtps_cpp.dir/rosidl_typesupport_fastrtps_cpp/yhs_can_interfaces/msg/detail/dds_fastrtps/ctrl_cmd__type_support.cpp.o[0m
[ 24%] [32mBuilding CXX object CMakeFiles/yhs_can_interfaces__rosidl_typesupport_introspection_cpp.dir/rosidl_typesupport_introspection_cpp/yhs_can_interfaces/msg/detail/ctrl_fb__type_support.cpp.o[0m
[ 25%] [32mBuilding CXX object CMakeFiles/yhs_can_interfaces__rosidl_typesupport_fastrtps_c.dir/rosidl_typesupport_fastrtps_c/yhs_can_interfaces/msg/detail/bms_fb__type_support_c.cpp.o[0m
[ 26%] [32mBuilding CXX object CMakeFiles/yhs_can_interfaces__rosidl_typesupport_cpp.dir/rosidl_typesupport_cpp/yhs_can_interfaces/msg/front_angle_fb__type_support.cpp.o[0m
[ 26%] [32mBuilding CXX object CMakeFiles/yhs_can_interfaces__rosidl_typesupport_fastrtps_cpp.dir/rosidl_typesupport_fastrtps_cpp/yhs_can_interfaces/msg/detail/dds_fastrtps/ctrl_fb__type_support.cpp.o[0m
[ 26%] [32mBuilding CXX object CMakeFiles/yhs_can_interfaces__rosidl_typesupport_cpp.dir/rosidl_typesupport_cpp/yhs_can_interfaces/msg/io_cmd__type_support.cpp.o[0m
[ 26%] [32mBuilding CXX object CMakeFiles/yhs_can_interfaces__rosidl_typesupport_fastrtps_c.dir/rosidl_typesupport_fastrtps_c/yhs_can_interfaces/msg/detail/chassis_info_fb__type_support_c.cpp.o[0m
[ 26%] [32mBuilding CXX object CMakeFiles/yhs_can_interfaces__rosidl_typesupport_introspection_cpp.dir/rosidl_typesupport_introspection_cpp/yhs_can_interfaces/msg/detail/steering_ctrl_cmd__type_support.cpp.o[0m
[ 27%] [32mBuilding CXX object CMakeFiles/yhs_can_interfaces__rosidl_typesupport_cpp.dir/rosidl_typesupport_cpp/yhs_can_interfaces/msg/io_fb__type_support.cpp.o[0m
[ 28%] [32mBuilding CXX object CMakeFiles/yhs_can_interfaces__rosidl_typesupport_fastrtps_cpp.dir/rosidl_typesupport_fastrtps_cpp/yhs_can_interfaces/msg/detail/dds_fastrtps/steering_ctrl_cmd__type_support.cpp.o[0m
[ 29%] [32mBuilding CXX object CMakeFiles/yhs_can_interfaces__rosidl_typesupport_fastrtps_c.dir/rosidl_typesupport_fastrtps_c/yhs_can_interfaces/msg/detail/ctrl_cmd__type_support_c.cpp.o[0m
[ 30%] [32mBuilding CXX object CMakeFiles/yhs_can_interfaces__rosidl_typesupport_introspection_cpp.dir/rosidl_typesupport_introspection_cpp/yhs_can_interfaces/msg/detail/steering_ctrl_fb__type_support.cpp.o[0m
[ 30%] [32mBuilding CXX object CMakeFiles/yhs_can_interfaces__rosidl_typesupport_cpp.dir/rosidl_typesupport_cpp/yhs_can_interfaces/msg/lr_wheel_fb__type_support.cpp.o[0m
[ 30%] [32mBuilding CXX object CMakeFiles/yhs_can_interfaces__rosidl_typesupport_fastrtps_c.dir/rosidl_typesupport_fastrtps_c/yhs_can_interfaces/msg/detail/ctrl_fb__type_support_c.cpp.o[0m
[ 31%] [32mBuilding CXX object CMakeFiles/yhs_can_interfaces__rosidl_typesupport_fastrtps_cpp.dir/rosidl_typesupport_fastrtps_cpp/yhs_can_interfaces/msg/detail/dds_fastrtps/steering_ctrl_fb__type_support.cpp.o[0m
[ 31%] [32mBuilding CXX object CMakeFiles/yhs_can_interfaces__rosidl_typesupport_introspection_cpp.dir/rosidl_typesupport_introspection_cpp/yhs_can_interfaces/msg/detail/front_angle_fb__type_support.cpp.o[0m
[ 32%] [32mBuilding CXX object CMakeFiles/yhs_can_interfaces__rosidl_typesupport_cpp.dir/rosidl_typesupport_cpp/yhs_can_interfaces/msg/rr_wheel_fb__type_support.cpp.o[0m
[ 33%] [32mBuilding CXX object CMakeFiles/yhs_can_interfaces__rosidl_typesupport_fastrtps_c.dir/rosidl_typesupport_fastrtps_c/yhs_can_interfaces/msg/detail/steering_ctrl_cmd__type_support_c.cpp.o[0m
[ 34%] [32mBuilding CXX object CMakeFiles/yhs_can_interfaces__rosidl_typesupport_cpp.dir/rosidl_typesupport_cpp/yhs_can_interfaces/msg/lf_wheel_fb__type_support.cpp.o[0m
[ 34%] [32mBuilding CXX object CMakeFiles/yhs_can_interfaces__rosidl_typesupport_fastrtps_cpp.dir/rosidl_typesupport_fastrtps_cpp/yhs_can_interfaces/msg/detail/dds_fastrtps/front_angle_fb__type_support.cpp.o[0m
[ 35%] [32mBuilding CXX object CMakeFiles/yhs_can_interfaces__rosidl_typesupport_introspection_cpp.dir/rosidl_typesupport_introspection_cpp/yhs_can_interfaces/msg/detail/io_cmd__type_support.cpp.o[0m
[ 35%] [32mBuilding CXX object CMakeFiles/yhs_can_interfaces__rosidl_typesupport_cpp.dir/rosidl_typesupport_cpp/yhs_can_interfaces/msg/rf_wheel_fb__type_support.cpp.o[0m
[ 35%] [32mBuilding CXX object CMakeFiles/yhs_can_interfaces__rosidl_typesupport_fastrtps_c.dir/rosidl_typesupport_fastrtps_c/yhs_can_interfaces/msg/detail/steering_ctrl_fb__type_support_c.cpp.o[0m
[ 36%] [32mBuilding CXX object CMakeFiles/yhs_can_interfaces__rosidl_typesupport_fastrtps_cpp.dir/rosidl_typesupport_fastrtps_cpp/yhs_can_interfaces/msg/detail/dds_fastrtps/io_cmd__type_support.cpp.o[0m
[ 36%] [32mBuilding CXX object CMakeFiles/yhs_can_interfaces__rosidl_typesupport_introspection_cpp.dir/rosidl_typesupport_introspection_cpp/yhs_can_interfaces/msg/detail/io_fb__type_support.cpp.o[0m
[ 37%] [32mBuilding CXX object CMakeFiles/yhs_can_interfaces__rosidl_typesupport_cpp.dir/rosidl_typesupport_cpp/yhs_can_interfaces/msg/rear_angle_fb__type_support.cpp.o[0m
[ 38%] [32mBuilding CXX object CMakeFiles/yhs_can_interfaces__rosidl_typesupport_fastrtps_c.dir/rosidl_typesupport_fastrtps_c/yhs_can_interfaces/msg/detail/front_angle_fb__type_support_c.cpp.o[0m
[ 38%] [32mBuilding CXX object CMakeFiles/yhs_can_interfaces__rosidl_typesupport_cpp.dir/rosidl_typesupport_cpp/yhs_can_interfaces/msg/ultrasonic__type_support.cpp.o[0m
[ 39%] [32mBuilding CXX object CMakeFiles/yhs_can_interfaces__rosidl_typesupport_introspection_cpp.dir/rosidl_typesupport_introspection_cpp/yhs_can_interfaces/msg/detail/lr_wheel_fb__type_support.cpp.o[0m
[ 39%] [32mBuilding CXX object CMakeFiles/yhs_can_interfaces__rosidl_typesupport_fastrtps_cpp.dir/rosidl_typesupport_fastrtps_cpp/yhs_can_interfaces/msg/detail/dds_fastrtps/io_fb__type_support.cpp.o[0m
[ 39%] [32mBuilding CXX object CMakeFiles/yhs_can_interfaces__rosidl_typesupport_fastrtps_c.dir/rosidl_typesupport_fastrtps_c/yhs_can_interfaces/msg/detail/io_cmd__type_support_c.cpp.o[0m
[ 40%] [32mBuilding CXX object CMakeFiles/yhs_can_interfaces__rosidl_typesupport_cpp.dir/rosidl_typesupport_cpp/yhs_can_interfaces/msg/error_fb__type_support.cpp.o[0m
[ 40%] [32mBuilding CXX object CMakeFiles/yhs_can_interfaces__rosidl_typesupport_introspection_cpp.dir/rosidl_typesupport_introspection_cpp/yhs_can_interfaces/msg/detail/rr_wheel_fb__type_support.cpp.o[0m
[ 41%] [32mBuilding CXX object CMakeFiles/yhs_can_interfaces__rosidl_typesupport_fastrtps_cpp.dir/rosidl_typesupport_fastrtps_cpp/yhs_can_interfaces/msg/detail/dds_fastrtps/lr_wheel_fb__type_support.cpp.o[0m
[ 41%] [32mBuilding CXX object CMakeFiles/yhs_can_interfaces__rosidl_typesupport_cpp.dir/rosidl_typesupport_cpp/yhs_can_interfaces/msg/motor_cmd__type_support.cpp.o[0m
[ 42%] [32mBuilding CXX object CMakeFiles/yhs_can_interfaces__rosidl_typesupport_fastrtps_c.dir/rosidl_typesupport_fastrtps_c/yhs_can_interfaces/msg/detail/io_fb__type_support_c.cpp.o[0m
[ 43%] [32mBuilding CXX object CMakeFiles/yhs_can_interfaces__rosidl_typesupport_cpp.dir/rosidl_typesupport_cpp/yhs_can_interfaces/msg/motor_fb__type_support.cpp.o[0m
[ 44%] [32mBuilding CXX object CMakeFiles/yhs_can_interfaces__rosidl_typesupport_introspection_cpp.dir/rosidl_typesupport_introspection_cpp/yhs_can_interfaces/msg/detail/lf_wheel_fb__type_support.cpp.o[0m
[ 45%] [32mBuilding CXX object CMakeFiles/yhs_can_interfaces__rosidl_typesupport_fastrtps_c.dir/rosidl_typesupport_fastrtps_c/yhs_can_interfaces/msg/detail/lr_wheel_fb__type_support_c.cpp.o[0m
[ 45%] [32mBuilding CXX object CMakeFiles/yhs_can_interfaces__rosidl_typesupport_fastrtps_cpp.dir/rosidl_typesupport_fastrtps_cpp/yhs_can_interfaces/msg/detail/dds_fastrtps/rr_wheel_fb__type_support.cpp.o[0m
[ 45%] [32mBuilding CXX object CMakeFiles/yhs_can_interfaces__rosidl_typesupport_cpp.dir/rosidl_typesupport_cpp/yhs_can_interfaces/msg/drive_motor_current_fb__type_support.cpp.o[0m
[ 45%] [32mBuilding CXX object CMakeFiles/yhs_can_interfaces__rosidl_typesupport_introspection_cpp.dir/rosidl_typesupport_introspection_cpp/yhs_can_interfaces/msg/detail/rf_wheel_fb__type_support.cpp.o[0m
[ 45%] [32mBuilding CXX object CMakeFiles/yhs_can_interfaces__rosidl_typesupport_fastrtps_c.dir/rosidl_typesupport_fastrtps_c/yhs_can_interfaces/msg/detail/rr_wheel_fb__type_support_c.cpp.o[0m
[ 46%] [32mBuilding CXX object CMakeFiles/yhs_can_interfaces__rosidl_typesupport_fastrtps_cpp.dir/rosidl_typesupport_fastrtps_cpp/yhs_can_interfaces/msg/detail/dds_fastrtps/lf_wheel_fb__type_support.cpp.o[0m
[ 47%] [32mBuilding CXX object CMakeFiles/yhs_can_interfaces__rosidl_typesupport_cpp.dir/rosidl_typesupport_cpp/yhs_can_interfaces/msg/steering_motor_current_fb__type_support.cpp.o[0m
[ 48%] [32mBuilding CXX object CMakeFiles/yhs_can_interfaces__rosidl_typesupport_fastrtps_c.dir/rosidl_typesupport_fastrtps_c/yhs_can_interfaces/msg/detail/lf_wheel_fb__type_support_c.cpp.o[0m
[ 49%] [32mBuilding CXX object CMakeFiles/yhs_can_interfaces__rosidl_typesupport_introspection_cpp.dir/rosidl_typesupport_introspection_cpp/yhs_can_interfaces/msg/detail/rear_angle_fb__type_support.cpp.o[0m
[ 49%] [32m[1mLinking CXX shared library libyhs_can_interfaces__rosidl_typesupport_cpp.so[0m
[ 49%] Built target yhs_can_interfaces__rosidl_typesupport_cpp
[ 50%] [34m[1mGenerating C introspection for ROS interfaces[0m
[ 50%] [32mBuilding CXX object CMakeFiles/yhs_can_interfaces__rosidl_typesupport_fastrtps_cpp.dir/rosidl_typesupport_fastrtps_cpp/yhs_can_interfaces/msg/detail/dds_fastrtps/rf_wheel_fb__type_support.cpp.o[0m
[ 50%] [32mBuilding CXX object CMakeFiles/yhs_can_interfaces__rosidl_typesupport_fastrtps_c.dir/rosidl_typesupport_fastrtps_c/yhs_can_interfaces/msg/detail/rf_wheel_fb__type_support_c.cpp.o[0m
[ 50%] [32mBuilding CXX object CMakeFiles/yhs_can_interfaces__rosidl_typesupport_introspection_cpp.dir/rosidl_typesupport_introspection_cpp/yhs_can_interfaces/msg/detail/ultrasonic__type_support.cpp.o[0m
[ 51%] [32mBuilding CXX object CMakeFiles/yhs_can_interfaces__rosidl_typesupport_fastrtps_cpp.dir/rosidl_typesupport_fastrtps_cpp/yhs_can_interfaces/msg/detail/dds_fastrtps/rear_angle_fb__type_support.cpp.o[0m
[ 52%] [32mBuilding CXX object CMakeFiles/yhs_can_interfaces__rosidl_typesupport_fastrtps_c.dir/rosidl_typesupport_fastrtps_c/yhs_can_interfaces/msg/detail/rear_angle_fb__type_support_c.cpp.o[0m
[ 53%] [32mBuilding CXX object CMakeFiles/yhs_can_interfaces__rosidl_typesupport_introspection_cpp.dir/rosidl_typesupport_introspection_cpp/yhs_can_interfaces/msg/detail/error_fb__type_support.cpp.o[0m
[ 53%] [32mBuilding CXX object CMakeFiles/yhs_can_interfaces__rosidl_typesupport_fastrtps_cpp.dir/rosidl_typesupport_fastrtps_cpp/yhs_can_interfaces/msg/detail/dds_fastrtps/ultrasonic__type_support.cpp.o[0m
[ 53%] [32mBuilding CXX object CMakeFiles/yhs_can_interfaces__rosidl_typesupport_fastrtps_c.dir/rosidl_typesupport_fastrtps_c/yhs_can_interfaces/msg/detail/ultrasonic__type_support_c.cpp.o[0m
[ 53%] [32mBuilding CXX object CMakeFiles/yhs_can_interfaces__rosidl_typesupport_introspection_cpp.dir/rosidl_typesupport_introspection_cpp/yhs_can_interfaces/msg/detail/motor_cmd__type_support.cpp.o[0m
[ 54%] [32mBuilding CXX object CMakeFiles/yhs_can_interfaces__rosidl_typesupport_fastrtps_cpp.dir/rosidl_typesupport_fastrtps_cpp/yhs_can_interfaces/msg/detail/dds_fastrtps/error_fb__type_support.cpp.o[0m
[ 55%] [32mBuilding CXX object CMakeFiles/yhs_can_interfaces__rosidl_typesupport_fastrtps_c.dir/rosidl_typesupport_fastrtps_c/yhs_can_interfaces/msg/detail/error_fb__type_support_c.cpp.o[0m
[ 55%] [32mBuilding C object CMakeFiles/yhs_can_interfaces__rosidl_typesupport_introspection_c.dir/rosidl_typesupport_introspection_c/yhs_can_interfaces/msg/detail/bms_flag_fb__type_support.c.o[0m
[ 56%] [32mBuilding C object CMakeFiles/yhs_can_interfaces__rosidl_typesupport_introspection_c.dir/rosidl_typesupport_introspection_c/yhs_can_interfaces/msg/detail/bms_fb__type_support.c.o[0m
[ 56%] [32mBuilding C object CMakeFiles/yhs_can_interfaces__rosidl_typesupport_introspection_c.dir/rosidl_typesupport_introspection_c/yhs_can_interfaces/msg/detail/chassis_info_fb__type_support.c.o[0m
[ 57%] [32mBuilding C object CMakeFiles/yhs_can_interfaces__rosidl_typesupport_introspection_c.dir/rosidl_typesupport_introspection_c/yhs_can_interfaces/msg/detail/ctrl_cmd__type_support.c.o[0m
[ 58%] [32mBuilding C object CMakeFiles/yhs_can_interfaces__rosidl_typesupport_introspection_c.dir/rosidl_typesupport_introspection_c/yhs_can_interfaces/msg/detail/ctrl_fb__type_support.c.o[0m
[ 59%] [32mBuilding CXX object CMakeFiles/yhs_can_interfaces__rosidl_typesupport_introspection_cpp.dir/rosidl_typesupport_introspection_cpp/yhs_can_interfaces/msg/detail/motor_fb__type_support.cpp.o[0m
[ 59%] [32mBuilding C object CMakeFiles/yhs_can_interfaces__rosidl_typesupport_introspection_c.dir/rosidl_typesupport_introspection_c/yhs_can_interfaces/msg/detail/steering_ctrl_cmd__type_support.c.o[0m
[ 60%] [32mBuilding C object CMakeFiles/yhs_can_interfaces__rosidl_typesupport_introspection_c.dir/rosidl_typesupport_introspection_c/yhs_can_interfaces/msg/detail/steering_ctrl_fb__type_support.c.o[0m
[ 60%] [32mBuilding C object CMakeFiles/yhs_can_interfaces__rosidl_typesupport_introspection_c.dir/rosidl_typesupport_introspection_c/yhs_can_interfaces/msg/detail/front_angle_fb__type_support.c.o[0m
[ 61%] [32mBuilding C object CMakeFiles/yhs_can_interfaces__rosidl_typesupport_introspection_c.dir/rosidl_typesupport_introspection_c/yhs_can_interfaces/msg/detail/io_cmd__type_support.c.o[0m
[ 61%] [32mBuilding C object CMakeFiles/yhs_can_interfaces__rosidl_typesupport_introspection_c.dir/rosidl_typesupport_introspection_c/yhs_can_interfaces/msg/detail/io_fb__type_support.c.o[0m
[ 61%] [32mBuilding CXX object CMakeFiles/yhs_can_interfaces__rosidl_typesupport_fastrtps_c.dir/rosidl_typesupport_fastrtps_c/yhs_can_interfaces/msg/detail/motor_cmd__type_support_c.cpp.o[0m
[ 62%] [32mBuilding C object CMakeFiles/yhs_can_interfaces__rosidl_typesupport_introspection_c.dir/rosidl_typesupport_introspection_c/yhs_can_interfaces/msg/detail/lr_wheel_fb__type_support.c.o[0m
[ 62%] [32mBuilding CXX object CMakeFiles/yhs_can_interfaces__rosidl_typesupport_fastrtps_cpp.dir/rosidl_typesupport_fastrtps_cpp/yhs_can_interfaces/msg/detail/dds_fastrtps/motor_cmd__type_support.cpp.o[0m
[ 62%] [32mBuilding C object CMakeFiles/yhs_can_interfaces__rosidl_typesupport_introspection_c.dir/rosidl_typesupport_introspection_c/yhs_can_interfaces/msg/detail/rr_wheel_fb__type_support.c.o[0m
[ 63%] [32mBuilding C object CMakeFiles/yhs_can_interfaces__rosidl_typesupport_introspection_c.dir/rosidl_typesupport_introspection_c/yhs_can_interfaces/msg/detail/lf_wheel_fb__type_support.c.o[0m
[ 63%] [32mBuilding C object CMakeFiles/yhs_can_interfaces__rosidl_typesupport_introspection_c.dir/rosidl_typesupport_introspection_c/yhs_can_interfaces/msg/detail/rf_wheel_fb__type_support.c.o[0m
[ 64%] [32mBuilding C object CMakeFiles/yhs_can_interfaces__rosidl_typesupport_introspection_c.dir/rosidl_typesupport_introspection_c/yhs_can_interfaces/msg/detail/rear_angle_fb__type_support.c.o[0m
[ 64%] [32mBuilding C object CMakeFiles/yhs_can_interfaces__rosidl_typesupport_introspection_c.dir/rosidl_typesupport_introspection_c/yhs_can_interfaces/msg/detail/ultrasonic__type_support.c.o[0m
[ 65%] [32mBuilding C object CMakeFiles/yhs_can_interfaces__rosidl_typesupport_introspection_c.dir/rosidl_typesupport_introspection_c/yhs_can_interfaces/msg/detail/error_fb__type_support.c.o[0m
[ 65%] [32mBuilding CXX object CMakeFiles/yhs_can_interfaces__rosidl_typesupport_introspection_cpp.dir/rosidl_typesupport_introspection_cpp/yhs_can_interfaces/msg/detail/drive_motor_current_fb__type_support.cpp.o[0m
[ 65%] [32mBuilding C object CMakeFiles/yhs_can_interfaces__rosidl_typesupport_introspection_c.dir/rosidl_typesupport_introspection_c/yhs_can_interfaces/msg/detail/motor_cmd__type_support.c.o[0m
[ 66%] [32mBuilding C object CMakeFiles/yhs_can_interfaces__rosidl_typesupport_introspection_c.dir/rosidl_typesupport_introspection_c/yhs_can_interfaces/msg/detail/motor_fb__type_support.c.o[0m
[ 66%] [32mBuilding C object CMakeFiles/yhs_can_interfaces__rosidl_typesupport_introspection_c.dir/rosidl_typesupport_introspection_c/yhs_can_interfaces/msg/detail/drive_motor_current_fb__type_support.c.o[0m
[ 67%] [32mBuilding C object CMakeFiles/yhs_can_interfaces__rosidl_typesupport_introspection_c.dir/rosidl_typesupport_introspection_c/yhs_can_interfaces/msg/detail/steering_motor_current_fb__type_support.c.o[0m
[ 68%] [32mBuilding CXX object CMakeFiles/yhs_can_interfaces__rosidl_typesupport_fastrtps_c.dir/rosidl_typesupport_fastrtps_c/yhs_can_interfaces/msg/detail/motor_fb__type_support_c.cpp.o[0m
[ 68%] [32m[1mLinking C shared library libyhs_can_interfaces__rosidl_typesupport_introspection_c.so[0m
[ 68%] Built target yhs_can_interfaces__rosidl_typesupport_introspection_c
[ 69%] [34m[1mGenerating C type support dispatch for ROS interfaces[0m
[ 70%] [32mBuilding CXX object CMakeFiles/yhs_can_interfaces__rosidl_typesupport_fastrtps_cpp.dir/rosidl_typesupport_fastrtps_cpp/yhs_can_interfaces/msg/detail/dds_fastrtps/motor_fb__type_support.cpp.o[0m
[ 71%] [32mBuilding CXX object CMakeFiles/yhs_can_interfaces__rosidl_typesupport_introspection_cpp.dir/rosidl_typesupport_introspection_cpp/yhs_can_interfaces/msg/detail/steering_motor_current_fb__type_support.cpp.o[0m
[ 71%] [32mBuilding CXX object CMakeFiles/yhs_can_interfaces__rosidl_typesupport_fastrtps_c.dir/rosidl_typesupport_fastrtps_c/yhs_can_interfaces/msg/detail/drive_motor_current_fb__type_support_c.cpp.o[0m
[ 71%] [32mBuilding CXX object CMakeFiles/yhs_can_interfaces__rosidl_typesupport_fastrtps_cpp.dir/rosidl_typesupport_fastrtps_cpp/yhs_can_interfaces/msg/detail/dds_fastrtps/drive_motor_current_fb__type_support.cpp.o[0m
[ 72%] [32m[1mLinking CXX shared library libyhs_can_interfaces__rosidl_typesupport_introspection_cpp.so[0m
[ 73%] [32mBuilding CXX object CMakeFiles/yhs_can_interfaces__rosidl_typesupport_fastrtps_c.dir/rosidl_typesupport_fastrtps_c/yhs_can_interfaces/msg/detail/steering_motor_current_fb__type_support_c.cpp.o[0m
[ 73%] Built target yhs_can_interfaces__rosidl_typesupport_introspection_cpp
[ 74%] [32mBuilding CXX object CMakeFiles/yhs_can_interfaces__rosidl_typesupport_fastrtps_cpp.dir/rosidl_typesupport_fastrtps_cpp/yhs_can_interfaces/msg/detail/dds_fastrtps/steering_motor_current_fb__type_support.cpp.o[0m
[ 75%] [32mBuilding CXX object CMakeFiles/yhs_can_interfaces__rosidl_typesupport_c.dir/rosidl_typesupport_c/yhs_can_interfaces/msg/bms_fb__type_support.cpp.o[0m
[ 75%] [32mBuilding CXX object CMakeFiles/yhs_can_interfaces__rosidl_typesupport_c.dir/rosidl_typesupport_c/yhs_can_interfaces/msg/bms_flag_fb__type_support.cpp.o[0m
[ 76%] [32mBuilding CXX object CMakeFiles/yhs_can_interfaces__rosidl_typesupport_c.dir/rosidl_typesupport_c/yhs_can_interfaces/msg/chassis_info_fb__type_support.cpp.o[0m
[ 76%] [32mBuilding CXX object CMakeFiles/yhs_can_interfaces__rosidl_typesupport_c.dir/rosidl_typesupport_c/yhs_can_interfaces/msg/ctrl_cmd__type_support.cpp.o[0m
[ 76%] [32mBuilding CXX object CMakeFiles/yhs_can_interfaces__rosidl_typesupport_c.dir/rosidl_typesupport_c/yhs_can_interfaces/msg/ctrl_fb__type_support.cpp.o[0m
[ 77%] [32mBuilding CXX object CMakeFiles/yhs_can_interfaces__rosidl_typesupport_c.dir/rosidl_typesupport_c/yhs_can_interfaces/msg/steering_ctrl_cmd__type_support.cpp.o[0m
[ 77%] [32mBuilding CXX object CMakeFiles/yhs_can_interfaces__rosidl_typesupport_c.dir/rosidl_typesupport_c/yhs_can_interfaces/msg/steering_ctrl_fb__type_support.cpp.o[0m
[ 78%] [32mBuilding CXX object CMakeFiles/yhs_can_interfaces__rosidl_typesupport_c.dir/rosidl_typesupport_c/yhs_can_interfaces/msg/front_angle_fb__type_support.cpp.o[0m
[ 78%] [32m[1mLinking CXX shared library libyhs_can_interfaces__rosidl_typesupport_fastrtps_c.so[0m
[ 78%] [32mBuilding CXX object CMakeFiles/yhs_can_interfaces__rosidl_typesupport_c.dir/rosidl_typesupport_c/yhs_can_interfaces/msg/io_cmd__type_support.cpp.o[0m
[ 79%] [32mBuilding CXX object CMakeFiles/yhs_can_interfaces__rosidl_typesupport_c.dir/rosidl_typesupport_c/yhs_can_interfaces/msg/io_fb__type_support.cpp.o[0m
[ 80%] [32mBuilding CXX object CMakeFiles/yhs_can_interfaces__rosidl_typesupport_c.dir/rosidl_typesupport_c/yhs_can_interfaces/msg/lr_wheel_fb__type_support.cpp.o[0m
[ 80%] [32mBuilding CXX object CMakeFiles/yhs_can_interfaces__rosidl_typesupport_c.dir/rosidl_typesupport_c/yhs_can_interfaces/msg/rr_wheel_fb__type_support.cpp.o[0m
[ 80%] [32mBuilding CXX object CMakeFiles/yhs_can_interfaces__rosidl_typesupport_c.dir/rosidl_typesupport_c/yhs_can_interfaces/msg/lf_wheel_fb__type_support.cpp.o[0m
[ 81%] [32mBuilding CXX object CMakeFiles/yhs_can_interfaces__rosidl_typesupport_c.dir/rosidl_typesupport_c/yhs_can_interfaces/msg/rf_wheel_fb__type_support.cpp.o[0m
[ 81%] [32m[1mLinking CXX shared library libyhs_can_interfaces__rosidl_typesupport_fastrtps_cpp.so[0m
[ 81%] Built target yhs_can_interfaces__rosidl_typesupport_fastrtps_c
[ 81%] [32mBuilding CXX object CMakeFiles/yhs_can_interfaces__rosidl_typesupport_c.dir/rosidl_typesupport_c/yhs_can_interfaces/msg/rear_angle_fb__type_support.cpp.o[0m
[ 82%] [32mBuilding CXX object CMakeFiles/yhs_can_interfaces__rosidl_typesupport_c.dir/rosidl_typesupport_c/yhs_can_interfaces/msg/ultrasonic__type_support.cpp.o[0m
[ 83%] [32mBuilding CXX object CMakeFiles/yhs_can_interfaces__rosidl_typesupport_c.dir/rosidl_typesupport_c/yhs_can_interfaces/msg/error_fb__type_support.cpp.o[0m
[ 83%] [32mBuilding CXX object CMakeFiles/yhs_can_interfaces__rosidl_typesupport_c.dir/rosidl_typesupport_c/yhs_can_interfaces/msg/motor_cmd__type_support.cpp.o[0m
[ 84%] [32mBuilding CXX object CMakeFiles/yhs_can_interfaces__rosidl_typesupport_c.dir/rosidl_typesupport_c/yhs_can_interfaces/msg/motor_fb__type_support.cpp.o[0m
[ 84%] [32mBuilding CXX object CMakeFiles/yhs_can_interfaces__rosidl_typesupport_c.dir/rosidl_typesupport_c/yhs_can_interfaces/msg/drive_motor_current_fb__type_support.cpp.o[0m
[ 85%] [32mBuilding CXX object CMakeFiles/yhs_can_interfaces__rosidl_typesupport_c.dir/rosidl_typesupport_c/yhs_can_interfaces/msg/steering_motor_current_fb__type_support.cpp.o[0m
[ 85%] Built target yhs_can_interfaces__rosidl_typesupport_fastrtps_cpp
[ 85%] [32m[1mLinking CXX shared library libyhs_can_interfaces__rosidl_typesupport_c.so[0m
[ 85%] Built target yhs_can_interfaces__rosidl_typesupport_c
[ 85%] Built target yhs_can_interfaces
[ 86%] [34m[1mGenerating Python code for ROS interfaces[0m
[ 86%] Built target yhs_can_interfaces__py
[ 88%] [32mBuilding C object CMakeFiles/yhs_can_interfaces__rosidl_generator_py.dir/rosidl_generator_py/yhs_can_interfaces/msg/_ctrl_cmd_s.c.o[0m
[ 88%] [32mBuilding C object CMakeFiles/yhs_can_interfaces__rosidl_generator_py.dir/rosidl_generator_py/yhs_can_interfaces/msg/_bms_fb_s.c.o[0m
[ 88%] [32mBuilding C object CMakeFiles/yhs_can_interfaces__rosidl_generator_py.dir/rosidl_generator_py/yhs_can_interfaces/msg/_bms_flag_fb_s.c.o[0m
[ 88%] [32mBuilding C object CMakeFiles/yhs_can_interfaces__rosidl_generator_py.dir/rosidl_generator_py/yhs_can_interfaces/msg/_chassis_info_fb_s.c.o[0m
[ 88%] [32mBuilding C object CMakeFiles/yhs_can_interfaces__rosidl_generator_py.dir/rosidl_generator_py/yhs_can_interfaces/msg/_ctrl_fb_s.c.o[0m
[ 89%] [32mBuilding C object CMakeFiles/yhs_can_interfaces__rosidl_generator_py.dir/rosidl_generator_py/yhs_can_interfaces/msg/_steering_ctrl_cmd_s.c.o[0m
[ 89%] [32mBuilding C object CMakeFiles/yhs_can_interfaces__rosidl_generator_py.dir/rosidl_generator_py/yhs_can_interfaces/msg/_steering_ctrl_fb_s.c.o[0m
[ 90%] [32mBuilding C object CMakeFiles/yhs_can_interfaces__rosidl_generator_py.dir/rosidl_generator_py/yhs_can_interfaces/msg/_front_angle_fb_s.c.o[0m
[ 90%] [32mBuilding C object CMakeFiles/yhs_can_interfaces__rosidl_generator_py.dir/rosidl_generator_py/yhs_can_interfaces/msg/_io_cmd_s.c.o[0m
[ 91%] [32mBuilding C object CMakeFiles/yhs_can_interfaces__rosidl_generator_py.dir/rosidl_generator_py/yhs_can_interfaces/msg/_io_fb_s.c.o[0m
[ 92%] [32mBuilding C object CMakeFiles/yhs_can_interfaces__rosidl_generator_py.dir/rosidl_generator_py/yhs_can_interfaces/msg/_lr_wheel_fb_s.c.o[0m
[ 92%] [32mBuilding C object CMakeFiles/yhs_can_interfaces__rosidl_generator_py.dir/rosidl_generator_py/yhs_can_interfaces/msg/_rr_wheel_fb_s.c.o[0m
[ 92%] [32mBuilding C object CMakeFiles/yhs_can_interfaces__rosidl_generator_py.dir/rosidl_generator_py/yhs_can_interfaces/msg/_lf_wheel_fb_s.c.o[0m
[ 93%] [32mBuilding C object CMakeFiles/yhs_can_interfaces__rosidl_generator_py.dir/rosidl_generator_py/yhs_can_interfaces/msg/_rf_wheel_fb_s.c.o[0m
[ 93%] [32mBuilding C object CMakeFiles/yhs_can_interfaces__rosidl_generator_py.dir/rosidl_generator_py/yhs_can_interfaces/msg/_rear_angle_fb_s.c.o[0m
[ 94%] [32mBuilding C object CMakeFiles/yhs_can_interfaces__rosidl_generator_py.dir/rosidl_generator_py/yhs_can_interfaces/msg/_ultrasonic_s.c.o[0m
[ 95%] [32mBuilding C object CMakeFiles/yhs_can_interfaces__rosidl_generator_py.dir/rosidl_generator_py/yhs_can_interfaces/msg/_error_fb_s.c.o[0m
[ 95%] [32mBuilding C object CMakeFiles/yhs_can_interfaces__rosidl_generator_py.dir/rosidl_generator_py/yhs_can_interfaces/msg/_motor_cmd_s.c.o[0m
[ 96%] [32mBuilding C object CMakeFiles/yhs_can_interfaces__rosidl_generator_py.dir/rosidl_generator_py/yhs_can_interfaces/msg/_motor_fb_s.c.o[0m
[ 96%] [32mBuilding C object CMakeFiles/yhs_can_interfaces__rosidl_generator_py.dir/rosidl_generator_py/yhs_can_interfaces/msg/_drive_motor_current_fb_s.c.o[0m
[ 97%] [32mBuilding C object CMakeFiles/yhs_can_interfaces__rosidl_generator_py.dir/rosidl_generator_py/yhs_can_interfaces/msg/_steering_motor_current_fb_s.c.o[0m
[ 97%] [32m[1mLinking C shared library rosidl_generator_py/yhs_can_interfaces/libyhs_can_interfaces__rosidl_generator_py.so[0m
[ 97%] Built target yhs_can_interfaces__rosidl_generator_py
[100%] [32mBuilding C object CMakeFiles/yhs_can_interfaces__rosidl_typesupport_fastrtps_c__pyext.dir/rosidl_generator_py/yhs_can_interfaces/_yhs_can_interfaces_s.ep.rosidl_typesupport_fastrtps_c.c.o[0m
[100%] [32mBuilding C object CMakeFiles/yhs_can_interfaces__rosidl_typesupport_c__pyext.dir/rosidl_generator_py/yhs_can_interfaces/_yhs_can_interfaces_s.ep.rosidl_typesupport_c.c.o[0m
[100%] [32mBuilding C object CMakeFiles/yhs_can_interfaces__rosidl_typesupport_introspection_c__pyext.dir/rosidl_generator_py/yhs_can_interfaces/_yhs_can_interfaces_s.ep.rosidl_typesupport_introspection_c.c.o[0m
[100%] [32m[1mLinking C shared library rosidl_generator_py/yhs_can_interfaces/yhs_can_interfaces_s__rosidl_typesupport_introspection_c.cpython-310-x86_64-linux-gnu.so[0m
[100%] [32m[1mLinking C shared library rosidl_generator_py/yhs_can_interfaces/yhs_can_interfaces_s__rosidl_typesupport_fastrtps_c.cpython-310-x86_64-linux-gnu.so[0m
[100%] [32m[1mLinking C shared library rosidl_generator_py/yhs_can_interfaces/yhs_can_interfaces_s__rosidl_typesupport_c.cpython-310-x86_64-linux-gnu.so[0m
[100%] Built target yhs_can_interfaces__rosidl_typesupport_introspection_c__pyext
[100%] Built target yhs_can_interfaces__rosidl_typesupport_c__pyext
[100%] Built target yhs_can_interfaces__rosidl_typesupport_fastrtps_c__pyext
-- Install configuration: ""
-- Installing: /home/jenter/package/work/install/yhs_can_interfaces/share/ament_index/resource_index/rosidl_interfaces/yhs_can_interfaces
-- Installing: /home/jenter/package/work/install/yhs_can_interfaces/include/yhs_can_interfaces/yhs_can_interfaces
-- Installing: /home/jenter/package/work/install/yhs_can_interfaces/include/yhs_can_interfaces/yhs_can_interfaces/msg
-- Installing: /home/jenter/package/work/install/yhs_can_interfaces/include/yhs_can_interfaces/yhs_can_interfaces/msg/rr_wheel_fb.h
-- Installing: /home/jenter/package/work/install/yhs_can_interfaces/include/yhs_can_interfaces/yhs_can_interfaces/msg/io_fb.h
-- Installing: /home/jenter/package/work/install/yhs_can_interfaces/include/yhs_can_interfaces/yhs_can_interfaces/msg/detail
-- Installing: /home/jenter/package/work/install/yhs_can_interfaces/include/yhs_can_interfaces/yhs_can_interfaces/msg/detail/lr_wheel_fb__functions.c
-- Installing: /home/jenter/package/work/install/yhs_can_interfaces/include/yhs_can_interfaces/yhs_can_interfaces/msg/detail/rear_angle_fb__functions.h
-- Installing: /home/jenter/package/work/install/yhs_can_interfaces/include/yhs_can_interfaces/yhs_can_interfaces/msg/detail/lf_wheel_fb__struct.h
-- Installing: /home/jenter/package/work/install/yhs_can_interfaces/include/yhs_can_interfaces/yhs_can_interfaces/msg/detail/io_cmd__functions.c
-- Installing: /home/jenter/package/work/install/yhs_can_interfaces/include/yhs_can_interfaces/yhs_can_interfaces/msg/detail/rf_wheel_fb__struct.h
-- Installing: /home/jenter/package/work/install/yhs_can_interfaces/include/yhs_can_interfaces/yhs_can_interfaces/msg/detail/steering_motor_current_fb__functions.h
-- Installing: /home/jenter/package/work/install/yhs_can_interfaces/include/yhs_can_interfaces/yhs_can_interfaces/msg/detail/steering_ctrl_fb__functions.h
-- Installing: /home/jenter/package/work/install/yhs_can_interfaces/include/yhs_can_interfaces/yhs_can_interfaces/msg/detail/io_fb__functions.c
-- Installing: /home/jenter/package/work/install/yhs_can_interfaces/include/yhs_can_interfaces/yhs_can_interfaces/msg/detail/lf_wheel_fb__type_support.h
-- Installing: /home/jenter/package/work/install/yhs_can_interfaces/include/yhs_can_interfaces/yhs_can_interfaces/msg/detail/drive_motor_current_fb__functions.c
-- Installing: /home/jenter/package/work/install/yhs_can_interfaces/include/yhs_can_interfaces/yhs_can_interfaces/msg/detail/rear_angle_fb__functions.c
-- Installing: /home/jenter/package/work/install/yhs_can_interfaces/include/yhs_can_interfaces/yhs_can_interfaces/msg/detail/io_fb__struct.h
-- Installing: /home/jenter/package/work/install/yhs_can_interfaces/include/yhs_can_interfaces/yhs_can_interfaces/msg/detail/error_fb__functions.c
-- Installing: /home/jenter/package/work/install/yhs_can_interfaces/include/yhs_can_interfaces/yhs_can_interfaces/msg/detail/error_fb__struct.h
-- Installing: /home/jenter/package/work/install/yhs_can_interfaces/include/yhs_can_interfaces/yhs_can_interfaces/msg/detail/motor_cmd__struct.h
-- Installing: /home/jenter/package/work/install/yhs_can_interfaces/include/yhs_can_interfaces/yhs_can_interfaces/msg/detail/ctrl_fb__type_support.h
-- Installing: /home/jenter/package/work/install/yhs_can_interfaces/include/yhs_can_interfaces/yhs_can_interfaces/msg/detail/lr_wheel_fb__type_support.h
-- Installing: /home/jenter/package/work/install/yhs_can_interfaces/include/yhs_can_interfaces/yhs_can_interfaces/msg/detail/ctrl_fb__functions.h
-- Installing: /home/jenter/package/work/install/yhs_can_interfaces/include/yhs_can_interfaces/yhs_can_interfaces/msg/detail/motor_cmd__functions.h
-- Installing: /home/jenter/package/work/install/yhs_can_interfaces/include/yhs_can_interfaces/yhs_can_interfaces/msg/detail/steering_motor_current_fb__functions.c
-- Installing: /home/jenter/package/work/install/yhs_can_interfaces/include/yhs_can_interfaces/yhs_can_interfaces/msg/detail/io_fb__type_support.h
-- Installing: /home/jenter/package/work/install/yhs_can_interfaces/include/yhs_can_interfaces/yhs_can_interfaces/msg/detail/ctrl_cmd__type_support.h
-- Installing: /home/jenter/package/work/install/yhs_can_interfaces/include/yhs_can_interfaces/yhs_can_interfaces/msg/detail/io_cmd__type_support.h
-- Installing: /home/jenter/package/work/install/yhs_can_interfaces/include/yhs_can_interfaces/yhs_can_interfaces/msg/detail/rr_wheel_fb__type_support.h
-- Installing: /home/jenter/package/work/install/yhs_can_interfaces/include/yhs_can_interfaces/yhs_can_interfaces/msg/detail/ultrasonic__functions.c
-- Installing: /home/jenter/package/work/install/yhs_can_interfaces/include/yhs_can_interfaces/yhs_can_interfaces/msg/detail/drive_motor_current_fb__functions.h
-- Installing: /home/jenter/package/work/install/yhs_can_interfaces/include/yhs_can_interfaces/yhs_can_interfaces/msg/detail/front_angle_fb__type_support.h
-- Installing: /home/jenter/package/work/install/yhs_can_interfaces/include/yhs_can_interfaces/yhs_can_interfaces/msg/detail/drive_motor_current_fb__struct.h
-- Installing: /home/jenter/package/work/install/yhs_can_interfaces/include/yhs_can_interfaces/yhs_can_interfaces/msg/detail/motor_fb__functions.c
-- Installing: /home/jenter/package/work/install/yhs_can_interfaces/include/yhs_can_interfaces/yhs_can_interfaces/msg/detail/bms_fb__struct.h
-- Installing: /home/jenter/package/work/install/yhs_can_interfaces/include/yhs_can_interfaces/yhs_can_interfaces/msg/detail/bms_flag_fb__struct.h
-- Installing: /home/jenter/package/work/install/yhs_can_interfaces/include/yhs_can_interfaces/yhs_can_interfaces/msg/detail/rr_wheel_fb__functions.h
-- Installing: /home/jenter/package/work/install/yhs_can_interfaces/include/yhs_can_interfaces/yhs_can_interfaces/msg/detail/rf_wheel_fb__functions.h
-- Installing: /home/jenter/package/work/install/yhs_can_interfaces/include/yhs_can_interfaces/yhs_can_interfaces/msg/detail/steering_motor_current_fb__type_support.h
-- Installing: /home/jenter/package/work/install/yhs_can_interfaces/include/yhs_can_interfaces/yhs_can_interfaces/msg/detail/ultrasonic__struct.h
-- Installing: /home/jenter/package/work/install/yhs_can_interfaces/include/yhs_can_interfaces/yhs_can_interfaces/msg/detail/motor_fb__functions.h
-- Installing: /home/jenter/package/work/install/yhs_can_interfaces/include/yhs_can_interfaces/yhs_can_interfaces/msg/detail/steering_ctrl_fb__struct.h
-- Installing: /home/jenter/package/work/install/yhs_can_interfaces/include/yhs_can_interfaces/yhs_can_interfaces/msg/detail/steering_ctrl_cmd__functions.c
-- Installing: /home/jenter/package/work/install/yhs_can_interfaces/include/yhs_can_interfaces/yhs_can_interfaces/msg/detail/bms_fb__functions.h
-- Installing: /home/jenter/package/work/install/yhs_can_interfaces/include/yhs_can_interfaces/yhs_can_interfaces/msg/detail/error_fb__type_support.h
-- Installing: /home/jenter/package/work/install/yhs_can_interfaces/include/yhs_can_interfaces/yhs_can_interfaces/msg/detail/bms_flag_fb__functions.c
-- Installing: /home/jenter/package/work/install/yhs_can_interfaces/include/yhs_can_interfaces/yhs_can_interfaces/msg/detail/steering_ctrl_cmd__functions.h
-- Installing: /home/jenter/package/work/install/yhs_can_interfaces/include/yhs_can_interfaces/yhs_can_interfaces/msg/detail/lr_wheel_fb__struct.h
-- Installing: /home/jenter/package/work/install/yhs_can_interfaces/include/yhs_can_interfaces/yhs_can_interfaces/msg/detail/chassis_info_fb__struct.h
-- Installing: /home/jenter/package/work/install/yhs_can_interfaces/include/yhs_can_interfaces/yhs_can_interfaces/msg/detail/chassis_info_fb__type_support.h
-- Installing: /home/jenter/package/work/install/yhs_can_interfaces/include/yhs_can_interfaces/yhs_can_interfaces/msg/detail/ctrl_fb__functions.c
-- Installing: /home/jenter/package/work/install/yhs_can_interfaces/include/yhs_can_interfaces/yhs_can_interfaces/msg/detail/io_cmd__struct.h
-- Installing: /home/jenter/package/work/install/yhs_can_interfaces/include/yhs_can_interfaces/yhs_can_interfaces/msg/detail/io_fb__functions.h
-- Installing: /home/jenter/package/work/install/yhs_can_interfaces/include/yhs_can_interfaces/yhs_can_interfaces/msg/detail/rf_wheel_fb__functions.c
-- Installing: /home/jenter/package/work/install/yhs_can_interfaces/include/yhs_can_interfaces/yhs_can_interfaces/msg/detail/ctrl_cmd__functions.h
-- Installing: /home/jenter/package/work/install/yhs_can_interfaces/include/yhs_can_interfaces/yhs_can_interfaces/msg/detail/bms_fb__type_support.h
-- Installing: /home/jenter/package/work/install/yhs_can_interfaces/include/yhs_can_interfaces/yhs_can_interfaces/msg/detail/ctrl_cmd__functions.c
-- Installing: /home/jenter/package/work/install/yhs_can_interfaces/include/yhs_can_interfaces/yhs_can_interfaces/msg/detail/motor_fb__struct.h
-- Installing: /home/jenter/package/work/install/yhs_can_interfaces/include/yhs_can_interfaces/yhs_can_interfaces/msg/detail/rf_wheel_fb__type_support.h
-- Installing: /home/jenter/package/work/install/yhs_can_interfaces/include/yhs_can_interfaces/yhs_can_interfaces/msg/detail/lr_wheel_fb__functions.h
-- Installing: /home/jenter/package/work/install/yhs_can_interfaces/include/yhs_can_interfaces/yhs_can_interfaces/msg/detail/front_angle_fb__functions.h
-- Installing: /home/jenter/package/work/install/yhs_can_interfaces/include/yhs_can_interfaces/yhs_can_interfaces/msg/detail/ultrasonic__type_support.h
-- Installing: /home/jenter/package/work/install/yhs_can_interfaces/include/yhs_can_interfaces/yhs_can_interfaces/msg/detail/steering_ctrl_cmd__struct.h
-- Installing: /home/jenter/package/work/install/yhs_can_interfaces/include/yhs_can_interfaces/yhs_can_interfaces/msg/detail/drive_motor_current_fb__type_support.h
-- Installing: /home/jenter/package/work/install/yhs_can_interfaces/include/yhs_can_interfaces/yhs_can_interfaces/msg/detail/rear_angle_fb__struct.h
-- Installing: /home/jenter/package/work/install/yhs_can_interfaces/include/yhs_can_interfaces/yhs_can_interfaces/msg/detail/motor_cmd__functions.c
-- Installing: /home/jenter/package/work/install/yhs_can_interfaces/include/yhs_can_interfaces/yhs_can_interfaces/msg/detail/front_angle_fb__struct.h
-- Installing: /home/jenter/package/work/install/yhs_can_interfaces/include/yhs_can_interfaces/yhs_can_interfaces/msg/detail/lf_wheel_fb__functions.h
-- Installing: /home/jenter/package/work/install/yhs_can_interfaces/include/yhs_can_interfaces/yhs_can_interfaces/msg/detail/motor_fb__type_support.h
-- Installing: /home/jenter/package/work/install/yhs_can_interfaces/include/yhs_can_interfaces/yhs_can_interfaces/msg/detail/steering_ctrl_fb__type_support.h
-- Installing: /home/jenter/package/work/install/yhs_can_interfaces/include/yhs_can_interfaces/yhs_can_interfaces/msg/detail/front_angle_fb__functions.c
-- Installing: /home/jenter/package/work/install/yhs_can_interfaces/include/yhs_can_interfaces/yhs_can_interfaces/msg/detail/ctrl_fb__struct.h
-- Installing: /home/jenter/package/work/install/yhs_can_interfaces/include/yhs_can_interfaces/yhs_can_interfaces/msg/detail/bms_flag_fb__functions.h
-- Installing: /home/jenter/package/work/install/yhs_can_interfaces/include/yhs_can_interfaces/yhs_can_interfaces/msg/detail/ctrl_cmd__struct.h
-- Installing: /home/jenter/package/work/install/yhs_can_interfaces/include/yhs_can_interfaces/yhs_can_interfaces/msg/detail/chassis_info_fb__functions.c
-- Installing: /home/jenter/package/work/install/yhs_can_interfaces/include/yhs_can_interfaces/yhs_can_interfaces/msg/detail/chassis_info_fb__functions.h
-- Installing: /home/jenter/package/work/install/yhs_can_interfaces/include/yhs_can_interfaces/yhs_can_interfaces/msg/detail/rr_wheel_fb__functions.c
-- Installing: /home/jenter/package/work/install/yhs_can_interfaces/include/yhs_can_interfaces/yhs_can_interfaces/msg/detail/steering_motor_current_fb__struct.h
-- Installing: /home/jenter/package/work/install/yhs_can_interfaces/include/yhs_can_interfaces/yhs_can_interfaces/msg/detail/rr_wheel_fb__struct.h
-- Installing: /home/jenter/package/work/install/yhs_can_interfaces/include/yhs_can_interfaces/yhs_can_interfaces/msg/detail/lf_wheel_fb__functions.c
-- Installing: /home/jenter/package/work/install/yhs_can_interfaces/include/yhs_can_interfaces/yhs_can_interfaces/msg/detail/motor_cmd__type_support.h
-- Installing: /home/jenter/package/work/install/yhs_can_interfaces/include/yhs_can_interfaces/yhs_can_interfaces/msg/detail/rear_angle_fb__type_support.h
-- Installing: /home/jenter/package/work/install/yhs_can_interfaces/include/yhs_can_interfaces/yhs_can_interfaces/msg/detail/io_cmd__functions.h
-- Installing: /home/jenter/package/work/install/yhs_can_interfaces/include/yhs_can_interfaces/yhs_can_interfaces/msg/detail/bms_fb__functions.c
-- Installing: /home/jenter/package/work/install/yhs_can_interfaces/include/yhs_can_interfaces/yhs_can_interfaces/msg/detail/steering_ctrl_fb__functions.c
-- Installing: /home/jenter/package/work/install/yhs_can_interfaces/include/yhs_can_interfaces/yhs_can_interfaces/msg/detail/bms_flag_fb__type_support.h
-- Installing: /home/jenter/package/work/install/yhs_can_interfaces/include/yhs_can_interfaces/yhs_can_interfaces/msg/detail/steering_ctrl_cmd__type_support.h
-- Installing: /home/jenter/package/work/install/yhs_can_interfaces/include/yhs_can_interfaces/yhs_can_interfaces/msg/detail/error_fb__functions.h
-- Installing: /home/jenter/package/work/install/yhs_can_interfaces/include/yhs_can_interfaces/yhs_can_interfaces/msg/detail/ultrasonic__functions.h
-- Installing: /home/jenter/package/work/install/yhs_can_interfaces/include/yhs_can_interfaces/yhs_can_interfaces/msg/bms_fb.h
-- Installing: /home/jenter/package/work/install/yhs_can_interfaces/include/yhs_can_interfaces/yhs_can_interfaces/msg/bms_flag_fb.h
-- Installing: /home/jenter/package/work/install/yhs_can_interfaces/include/yhs_can_interfaces/yhs_can_interfaces/msg/io_cmd.h
-- Installing: /home/jenter/package/work/install/yhs_can_interfaces/include/yhs_can_interfaces/yhs_can_interfaces/msg/chassis_info_fb.h
-- Installing: /home/jenter/package/work/install/yhs_can_interfaces/include/yhs_can_interfaces/yhs_can_interfaces/msg/motor_fb.h
-- Installing: /home/jenter/package/work/install/yhs_can_interfaces/include/yhs_can_interfaces/yhs_can_interfaces/msg/motor_cmd.h
-- Installing: /home/jenter/package/work/install/yhs_can_interfaces/include/yhs_can_interfaces/yhs_can_interfaces/msg/steering_ctrl_cmd.h
-- Installing: /home/jenter/package/work/install/yhs_can_interfaces/include/yhs_can_interfaces/yhs_can_interfaces/msg/lr_wheel_fb.h
-- Installing: /home/jenter/package/work/install/yhs_can_interfaces/include/yhs_can_interfaces/yhs_can_interfaces/msg/rear_angle_fb.h
-- Installing: /home/jenter/package/work/install/yhs_can_interfaces/include/yhs_can_interfaces/yhs_can_interfaces/msg/steering_motor_current_fb.h
-- Installing: /home/jenter/package/work/install/yhs_can_interfaces/include/yhs_can_interfaces/yhs_can_interfaces/msg/error_fb.h
-- Installing: /home/jenter/package/work/install/yhs_can_interfaces/include/yhs_can_interfaces/yhs_can_interfaces/msg/drive_motor_current_fb.h
-- Installing: /home/jenter/package/work/install/yhs_can_interfaces/include/yhs_can_interfaces/yhs_can_interfaces/msg/ultrasonic.h
-- Installing: /home/jenter/package/work/install/yhs_can_interfaces/include/yhs_can_interfaces/yhs_can_interfaces/msg/ctrl_cmd.h
-- Installing: /home/jenter/package/work/install/yhs_can_interfaces/include/yhs_can_interfaces/yhs_can_interfaces/msg/front_angle_fb.h
-- Installing: /home/jenter/package/work/install/yhs_can_interfaces/include/yhs_can_interfaces/yhs_can_interfaces/msg/rf_wheel_fb.h
-- Installing: /home/jenter/package/work/install/yhs_can_interfaces/include/yhs_can_interfaces/yhs_can_interfaces/msg/lf_wheel_fb.h
-- Installing: /home/jenter/package/work/install/yhs_can_interfaces/include/yhs_can_interfaces/yhs_can_interfaces/msg/ctrl_fb.h
-- Installing: /home/jenter/package/work/install/yhs_can_interfaces/include/yhs_can_interfaces/yhs_can_interfaces/msg/rosidl_generator_c__visibility_control.h
-- Installing: /home/jenter/package/work/install/yhs_can_interfaces/include/yhs_can_interfaces/yhs_can_interfaces/msg/steering_ctrl_fb.h
-- Installing: /home/jenter/package/work/install/yhs_can_interfaces/share/yhs_can_interfaces/environment/library_path.sh
-- Installing: /home/jenter/package/work/install/yhs_can_interfaces/share/yhs_can_interfaces/environment/library_path.dsv
-- Installing: /home/jenter/package/work/install/yhs_can_interfaces/lib/libyhs_can_interfaces__rosidl_generator_c.so
-- Set runtime path of "/home/jenter/package/work/install/yhs_can_interfaces/lib/libyhs_can_interfaces__rosidl_generator_c.so" to ""
-- Up-to-date: /home/jenter/package/work/install/yhs_can_interfaces/include/yhs_can_interfaces/yhs_can_interfaces
-- Up-to-date: /home/jenter/package/work/install/yhs_can_interfaces/include/yhs_can_interfaces/yhs_can_interfaces/msg
-- Installing: /home/jenter/package/work/install/yhs_can_interfaces/include/yhs_can_interfaces/yhs_can_interfaces/msg/rosidl_typesupport_fastrtps_c__visibility_control.h
-- Up-to-date: /home/jenter/package/work/install/yhs_can_interfaces/include/yhs_can_interfaces/yhs_can_interfaces/msg/detail
-- Installing: /home/jenter/package/work/install/yhs_can_interfaces/include/yhs_can_interfaces/yhs_can_interfaces/msg/detail/drive_motor_current_fb__rosidl_typesupport_fastrtps_c.h
-- Installing: /home/jenter/package/work/install/yhs_can_interfaces/include/yhs_can_interfaces/yhs_can_interfaces/msg/detail/lf_wheel_fb__rosidl_typesupport_fastrtps_c.h
-- Installing: /home/jenter/package/work/install/yhs_can_interfaces/include/yhs_can_interfaces/yhs_can_interfaces/msg/detail/steering_motor_current_fb__rosidl_typesupport_fastrtps_c.h
-- Installing: /home/jenter/package/work/install/yhs_can_interfaces/include/yhs_can_interfaces/yhs_can_interfaces/msg/detail/bms_fb__rosidl_typesupport_fastrtps_c.h
-- Installing: /home/jenter/package/work/install/yhs_can_interfaces/include/yhs_can_interfaces/yhs_can_interfaces/msg/detail/rf_wheel_fb__rosidl_typesupport_fastrtps_c.h
-- Installing: /home/jenter/package/work/install/yhs_can_interfaces/include/yhs_can_interfaces/yhs_can_interfaces/msg/detail/ctrl_fb__rosidl_typesupport_fastrtps_c.h
-- Installing: /home/jenter/package/work/install/yhs_can_interfaces/include/yhs_can_interfaces/yhs_can_interfaces/msg/detail/io_cmd__rosidl_typesupport_fastrtps_c.h
-- Installing: /home/jenter/package/work/install/yhs_can_interfaces/include/yhs_can_interfaces/yhs_can_interfaces/msg/detail/bms_flag_fb__rosidl_typesupport_fastrtps_c.h
-- Installing: /home/jenter/package/work/install/yhs_can_interfaces/include/yhs_can_interfaces/yhs_can_interfaces/msg/detail/ultrasonic__rosidl_typesupport_fastrtps_c.h
-- Installing: /home/jenter/package/work/install/yhs_can_interfaces/include/yhs_can_interfaces/yhs_can_interfaces/msg/detail/chassis_info_fb__rosidl_typesupport_fastrtps_c.h
-- Installing: /home/jenter/package/work/install/yhs_can_interfaces/include/yhs_can_interfaces/yhs_can_interfaces/msg/detail/lr_wheel_fb__rosidl_typesupport_fastrtps_c.h
-- Installing: /home/jenter/package/work/install/yhs_can_interfaces/include/yhs_can_interfaces/yhs_can_interfaces/msg/detail/io_fb__rosidl_typesupport_fastrtps_c.h
-- Installing: /home/jenter/package/work/install/yhs_can_interfaces/include/yhs_can_interfaces/yhs_can_interfaces/msg/detail/motor_cmd__rosidl_typesupport_fastrtps_c.h
-- Installing: /home/jenter/package/work/install/yhs_can_interfaces/include/yhs_can_interfaces/yhs_can_interfaces/msg/detail/steering_ctrl_fb__rosidl_typesupport_fastrtps_c.h
-- Installing: /home/jenter/package/work/install/yhs_can_interfaces/include/yhs_can_interfaces/yhs_can_interfaces/msg/detail/ctrl_cmd__rosidl_typesupport_fastrtps_c.h
-- Installing: /home/jenter/package/work/install/yhs_can_interfaces/include/yhs_can_interfaces/yhs_can_interfaces/msg/detail/error_fb__rosidl_typesupport_fastrtps_c.h
-- Installing: /home/jenter/package/work/install/yhs_can_interfaces/include/yhs_can_interfaces/yhs_can_interfaces/msg/detail/rear_angle_fb__rosidl_typesupport_fastrtps_c.h
-- Installing: /home/jenter/package/work/install/yhs_can_interfaces/include/yhs_can_interfaces/yhs_can_interfaces/msg/detail/motor_fb__rosidl_typesupport_fastrtps_c.h
-- Installing: /home/jenter/package/work/install/yhs_can_interfaces/include/yhs_can_interfaces/yhs_can_interfaces/msg/detail/steering_ctrl_cmd__rosidl_typesupport_fastrtps_c.h
-- Installing: /home/jenter/package/work/install/yhs_can_interfaces/include/yhs_can_interfaces/yhs_can_interfaces/msg/detail/rr_wheel_fb__rosidl_typesupport_fastrtps_c.h
-- Installing: /home/jenter/package/work/install/yhs_can_interfaces/include/yhs_can_interfaces/yhs_can_interfaces/msg/detail/front_angle_fb__rosidl_typesupport_fastrtps_c.h
-- Installing: /home/jenter/package/work/install/yhs_can_interfaces/lib/libyhs_can_interfaces__rosidl_typesupport_fastrtps_c.so
-- Set runtime path of "/home/jenter/package/work/install/yhs_can_interfaces/lib/libyhs_can_interfaces__rosidl_typesupport_fastrtps_c.so" to ""
-- Up-to-date: /home/jenter/package/work/install/yhs_can_interfaces/include/yhs_can_interfaces/yhs_can_interfaces
-- Up-to-date: /home/jenter/package/work/install/yhs_can_interfaces/include/yhs_can_interfaces/yhs_can_interfaces/msg
-- Installing: /home/jenter/package/work/install/yhs_can_interfaces/include/yhs_can_interfaces/yhs_can_interfaces/msg/rosidl_typesupport_introspection_c__visibility_control.h
-- Up-to-date: /home/jenter/package/work/install/yhs_can_interfaces/include/yhs_can_interfaces/yhs_can_interfaces/msg/detail
-- Installing: /home/jenter/package/work/install/yhs_can_interfaces/include/yhs_can_interfaces/yhs_can_interfaces/msg/detail/steering_motor_current_fb__type_support.c
-- Installing: /home/jenter/package/work/install/yhs_can_interfaces/include/yhs_can_interfaces/yhs_can_interfaces/msg/detail/steering_ctrl_cmd__rosidl_typesupport_introspection_c.h
-- Installing: /home/jenter/package/work/install/yhs_can_interfaces/include/yhs_can_interfaces/yhs_can_interfaces/msg/detail/rf_wheel_fb__type_support.c
-- Installing: /home/jenter/package/work/install/yhs_can_interfaces/include/yhs_can_interfaces/yhs_can_interfaces/msg/detail/bms_flag_fb__type_support.c
-- Installing: /home/jenter/package/work/install/yhs_can_interfaces/include/yhs_can_interfaces/yhs_can_interfaces/msg/detail/chassis_info_fb__rosidl_typesupport_introspection_c.h
-- Installing: /home/jenter/package/work/install/yhs_can_interfaces/include/yhs_can_interfaces/yhs_can_interfaces/msg/detail/steering_ctrl_cmd__type_support.c
-- Installing: /home/jenter/package/work/install/yhs_can_interfaces/include/yhs_can_interfaces/yhs_can_interfaces/msg/detail/steering_ctrl_fb__rosidl_typesupport_introspection_c.h
-- Installing: /home/jenter/package/work/install/yhs_can_interfaces/include/yhs_can_interfaces/yhs_can_interfaces/msg/detail/motor_cmd__rosidl_typesupport_introspection_c.h
-- Installing: /home/jenter/package/work/install/yhs_can_interfaces/include/yhs_can_interfaces/yhs_can_interfaces/msg/detail/ultrasonic__type_support.c
-- Installing: /home/jenter/package/work/install/yhs_can_interfaces/include/yhs_can_interfaces/yhs_can_interfaces/msg/detail/rr_wheel_fb__rosidl_typesupport_introspection_c.h
-- Installing: /home/jenter/package/work/install/yhs_can_interfaces/include/yhs_can_interfaces/yhs_can_interfaces/msg/detail/steering_ctrl_fb__type_support.c
-- Installing: /home/jenter/package/work/install/yhs_can_interfaces/include/yhs_can_interfaces/yhs_can_interfaces/msg/detail/ultrasonic__rosidl_typesupport_introspection_c.h
-- Installing: /home/jenter/package/work/install/yhs_can_interfaces/include/yhs_can_interfaces/yhs_can_interfaces/msg/detail/rr_wheel_fb__type_support.c
-- Installing: /home/jenter/package/work/install/yhs_can_interfaces/include/yhs_can_interfaces/yhs_can_interfaces/msg/detail/rear_angle_fb__rosidl_typesupport_introspection_c.h
-- Installing: /home/jenter/package/work/install/yhs_can_interfaces/include/yhs_can_interfaces/yhs_can_interfaces/msg/detail/io_cmd__type_support.c
-- Installing: /home/jenter/package/work/install/yhs_can_interfaces/include/yhs_can_interfaces/yhs_can_interfaces/msg/detail/motor_cmd__type_support.c
-- Installing: /home/jenter/package/work/install/yhs_can_interfaces/include/yhs_can_interfaces/yhs_can_interfaces/msg/detail/bms_flag_fb__rosidl_typesupport_introspection_c.h
-- Installing: /home/jenter/package/work/install/yhs_can_interfaces/include/yhs_can_interfaces/yhs_can_interfaces/msg/detail/motor_fb__rosidl_typesupport_introspection_c.h
-- Installing: /home/jenter/package/work/install/yhs_can_interfaces/include/yhs_can_interfaces/yhs_can_interfaces/msg/detail/error_fb__rosidl_typesupport_introspection_c.h
-- Installing: /home/jenter/package/work/install/yhs_can_interfaces/include/yhs_can_interfaces/yhs_can_interfaces/msg/detail/drive_motor_current_fb__rosidl_typesupport_introspection_c.h
-- Installing: /home/jenter/package/work/install/yhs_can_interfaces/include/yhs_can_interfaces/yhs_can_interfaces/msg/detail/io_cmd__rosidl_typesupport_introspection_c.h
-- Installing: /home/jenter/package/work/install/yhs_can_interfaces/include/yhs_can_interfaces/yhs_can_interfaces/msg/detail/lr_wheel_fb__rosidl_typesupport_introspection_c.h
-- Installing: /home/jenter/package/work/install/yhs_can_interfaces/include/yhs_can_interfaces/yhs_can_interfaces/msg/detail/error_fb__type_support.c
-- Installing: /home/jenter/package/work/install/yhs_can_interfaces/include/yhs_can_interfaces/yhs_can_interfaces/msg/detail/ctrl_fb__rosidl_typesupport_introspection_c.h
-- Installing: /home/jenter/package/work/install/yhs_can_interfaces/include/yhs_can_interfaces/yhs_can_interfaces/msg/detail/io_fb__type_support.c
-- Installing: /home/jenter/package/work/install/yhs_can_interfaces/include/yhs_can_interfaces/yhs_can_interfaces/msg/detail/lf_wheel_fb__rosidl_typesupport_introspection_c.h
-- Installing: /home/jenter/package/work/install/yhs_can_interfaces/include/yhs_can_interfaces/yhs_can_interfaces/msg/detail/bms_fb__type_support.c
-- Installing: /home/jenter/package/work/install/yhs_can_interfaces/include/yhs_can_interfaces/yhs_can_interfaces/msg/detail/io_fb__rosidl_typesupport_introspection_c.h
-- Installing: /home/jenter/package/work/install/yhs_can_interfaces/include/yhs_can_interfaces/yhs_can_interfaces/msg/detail/lf_wheel_fb__type_support.c
-- Installing: /home/jenter/package/work/install/yhs_can_interfaces/include/yhs_can_interfaces/yhs_can_interfaces/msg/detail/motor_fb__type_support.c
-- Installing: /home/jenter/package/work/install/yhs_can_interfaces/include/yhs_can_interfaces/yhs_can_interfaces/msg/detail/rear_angle_fb__type_support.c
-- Installing: /home/jenter/package/work/install/yhs_can_interfaces/include/yhs_can_interfaces/yhs_can_interfaces/msg/detail/ctrl_fb__type_support.c
-- Installing: /home/jenter/package/work/install/yhs_can_interfaces/include/yhs_can_interfaces/yhs_can_interfaces/msg/detail/front_angle_fb__type_support.c
-- Installing: /home/jenter/package/work/install/yhs_can_interfaces/include/yhs_can_interfaces/yhs_can_interfaces/msg/detail/chassis_info_fb__type_support.c
-- Installing: /home/jenter/package/work/install/yhs_can_interfaces/include/yhs_can_interfaces/yhs_can_interfaces/msg/detail/bms_fb__rosidl_typesupport_introspection_c.h
-- Installing: /home/jenter/package/work/install/yhs_can_interfaces/include/yhs_can_interfaces/yhs_can_interfaces/msg/detail/drive_motor_current_fb__type_support.c
-- Installing: /home/jenter/package/work/install/yhs_can_interfaces/include/yhs_can_interfaces/yhs_can_interfaces/msg/detail/front_angle_fb__rosidl_typesupport_introspection_c.h
-- Installing: /home/jenter/package/work/install/yhs_can_interfaces/include/yhs_can_interfaces/yhs_can_interfaces/msg/detail/lr_wheel_fb__type_support.c
-- Installing: /home/jenter/package/work/install/yhs_can_interfaces/include/yhs_can_interfaces/yhs_can_interfaces/msg/detail/steering_motor_current_fb__rosidl_typesupport_introspection_c.h
-- Installing: /home/jenter/package/work/install/yhs_can_interfaces/include/yhs_can_interfaces/yhs_can_interfaces/msg/detail/ctrl_cmd__rosidl_typesupport_introspection_c.h
-- Installing: /home/jenter/package/work/install/yhs_can_interfaces/include/yhs_can_interfaces/yhs_can_interfaces/msg/detail/ctrl_cmd__type_support.c
-- Installing: /home/jenter/package/work/install/yhs_can_interfaces/include/yhs_can_interfaces/yhs_can_interfaces/msg/detail/rf_wheel_fb__rosidl_typesupport_introspection_c.h
-- Installing: /home/jenter/package/work/install/yhs_can_interfaces/lib/libyhs_can_interfaces__rosidl_typesupport_introspection_c.so
-- Set runtime path of "/home/jenter/package/work/install/yhs_can_interfaces/lib/libyhs_can_interfaces__rosidl_typesupport_introspection_c.so" to ""
-- Installing: /home/jenter/package/work/install/yhs_can_interfaces/lib/libyhs_can_interfaces__rosidl_typesupport_c.so
-- Set runtime path of "/home/jenter/package/work/install/yhs_can_interfaces/lib/libyhs_can_interfaces__rosidl_typesupport_c.so" to ""
-- Up-to-date: /home/jenter/package/work/install/yhs_can_interfaces/include/yhs_can_interfaces/yhs_can_interfaces
-- Up-to-date: /home/jenter/package/work/install/yhs_can_interfaces/include/yhs_can_interfaces/yhs_can_interfaces/msg
-- Installing: /home/jenter/package/work/install/yhs_can_interfaces/include/yhs_can_interfaces/yhs_can_interfaces/msg/ctrl_fb.hpp
-- Installing: /home/jenter/package/work/install/yhs_can_interfaces/include/yhs_can_interfaces/yhs_can_interfaces/msg/steering_ctrl_fb.hpp
-- Installing: /home/jenter/package/work/install/yhs_can_interfaces/include/yhs_can_interfaces/yhs_can_interfaces/msg/steering_ctrl_cmd.hpp
-- Installing: /home/jenter/package/work/install/yhs_can_interfaces/include/yhs_can_interfaces/yhs_can_interfaces/msg/motor_cmd.hpp
-- Up-to-date: /home/jenter/package/work/install/yhs_can_interfaces/include/yhs_can_interfaces/yhs_can_interfaces/msg/detail
-- Installing: /home/jenter/package/work/install/yhs_can_interfaces/include/yhs_can_interfaces/yhs_can_interfaces/msg/detail/motor_fb__traits.hpp
-- Installing: /home/jenter/package/work/install/yhs_can_interfaces/include/yhs_can_interfaces/yhs_can_interfaces/msg/detail/rr_wheel_fb__struct.hpp
-- Installing: /home/jenter/package/work/install/yhs_can_interfaces/include/yhs_can_interfaces/yhs_can_interfaces/msg/detail/lf_wheel_fb__type_support.hpp
-- Installing: /home/jenter/package/work/install/yhs_can_interfaces/include/yhs_can_interfaces/yhs_can_interfaces/msg/detail/bms_flag_fb__builder.hpp
-- Installing: /home/jenter/package/work/install/yhs_can_interfaces/include/yhs_can_interfaces/yhs_can_interfaces/msg/detail/error_fb__struct.hpp
-- Installing: /home/jenter/package/work/install/yhs_can_interfaces/include/yhs_can_interfaces/yhs_can_interfaces/msg/detail/motor_cmd__type_support.hpp
-- Installing: /home/jenter/package/work/install/yhs_can_interfaces/include/yhs_can_interfaces/yhs_can_interfaces/msg/detail/steering_ctrl_cmd__traits.hpp
-- Installing: /home/jenter/package/work/install/yhs_can_interfaces/include/yhs_can_interfaces/yhs_can_interfaces/msg/detail/ctrl_cmd__builder.hpp
-- Installing: /home/jenter/package/work/install/yhs_can_interfaces/include/yhs_can_interfaces/yhs_can_interfaces/msg/detail/rr_wheel_fb__builder.hpp
-- Installing: /home/jenter/package/work/install/yhs_can_interfaces/include/yhs_can_interfaces/yhs_can_interfaces/msg/detail/steering_motor_current_fb__struct.hpp
-- Installing: /home/jenter/package/work/install/yhs_can_interfaces/include/yhs_can_interfaces/yhs_can_interfaces/msg/detail/rf_wheel_fb__struct.hpp
-- Installing: /home/jenter/package/work/install/yhs_can_interfaces/include/yhs_can_interfaces/yhs_can_interfaces/msg/detail/error_fb__type_support.hpp
-- Installing: /home/jenter/package/work/install/yhs_can_interfaces/include/yhs_can_interfaces/yhs_can_interfaces/msg/detail/bms_fb__struct.hpp
-- Installing: /home/jenter/package/work/install/yhs_can_interfaces/include/yhs_can_interfaces/yhs_can_interfaces/msg/detail/lr_wheel_fb__struct.hpp
-- Installing: /home/jenter/package/work/install/yhs_can_interfaces/include/yhs_can_interfaces/yhs_can_interfaces/msg/detail/ctrl_cmd__struct.hpp
-- Installing: /home/jenter/package/work/install/yhs_can_interfaces/include/yhs_can_interfaces/yhs_can_interfaces/msg/detail/motor_cmd__traits.hpp
-- Installing: /home/jenter/package/work/install/yhs_can_interfaces/include/yhs_can_interfaces/yhs_can_interfaces/msg/detail/front_angle_fb__builder.hpp
-- Installing: /home/jenter/package/work/install/yhs_can_interfaces/include/yhs_can_interfaces/yhs_can_interfaces/msg/detail/ctrl_fb__type_support.hpp
-- Installing: /home/jenter/package/work/install/yhs_can_interfaces/include/yhs_can_interfaces/yhs_can_interfaces/msg/detail/motor_fb__builder.hpp
-- Installing: /home/jenter/package/work/install/yhs_can_interfaces/include/yhs_can_interfaces/yhs_can_interfaces/msg/detail/steering_ctrl_fb__builder.hpp
-- Installing: /home/jenter/package/work/install/yhs_can_interfaces/include/yhs_can_interfaces/yhs_can_interfaces/msg/detail/ctrl_cmd__traits.hpp
-- Installing: /home/jenter/package/work/install/yhs_can_interfaces/include/yhs_can_interfaces/yhs_can_interfaces/msg/detail/rear_angle_fb__struct.hpp
-- Installing: /home/jenter/package/work/install/yhs_can_interfaces/include/yhs_can_interfaces/yhs_can_interfaces/msg/detail/steering_ctrl_cmd__struct.hpp
-- Installing: /home/jenter/package/work/install/yhs_can_interfaces/include/yhs_can_interfaces/yhs_can_interfaces/msg/detail/bms_fb__type_support.hpp
-- Installing: /home/jenter/package/work/install/yhs_can_interfaces/include/yhs_can_interfaces/yhs_can_interfaces/msg/detail/ctrl_fb__builder.hpp
-- Installing: /home/jenter/package/work/install/yhs_can_interfaces/include/yhs_can_interfaces/yhs_can_interfaces/msg/detail/bms_flag_fb__traits.hpp
-- Installing: /home/jenter/package/work/install/yhs_can_interfaces/include/yhs_can_interfaces/yhs_can_interfaces/msg/detail/ctrl_fb__struct.hpp
-- Installing: /home/jenter/package/work/install/yhs_can_interfaces/include/yhs_can_interfaces/yhs_can_interfaces/msg/detail/steering_ctrl_fb__type_support.hpp
-- Installing: /home/jenter/package/work/install/yhs_can_interfaces/include/yhs_can_interfaces/yhs_can_interfaces/msg/detail/ultrasonic__struct.hpp
-- Installing: /home/jenter/package/work/install/yhs_can_interfaces/include/yhs_can_interfaces/yhs_can_interfaces/msg/detail/steering_motor_current_fb__type_support.hpp
-- Installing: /home/jenter/package/work/install/yhs_can_interfaces/include/yhs_can_interfaces/yhs_can_interfaces/msg/detail/chassis_info_fb__builder.hpp
-- Installing: /home/jenter/package/work/install/yhs_can_interfaces/include/yhs_can_interfaces/yhs_can_interfaces/msg/detail/lf_wheel_fb__traits.hpp
-- Installing: /home/jenter/package/work/install/yhs_can_interfaces/include/yhs_can_interfaces/yhs_can_interfaces/msg/detail/ultrasonic__builder.hpp
-- Installing: /home/jenter/package/work/install/yhs_can_interfaces/include/yhs_can_interfaces/yhs_can_interfaces/msg/detail/rear_angle_fb__traits.hpp
-- Installing: /home/jenter/package/work/install/yhs_can_interfaces/include/yhs_can_interfaces/yhs_can_interfaces/msg/detail/rf_wheel_fb__builder.hpp
-- Installing: /home/jenter/package/work/install/yhs_can_interfaces/include/yhs_can_interfaces/yhs_can_interfaces/msg/detail/rr_wheel_fb__type_support.hpp
-- Installing: /home/jenter/package/work/install/yhs_can_interfaces/include/yhs_can_interfaces/yhs_can_interfaces/msg/detail/ultrasonic__type_support.hpp
-- Installing: /home/jenter/package/work/install/yhs_can_interfaces/include/yhs_can_interfaces/yhs_can_interfaces/msg/detail/io_fb__builder.hpp
-- Installing: /home/jenter/package/work/install/yhs_can_interfaces/include/yhs_can_interfaces/yhs_can_interfaces/msg/detail/rear_angle_fb__type_support.hpp
-- Installing: /home/jenter/package/work/install/yhs_can_interfaces/include/yhs_can_interfaces/yhs_can_interfaces/msg/detail/rr_wheel_fb__traits.hpp
-- Installing: /home/jenter/package/work/install/yhs_can_interfaces/include/yhs_can_interfaces/yhs_can_interfaces/msg/detail/bms_flag_fb__type_support.hpp
-- Installing: /home/jenter/package/work/install/yhs_can_interfaces/include/yhs_can_interfaces/yhs_can_interfaces/msg/detail/rf_wheel_fb__traits.hpp
-- Installing: /home/jenter/package/work/install/yhs_can_interfaces/include/yhs_can_interfaces/yhs_can_interfaces/msg/detail/motor_cmd__builder.hpp
-- Installing: /home/jenter/package/work/install/yhs_can_interfaces/include/yhs_can_interfaces/yhs_can_interfaces/msg/detail/io_fb__struct.hpp
-- Installing: /home/jenter/package/work/install/yhs_can_interfaces/include/yhs_can_interfaces/yhs_can_interfaces/msg/detail/bms_flag_fb__struct.hpp
-- Installing: /home/jenter/package/work/install/yhs_can_interfaces/include/yhs_can_interfaces/yhs_can_interfaces/msg/detail/drive_motor_current_fb__traits.hpp
-- Installing: /home/jenter/package/work/install/yhs_can_interfaces/include/yhs_can_interfaces/yhs_can_interfaces/msg/detail/motor_fb__type_support.hpp
-- Installing: /home/jenter/package/work/install/yhs_can_interfaces/include/yhs_can_interfaces/yhs_can_interfaces/msg/detail/error_fb__builder.hpp
-- Installing: /home/jenter/package/work/install/yhs_can_interfaces/include/yhs_can_interfaces/yhs_can_interfaces/msg/detail/front_angle_fb__traits.hpp
-- Installing: /home/jenter/package/work/install/yhs_can_interfaces/include/yhs_can_interfaces/yhs_can_interfaces/msg/detail/ultrasonic__traits.hpp
-- Installing: /home/jenter/package/work/install/yhs_can_interfaces/include/yhs_can_interfaces/yhs_can_interfaces/msg/detail/io_cmd__struct.hpp
-- Installing: /home/jenter/package/work/install/yhs_can_interfaces/include/yhs_can_interfaces/yhs_can_interfaces/msg/detail/lr_wheel_fb__traits.hpp
-- Installing: /home/jenter/package/work/install/yhs_can_interfaces/include/yhs_can_interfaces/yhs_can_interfaces/msg/detail/io_cmd__builder.hpp
-- Installing: /home/jenter/package/work/install/yhs_can_interfaces/include/yhs_can_interfaces/yhs_can_interfaces/msg/detail/steering_ctrl_fb__struct.hpp
-- Installing: /home/jenter/package/work/install/yhs_can_interfaces/include/yhs_can_interfaces/yhs_can_interfaces/msg/detail/steering_ctrl_cmd__builder.hpp
-- Installing: /home/jenter/package/work/install/yhs_can_interfaces/include/yhs_can_interfaces/yhs_can_interfaces/msg/detail/rear_angle_fb__builder.hpp
-- Installing: /home/jenter/package/work/install/yhs_can_interfaces/include/yhs_can_interfaces/yhs_can_interfaces/msg/detail/steering_ctrl_fb__traits.hpp
-- Installing: /home/jenter/package/work/install/yhs_can_interfaces/include/yhs_can_interfaces/yhs_can_interfaces/msg/detail/motor_fb__struct.hpp
-- Installing: /home/jenter/package/work/install/yhs_can_interfaces/include/yhs_can_interfaces/yhs_can_interfaces/msg/detail/drive_motor_current_fb__type_support.hpp
-- Installing: /home/jenter/package/work/install/yhs_can_interfaces/include/yhs_can_interfaces/yhs_can_interfaces/msg/detail/lf_wheel_fb__struct.hpp
-- Installing: /home/jenter/package/work/install/yhs_can_interfaces/include/yhs_can_interfaces/yhs_can_interfaces/msg/detail/front_angle_fb__struct.hpp
-- Installing: /home/jenter/package/work/install/yhs_can_interfaces/include/yhs_can_interfaces/yhs_can_interfaces/msg/detail/chassis_info_fb__traits.hpp
-- Installing: /home/jenter/package/work/install/yhs_can_interfaces/include/yhs_can_interfaces/yhs_can_interfaces/msg/detail/chassis_info_fb__type_support.hpp
-- Installing: /home/jenter/package/work/install/yhs_can_interfaces/include/yhs_can_interfaces/yhs_can_interfaces/msg/detail/rf_wheel_fb__type_support.hpp
-- Installing: /home/jenter/package/work/install/yhs_can_interfaces/include/yhs_can_interfaces/yhs_can_interfaces/msg/detail/bms_fb__traits.hpp
-- Installing: /home/jenter/package/work/install/yhs_can_interfaces/include/yhs_can_interfaces/yhs_can_interfaces/msg/detail/lr_wheel_fb__type_support.hpp
-- Installing: /home/jenter/package/work/install/yhs_can_interfaces/include/yhs_can_interfaces/yhs_can_interfaces/msg/detail/drive_motor_current_fb__builder.hpp
-- Installing: /home/jenter/package/work/install/yhs_can_interfaces/include/yhs_can_interfaces/yhs_can_interfaces/msg/detail/io_cmd__traits.hpp
-- Installing: /home/jenter/package/work/install/yhs_can_interfaces/include/yhs_can_interfaces/yhs_can_interfaces/msg/detail/steering_motor_current_fb__builder.hpp
-- Installing: /home/jenter/package/work/install/yhs_can_interfaces/include/yhs_can_interfaces/yhs_can_interfaces/msg/detail/bms_fb__builder.hpp
-- Installing: /home/jenter/package/work/install/yhs_can_interfaces/include/yhs_can_interfaces/yhs_can_interfaces/msg/detail/io_fb__traits.hpp
-- Installing: /home/jenter/package/work/install/yhs_can_interfaces/include/yhs_can_interfaces/yhs_can_interfaces/msg/detail/error_fb__traits.hpp
-- Installing: /home/jenter/package/work/install/yhs_can_interfaces/include/yhs_can_interfaces/yhs_can_interfaces/msg/detail/lr_wheel_fb__builder.hpp
-- Installing: /home/jenter/package/work/install/yhs_can_interfaces/include/yhs_can_interfaces/yhs_can_interfaces/msg/detail/ctrl_fb__traits.hpp
-- Installing: /home/jenter/package/work/install/yhs_can_interfaces/include/yhs_can_interfaces/yhs_can_interfaces/msg/detail/steering_motor_current_fb__traits.hpp
-- Installing: /home/jenter/package/work/install/yhs_can_interfaces/include/yhs_can_interfaces/yhs_can_interfaces/msg/detail/io_cmd__type_support.hpp
-- Installing: /home/jenter/package/work/install/yhs_can_interfaces/include/yhs_can_interfaces/yhs_can_interfaces/msg/detail/chassis_info_fb__struct.hpp
-- Installing: /home/jenter/package/work/install/yhs_can_interfaces/include/yhs_can_interfaces/yhs_can_interfaces/msg/detail/drive_motor_current_fb__struct.hpp
-- Installing: /home/jenter/package/work/install/yhs_can_interfaces/include/yhs_can_interfaces/yhs_can_interfaces/msg/detail/lf_wheel_fb__builder.hpp
-- Installing: /home/jenter/package/work/install/yhs_can_interfaces/include/yhs_can_interfaces/yhs_can_interfaces/msg/detail/motor_cmd__struct.hpp
-- Installing: /home/jenter/package/work/install/yhs_can_interfaces/include/yhs_can_interfaces/yhs_can_interfaces/msg/detail/io_fb__type_support.hpp
-- Installing: /home/jenter/package/work/install/yhs_can_interfaces/include/yhs_can_interfaces/yhs_can_interfaces/msg/detail/steering_ctrl_cmd__type_support.hpp
-- Installing: /home/jenter/package/work/install/yhs_can_interfaces/include/yhs_can_interfaces/yhs_can_interfaces/msg/detail/ctrl_cmd__type_support.hpp
-- Installing: /home/jenter/package/work/install/yhs_can_interfaces/include/yhs_can_interfaces/yhs_can_interfaces/msg/detail/front_angle_fb__type_support.hpp
-- Installing: /home/jenter/package/work/install/yhs_can_interfaces/include/yhs_can_interfaces/yhs_can_interfaces/msg/io_cmd.hpp
-- Installing: /home/jenter/package/work/install/yhs_can_interfaces/include/yhs_can_interfaces/yhs_can_interfaces/msg/bms_fb.hpp
-- Installing: /home/jenter/package/work/install/yhs_can_interfaces/include/yhs_can_interfaces/yhs_can_interfaces/msg/chassis_info_fb.hpp
-- Installing: /home/jenter/package/work/install/yhs_can_interfaces/include/yhs_can_interfaces/yhs_can_interfaces/msg/lr_wheel_fb.hpp
-- Installing: /home/jenter/package/work/install/yhs_can_interfaces/include/yhs_can_interfaces/yhs_can_interfaces/msg/ultrasonic.hpp
-- Installing: /home/jenter/package/work/install/yhs_can_interfaces/include/yhs_can_interfaces/yhs_can_interfaces/msg/motor_fb.hpp
-- Installing: /home/jenter/package/work/install/yhs_can_interfaces/include/yhs_can_interfaces/yhs_can_interfaces/msg/rr_wheel_fb.hpp
-- Installing: /home/jenter/package/work/install/yhs_can_interfaces/include/yhs_can_interfaces/yhs_can_interfaces/msg/lf_wheel_fb.hpp
-- Installing: /home/jenter/package/work/install/yhs_can_interfaces/include/yhs_can_interfaces/yhs_can_interfaces/msg/io_fb.hpp
-- Installing: /home/jenter/package/work/install/yhs_can_interfaces/include/yhs_can_interfaces/yhs_can_interfaces/msg/rf_wheel_fb.hpp
-- Installing: /home/jenter/package/work/install/yhs_can_interfaces/include/yhs_can_interfaces/yhs_can_interfaces/msg/drive_motor_current_fb.hpp
-- Installing: /home/jenter/package/work/install/yhs_can_interfaces/include/yhs_can_interfaces/yhs_can_interfaces/msg/bms_flag_fb.hpp
-- Installing: /home/jenter/package/work/install/yhs_can_interfaces/include/yhs_can_interfaces/yhs_can_interfaces/msg/error_fb.hpp
-- Installing: /home/jenter/package/work/install/yhs_can_interfaces/include/yhs_can_interfaces/yhs_can_interfaces/msg/front_angle_fb.hpp
-- Installing: /home/jenter/package/work/install/yhs_can_interfaces/include/yhs_can_interfaces/yhs_can_interfaces/msg/ctrl_cmd.hpp
-- Installing: /home/jenter/package/work/install/yhs_can_interfaces/include/yhs_can_interfaces/yhs_can_interfaces/msg/rosidl_generator_cpp__visibility_control.hpp
-- Installing: /home/jenter/package/work/install/yhs_can_interfaces/include/yhs_can_interfaces/yhs_can_interfaces/msg/rear_angle_fb.hpp
-- Installing: /home/jenter/package/work/install/yhs_can_interfaces/include/yhs_can_interfaces/yhs_can_interfaces/msg/steering_motor_current_fb.hpp
-- Up-to-date: /home/jenter/package/work/install/yhs_can_interfaces/include/yhs_can_interfaces/yhs_can_interfaces
-- Up-to-date: /home/jenter/package/work/install/yhs_can_interfaces/include/yhs_can_interfaces/yhs_can_interfaces/msg
-- Up-to-date: /home/jenter/package/work/install/yhs_can_interfaces/include/yhs_can_interfaces/yhs_can_interfaces/msg/detail
-- Installing: /home/jenter/package/work/install/yhs_can_interfaces/include/yhs_can_interfaces/yhs_can_interfaces/msg/detail/rear_angle_fb__rosidl_typesupport_fastrtps_cpp.hpp
-- Installing: /home/jenter/package/work/install/yhs_can_interfaces/include/yhs_can_interfaces/yhs_can_interfaces/msg/detail/dds_fastrtps
-- Installing: /home/jenter/package/work/install/yhs_can_interfaces/include/yhs_can_interfaces/yhs_can_interfaces/msg/detail/motor_fb__rosidl_typesupport_fastrtps_cpp.hpp
-- Installing: /home/jenter/package/work/install/yhs_can_interfaces/include/yhs_can_interfaces/yhs_can_interfaces/msg/detail/steering_ctrl_cmd__rosidl_typesupport_fastrtps_cpp.hpp
-- Installing: /home/jenter/package/work/install/yhs_can_interfaces/include/yhs_can_interfaces/yhs_can_interfaces/msg/detail/error_fb__rosidl_typesupport_fastrtps_cpp.hpp
-- Installing: /home/jenter/package/work/install/yhs_can_interfaces/include/yhs_can_interfaces/yhs_can_interfaces/msg/detail/io_fb__rosidl_typesupport_fastrtps_cpp.hpp
-- Installing: /home/jenter/package/work/install/yhs_can_interfaces/include/yhs_can_interfaces/yhs_can_interfaces/msg/detail/lr_wheel_fb__rosidl_typesupport_fastrtps_cpp.hpp
-- Installing: /home/jenter/package/work/install/yhs_can_interfaces/include/yhs_can_interfaces/yhs_can_interfaces/msg/detail/ctrl_cmd__rosidl_typesupport_fastrtps_cpp.hpp
-- Installing: /home/jenter/package/work/install/yhs_can_interfaces/include/yhs_can_interfaces/yhs_can_interfaces/msg/detail/front_angle_fb__rosidl_typesupport_fastrtps_cpp.hpp
-- Installing: /home/jenter/package/work/install/yhs_can_interfaces/include/yhs_can_interfaces/yhs_can_interfaces/msg/detail/bms_fb__rosidl_typesupport_fastrtps_cpp.hpp
-- Installing: /home/jenter/package/work/install/yhs_can_interfaces/include/yhs_can_interfaces/yhs_can_interfaces/msg/detail/motor_cmd__rosidl_typesupport_fastrtps_cpp.hpp
-- Installing: /home/jenter/package/work/install/yhs_can_interfaces/include/yhs_can_interfaces/yhs_can_interfaces/msg/detail/rf_wheel_fb__rosidl_typesupport_fastrtps_cpp.hpp
-- Installing: /home/jenter/package/work/install/yhs_can_interfaces/include/yhs_can_interfaces/yhs_can_interfaces/msg/detail/bms_flag_fb__rosidl_typesupport_fastrtps_cpp.hpp
-- Installing: /home/jenter/package/work/install/yhs_can_interfaces/include/yhs_can_interfaces/yhs_can_interfaces/msg/detail/steering_motor_current_fb__rosidl_typesupport_fastrtps_cpp.hpp
-- Installing: /home/jenter/package/work/install/yhs_can_interfaces/include/yhs_can_interfaces/yhs_can_interfaces/msg/detail/chassis_info_fb__rosidl_typesupport_fastrtps_cpp.hpp
-- Installing: /home/jenter/package/work/install/yhs_can_interfaces/include/yhs_can_interfaces/yhs_can_interfaces/msg/detail/drive_motor_current_fb__rosidl_typesupport_fastrtps_cpp.hpp
-- Installing: /home/jenter/package/work/install/yhs_can_interfaces/include/yhs_can_interfaces/yhs_can_interfaces/msg/detail/io_cmd__rosidl_typesupport_fastrtps_cpp.hpp
-- Installing: /home/jenter/package/work/install/yhs_can_interfaces/include/yhs_can_interfaces/yhs_can_interfaces/msg/detail/lf_wheel_fb__rosidl_typesupport_fastrtps_cpp.hpp
-- Installing: /home/jenter/package/work/install/yhs_can_interfaces/include/yhs_can_interfaces/yhs_can_interfaces/msg/detail/rr_wheel_fb__rosidl_typesupport_fastrtps_cpp.hpp
-- Installing: /home/jenter/package/work/install/yhs_can_interfaces/include/yhs_can_interfaces/yhs_can_interfaces/msg/detail/ultrasonic__rosidl_typesupport_fastrtps_cpp.hpp
-- Installing: /home/jenter/package/work/install/yhs_can_interfaces/include/yhs_can_interfaces/yhs_can_interfaces/msg/detail/ctrl_fb__rosidl_typesupport_fastrtps_cpp.hpp
-- Installing: /home/jenter/package/work/install/yhs_can_interfaces/include/yhs_can_interfaces/yhs_can_interfaces/msg/detail/steering_ctrl_fb__rosidl_typesupport_fastrtps_cpp.hpp
-- Installing: /home/jenter/package/work/install/yhs_can_interfaces/include/yhs_can_interfaces/yhs_can_interfaces/msg/rosidl_typesupport_fastrtps_cpp__visibility_control.h
-- Installing: /home/jenter/package/work/install/yhs_can_interfaces/lib/libyhs_can_interfaces__rosidl_typesupport_fastrtps_cpp.so
-- Set runtime path of "/home/jenter/package/work/install/yhs_can_interfaces/lib/libyhs_can_interfaces__rosidl_typesupport_fastrtps_cpp.so" to ""
-- Up-to-date: /home/jenter/package/work/install/yhs_can_interfaces/include/yhs_can_interfaces/yhs_can_interfaces
-- Up-to-date: /home/jenter/package/work/install/yhs_can_interfaces/include/yhs_can_interfaces/yhs_can_interfaces/msg
-- Up-to-date: /home/jenter/package/work/install/yhs_can_interfaces/include/yhs_can_interfaces/yhs_can_interfaces/msg/detail
-- Installing: /home/jenter/package/work/install/yhs_can_interfaces/include/yhs_can_interfaces/yhs_can_interfaces/msg/detail/lf_wheel_fb__type_support.cpp
-- Installing: /home/jenter/package/work/install/yhs_can_interfaces/include/yhs_can_interfaces/yhs_can_interfaces/msg/detail/front_angle_fb__type_support.cpp
-- Installing: /home/jenter/package/work/install/yhs_can_interfaces/include/yhs_can_interfaces/yhs_can_interfaces/msg/detail/ultrasonic__rosidl_typesupport_introspection_cpp.hpp
-- Installing: /home/jenter/package/work/install/yhs_can_interfaces/include/yhs_can_interfaces/yhs_can_interfaces/msg/detail/steering_ctrl_cmd__type_support.cpp
-- Installing: /home/jenter/package/work/install/yhs_can_interfaces/include/yhs_can_interfaces/yhs_can_interfaces/msg/detail/motor_fb__rosidl_typesupport_introspection_cpp.hpp
-- Installing: /home/jenter/package/work/install/yhs_can_interfaces/include/yhs_can_interfaces/yhs_can_interfaces/msg/detail/ctrl_fb__rosidl_typesupport_introspection_cpp.hpp
-- Installing: /home/jenter/package/work/install/yhs_can_interfaces/include/yhs_can_interfaces/yhs_can_interfaces/msg/detail/io_fb__rosidl_typesupport_introspection_cpp.hpp
-- Installing: /home/jenter/package/work/install/yhs_can_interfaces/include/yhs_can_interfaces/yhs_can_interfaces/msg/detail/rr_wheel_fb__rosidl_typesupport_introspection_cpp.hpp
-- Installing: /home/jenter/package/work/install/yhs_can_interfaces/include/yhs_can_interfaces/yhs_can_interfaces/msg/detail/bms_fb__type_support.cpp
-- Installing: /home/jenter/package/work/install/yhs_can_interfaces/include/yhs_can_interfaces/yhs_can_interfaces/msg/detail/io_cmd__type_support.cpp
-- Installing: /home/jenter/package/work/install/yhs_can_interfaces/include/yhs_can_interfaces/yhs_can_interfaces/msg/detail/error_fb__rosidl_typesupport_introspection_cpp.hpp
-- Installing: /home/jenter/package/work/install/yhs_can_interfaces/include/yhs_can_interfaces/yhs_can_interfaces/msg/detail/rear_angle_fb__rosidl_typesupport_introspection_cpp.hpp
-- Installing: /home/jenter/package/work/install/yhs_can_interfaces/include/yhs_can_interfaces/yhs_can_interfaces/msg/detail/lf_wheel_fb__rosidl_typesupport_introspection_cpp.hpp
-- Installing: /home/jenter/package/work/install/yhs_can_interfaces/include/yhs_can_interfaces/yhs_can_interfaces/msg/detail/chassis_info_fb__rosidl_typesupport_introspection_cpp.hpp
-- Installing: /home/jenter/package/work/install/yhs_can_interfaces/include/yhs_can_interfaces/yhs_can_interfaces/msg/detail/steering_motor_current_fb__type_support.cpp
-- Installing: /home/jenter/package/work/install/yhs_can_interfaces/include/yhs_can_interfaces/yhs_can_interfaces/msg/detail/motor_cmd__type_support.cpp
-- Installing: /home/jenter/package/work/install/yhs_can_interfaces/include/yhs_can_interfaces/yhs_can_interfaces/msg/detail/steering_motor_current_fb__rosidl_typesupport_introspection_cpp.hpp
-- Installing: /home/jenter/package/work/install/yhs_can_interfaces/include/yhs_can_interfaces/yhs_can_interfaces/msg/detail/bms_flag_fb__type_support.cpp
-- Installing: /home/jenter/package/work/install/yhs_can_interfaces/include/yhs_can_interfaces/yhs_can_interfaces/msg/detail/chassis_info_fb__type_support.cpp
-- Installing: /home/jenter/package/work/install/yhs_can_interfaces/include/yhs_can_interfaces/yhs_can_interfaces/msg/detail/bms_fb__rosidl_typesupport_introspection_cpp.hpp
-- Installing: /home/jenter/package/work/install/yhs_can_interfaces/include/yhs_can_interfaces/yhs_can_interfaces/msg/detail/ultrasonic__type_support.cpp
-- Installing: /home/jenter/package/work/install/yhs_can_interfaces/include/yhs_can_interfaces/yhs_can_interfaces/msg/detail/lr_wheel_fb__type_support.cpp
-- Installing: /home/jenter/package/work/install/yhs_can_interfaces/include/yhs_can_interfaces/yhs_can_interfaces/msg/detail/rr_wheel_fb__type_support.cpp
-- Installing: /home/jenter/package/work/install/yhs_can_interfaces/include/yhs_can_interfaces/yhs_can_interfaces/msg/detail/error_fb__type_support.cpp
-- Installing: /home/jenter/package/work/install/yhs_can_interfaces/include/yhs_can_interfaces/yhs_can_interfaces/msg/detail/motor_fb__type_support.cpp
-- Installing: /home/jenter/package/work/install/yhs_can_interfaces/include/yhs_can_interfaces/yhs_can_interfaces/msg/detail/drive_motor_current_fb__rosidl_typesupport_introspection_cpp.hpp
-- Installing: /home/jenter/package/work/install/yhs_can_interfaces/include/yhs_can_interfaces/yhs_can_interfaces/msg/detail/rf_wheel_fb__type_support.cpp
-- Installing: /home/jenter/package/work/install/yhs_can_interfaces/include/yhs_can_interfaces/yhs_can_interfaces/msg/detail/bms_flag_fb__rosidl_typesupport_introspection_cpp.hpp
-- Installing: /home/jenter/package/work/install/yhs_can_interfaces/include/yhs_can_interfaces/yhs_can_interfaces/msg/detail/ctrl_fb__type_support.cpp
-- Installing: /home/jenter/package/work/install/yhs_can_interfaces/include/yhs_can_interfaces/yhs_can_interfaces/msg/detail/steering_ctrl_fb__rosidl_typesupport_introspection_cpp.hpp
-- Installing: /home/jenter/package/work/install/yhs_can_interfaces/include/yhs_can_interfaces/yhs_can_interfaces/msg/detail/front_angle_fb__rosidl_typesupport_introspection_cpp.hpp
-- Installing: /home/jenter/package/work/install/yhs_can_interfaces/include/yhs_can_interfaces/yhs_can_interfaces/msg/detail/rear_angle_fb__type_support.cpp
-- Installing: /home/jenter/package/work/install/yhs_can_interfaces/include/yhs_can_interfaces/yhs_can_interfaces/msg/detail/steering_ctrl_fb__type_support.cpp
-- Installing: /home/jenter/package/work/install/yhs_can_interfaces/include/yhs_can_interfaces/yhs_can_interfaces/msg/detail/ctrl_cmd__rosidl_typesupport_introspection_cpp.hpp
-- Installing: /home/jenter/package/work/install/yhs_can_interfaces/include/yhs_can_interfaces/yhs_can_interfaces/msg/detail/io_cmd__rosidl_typesupport_introspection_cpp.hpp
-- Installing: /home/jenter/package/work/install/yhs_can_interfaces/include/yhs_can_interfaces/yhs_can_interfaces/msg/detail/rf_wheel_fb__rosidl_typesupport_introspection_cpp.hpp
-- Installing: /home/jenter/package/work/install/yhs_can_interfaces/include/yhs_can_interfaces/yhs_can_interfaces/msg/detail/lr_wheel_fb__rosidl_typesupport_introspection_cpp.hpp
-- Installing: /home/jenter/package/work/install/yhs_can_interfaces/include/yhs_can_interfaces/yhs_can_interfaces/msg/detail/steering_ctrl_cmd__rosidl_typesupport_introspection_cpp.hpp
-- Installing: /home/jenter/package/work/install/yhs_can_interfaces/include/yhs_can_interfaces/yhs_can_interfaces/msg/detail/ctrl_cmd__type_support.cpp
-- Installing: /home/jenter/package/work/install/yhs_can_interfaces/include/yhs_can_interfaces/yhs_can_interfaces/msg/detail/io_fb__type_support.cpp
-- Installing: /home/jenter/package/work/install/yhs_can_interfaces/include/yhs_can_interfaces/yhs_can_interfaces/msg/detail/drive_motor_current_fb__type_support.cpp
-- Installing: /home/jenter/package/work/install/yhs_can_interfaces/include/yhs_can_interfaces/yhs_can_interfaces/msg/detail/motor_cmd__rosidl_typesupport_introspection_cpp.hpp
-- Installing: /home/jenter/package/work/install/yhs_can_interfaces/lib/libyhs_can_interfaces__rosidl_typesupport_introspection_cpp.so
-- Set runtime path of "/home/jenter/package/work/install/yhs_can_interfaces/lib/libyhs_can_interfaces__rosidl_typesupport_introspection_cpp.so" to ""
-- Installing: /home/jenter/package/work/install/yhs_can_interfaces/lib/libyhs_can_interfaces__rosidl_typesupport_cpp.so
-- Set runtime path of "/home/jenter/package/work/install/yhs_can_interfaces/lib/libyhs_can_interfaces__rosidl_typesupport_cpp.so" to ""
-- Installing: /home/jenter/package/work/install/yhs_can_interfaces/share/yhs_can_interfaces/environment/pythonpath.sh
-- Installing: /home/jenter/package/work/install/yhs_can_interfaces/share/yhs_can_interfaces/environment/pythonpath.dsv
-- Installing: /home/jenter/package/work/install/yhs_can_interfaces/local/lib/python3.10/dist-packages/yhs_can_interfaces-0.0.0-py3.10.egg-info
-- Installing: /home/jenter/package/work/install/yhs_can_interfaces/local/lib/python3.10/dist-packages/yhs_can_interfaces-0.0.0-py3.10.egg-info/dependency_links.txt
-- Installing: /home/jenter/package/work/install/yhs_can_interfaces/local/lib/python3.10/dist-packages/yhs_can_interfaces-0.0.0-py3.10.egg-info/SOURCES.txt
-- Installing: /home/jenter/package/work/install/yhs_can_interfaces/local/lib/python3.10/dist-packages/yhs_can_interfaces-0.0.0-py3.10.egg-info/top_level.txt
-- Installing: /home/jenter/package/work/install/yhs_can_interfaces/local/lib/python3.10/dist-packages/yhs_can_interfaces-0.0.0-py3.10.egg-info/PKG-INFO
-- Installing: /home/jenter/package/work/install/yhs_can_interfaces/local/lib/python3.10/dist-packages/yhs_can_interfaces
-- Installing: /home/jenter/package/work/install/yhs_can_interfaces/local/lib/python3.10/dist-packages/yhs_can_interfaces/libyhs_can_interfaces__rosidl_generator_py.so
-- Installing: /home/jenter/package/work/install/yhs_can_interfaces/local/lib/python3.10/dist-packages/yhs_can_interfaces/yhs_can_interfaces_s__rosidl_typesupport_introspection_c.cpython-310-x86_64-linux-gnu.so
-- Installing: /home/jenter/package/work/install/yhs_can_interfaces/local/lib/python3.10/dist-packages/yhs_can_interfaces/msg
-- Installing: /home/jenter/package/work/install/yhs_can_interfaces/local/lib/python3.10/dist-packages/yhs_can_interfaces/msg/_lr_wheel_fb.py
-- Installing: /home/jenter/package/work/install/yhs_can_interfaces/local/lib/python3.10/dist-packages/yhs_can_interfaces/msg/_chassis_info_fb.py
-- Installing: /home/jenter/package/work/install/yhs_can_interfaces/local/lib/python3.10/dist-packages/yhs_can_interfaces/msg/_ultrasonic_s.c
-- Installing: /home/jenter/package/work/install/yhs_can_interfaces/local/lib/python3.10/dist-packages/yhs_can_interfaces/msg/_steering_motor_current_fb.py
-- Installing: /home/jenter/package/work/install/yhs_can_interfaces/local/lib/python3.10/dist-packages/yhs_can_interfaces/msg/_bms_fb_s.c
-- Installing: /home/jenter/package/work/install/yhs_can_interfaces/local/lib/python3.10/dist-packages/yhs_can_interfaces/msg/_io_cmd.py
-- Installing: /home/jenter/package/work/install/yhs_can_interfaces/local/lib/python3.10/dist-packages/yhs_can_interfaces/msg/_rr_wheel_fb_s.c
-- Installing: /home/jenter/package/work/install/yhs_can_interfaces/local/lib/python3.10/dist-packages/yhs_can_interfaces/msg/_motor_cmd_s.c
-- Installing: /home/jenter/package/work/install/yhs_can_interfaces/local/lib/python3.10/dist-packages/yhs_can_interfaces/msg/_error_fb.py
-- Installing: /home/jenter/package/work/install/yhs_can_interfaces/local/lib/python3.10/dist-packages/yhs_can_interfaces/msg/_lf_wheel_fb_s.c
-- Installing: /home/jenter/package/work/install/yhs_can_interfaces/local/lib/python3.10/dist-packages/yhs_can_interfaces/msg/_chassis_info_fb_s.c
-- Installing: /home/jenter/package/work/install/yhs_can_interfaces/local/lib/python3.10/dist-packages/yhs_can_interfaces/msg/_front_angle_fb.py
-- Installing: /home/jenter/package/work/install/yhs_can_interfaces/local/lib/python3.10/dist-packages/yhs_can_interfaces/msg/_rear_angle_fb.py
-- Installing: /home/jenter/package/work/install/yhs_can_interfaces/local/lib/python3.10/dist-packages/yhs_can_interfaces/msg/_rf_wheel_fb_s.c
-- Installing: /home/jenter/package/work/install/yhs_can_interfaces/local/lib/python3.10/dist-packages/yhs_can_interfaces/msg/_front_angle_fb_s.c
-- Installing: /home/jenter/package/work/install/yhs_can_interfaces/local/lib/python3.10/dist-packages/yhs_can_interfaces/msg/_steering_ctrl_cmd_s.c
-- Installing: /home/jenter/package/work/install/yhs_can_interfaces/local/lib/python3.10/dist-packages/yhs_can_interfaces/msg/_io_fb.py
-- Installing: /home/jenter/package/work/install/yhs_can_interfaces/local/lib/python3.10/dist-packages/yhs_can_interfaces/msg/_ctrl_cmd.py
-- Installing: /home/jenter/package/work/install/yhs_can_interfaces/local/lib/python3.10/dist-packages/yhs_can_interfaces/msg/__init__.py
-- Installing: /home/jenter/package/work/install/yhs_can_interfaces/local/lib/python3.10/dist-packages/yhs_can_interfaces/msg/_lf_wheel_fb.py
-- Installing: /home/jenter/package/work/install/yhs_can_interfaces/local/lib/python3.10/dist-packages/yhs_can_interfaces/msg/_ctrl_cmd_s.c
-- Installing: /home/jenter/package/work/install/yhs_can_interfaces/local/lib/python3.10/dist-packages/yhs_can_interfaces/msg/_rear_angle_fb_s.c
-- Installing: /home/jenter/package/work/install/yhs_can_interfaces/local/lib/python3.10/dist-packages/yhs_can_interfaces/msg/_steering_ctrl_fb.py
-- Installing: /home/jenter/package/work/install/yhs_can_interfaces/local/lib/python3.10/dist-packages/yhs_can_interfaces/msg/_io_fb_s.c
-- Installing: /home/jenter/package/work/install/yhs_can_interfaces/local/lib/python3.10/dist-packages/yhs_can_interfaces/msg/_io_cmd_s.c
-- Installing: /home/jenter/package/work/install/yhs_can_interfaces/local/lib/python3.10/dist-packages/yhs_can_interfaces/msg/_bms_fb.py
-- Installing: /home/jenter/package/work/install/yhs_can_interfaces/local/lib/python3.10/dist-packages/yhs_can_interfaces/msg/_rf_wheel_fb.py
-- Installing: /home/jenter/package/work/install/yhs_can_interfaces/local/lib/python3.10/dist-packages/yhs_can_interfaces/msg/_motor_fb_s.c
-- Installing: /home/jenter/package/work/install/yhs_can_interfaces/local/lib/python3.10/dist-packages/yhs_can_interfaces/msg/_ultrasonic.py
-- Installing: /home/jenter/package/work/install/yhs_can_interfaces/local/lib/python3.10/dist-packages/yhs_can_interfaces/msg/_bms_flag_fb_s.c
-- Installing: /home/jenter/package/work/install/yhs_can_interfaces/local/lib/python3.10/dist-packages/yhs_can_interfaces/msg/_bms_flag_fb.py
-- Installing: /home/jenter/package/work/install/yhs_can_interfaces/local/lib/python3.10/dist-packages/yhs_can_interfaces/msg/_lr_wheel_fb_s.c
-- Installing: /home/jenter/package/work/install/yhs_can_interfaces/local/lib/python3.10/dist-packages/yhs_can_interfaces/msg/_drive_motor_current_fb_s.c
-- Installing: /home/jenter/package/work/install/yhs_can_interfaces/local/lib/python3.10/dist-packages/yhs_can_interfaces/msg/_ctrl_fb.py
-- Installing: /home/jenter/package/work/install/yhs_can_interfaces/local/lib/python3.10/dist-packages/yhs_can_interfaces/msg/_steering_motor_current_fb_s.c
-- Installing: /home/jenter/package/work/install/yhs_can_interfaces/local/lib/python3.10/dist-packages/yhs_can_interfaces/msg/_error_fb_s.c
-- Installing: /home/jenter/package/work/install/yhs_can_interfaces/local/lib/python3.10/dist-packages/yhs_can_interfaces/msg/_steering_ctrl_fb_s.c
-- Installing: /home/jenter/package/work/install/yhs_can_interfaces/local/lib/python3.10/dist-packages/yhs_can_interfaces/msg/_drive_motor_current_fb.py
-- Installing: /home/jenter/package/work/install/yhs_can_interfaces/local/lib/python3.10/dist-packages/yhs_can_interfaces/msg/_motor_cmd.py
-- Installing: /home/jenter/package/work/install/yhs_can_interfaces/local/lib/python3.10/dist-packages/yhs_can_interfaces/msg/_motor_fb.py
-- Installing: /home/jenter/package/work/install/yhs_can_interfaces/local/lib/python3.10/dist-packages/yhs_can_interfaces/msg/_steering_ctrl_cmd.py
-- Installing: /home/jenter/package/work/install/yhs_can_interfaces/local/lib/python3.10/dist-packages/yhs_can_interfaces/msg/_rr_wheel_fb.py
-- Installing: /home/jenter/package/work/install/yhs_can_interfaces/local/lib/python3.10/dist-packages/yhs_can_interfaces/msg/_ctrl_fb_s.c
-- Installing: /home/jenter/package/work/install/yhs_can_interfaces/local/lib/python3.10/dist-packages/yhs_can_interfaces/yhs_can_interfaces_s__rosidl_typesupport_c.cpython-310-x86_64-linux-gnu.so
-- Installing: /home/jenter/package/work/install/yhs_can_interfaces/local/lib/python3.10/dist-packages/yhs_can_interfaces/__init__.py
-- Installing: /home/jenter/package/work/install/yhs_can_interfaces/local/lib/python3.10/dist-packages/yhs_can_interfaces/_yhs_can_interfaces_s.ep.rosidl_typesupport_introspection_c.c
-- Installing: /home/jenter/package/work/install/yhs_can_interfaces/local/lib/python3.10/dist-packages/yhs_can_interfaces/_yhs_can_interfaces_s.ep.rosidl_typesupport_fastrtps_c.c
-- Installing: /home/jenter/package/work/install/yhs_can_interfaces/local/lib/python3.10/dist-packages/yhs_can_interfaces/_yhs_can_interfaces_s.ep.rosidl_typesupport_c.c
-- Installing: /home/jenter/package/work/install/yhs_can_interfaces/local/lib/python3.10/dist-packages/yhs_can_interfaces/yhs_can_interfaces_s__rosidl_typesupport_fastrtps_c.cpython-310-x86_64-linux-gnu.so
Listing '/home/jenter/package/work/install/yhs_can_interfaces/local/lib/python3.10/dist-packages/yhs_can_interfaces'...
Compiling '/home/jenter/package/work/install/yhs_can_interfaces/local/lib/python3.10/dist-packages/yhs_can_interfaces/__init__.py'...
Listing '/home/jenter/package/work/install/yhs_can_interfaces/local/lib/python3.10/dist-packages/yhs_can_interfaces/msg'...
Compiling '/home/jenter/package/work/install/yhs_can_interfaces/local/lib/python3.10/dist-packages/yhs_can_interfaces/msg/__init__.py'...
Compiling '/home/jenter/package/work/install/yhs_can_interfaces/local/lib/python3.10/dist-packages/yhs_can_interfaces/msg/_bms_fb.py'...
Compiling '/home/jenter/package/work/install/yhs_can_interfaces/local/lib/python3.10/dist-packages/yhs_can_interfaces/msg/_bms_flag_fb.py'...
Compiling '/home/jenter/package/work/install/yhs_can_interfaces/local/lib/python3.10/dist-packages/yhs_can_interfaces/msg/_chassis_info_fb.py'...
Compiling '/home/jenter/package/work/install/yhs_can_interfaces/local/lib/python3.10/dist-packages/yhs_can_interfaces/msg/_ctrl_cmd.py'...
Compiling '/home/jenter/package/work/install/yhs_can_interfaces/local/lib/python3.10/dist-packages/yhs_can_interfaces/msg/_ctrl_fb.py'...
Compiling '/home/jenter/package/work/install/yhs_can_interfaces/local/lib/python3.10/dist-packages/yhs_can_interfaces/msg/_drive_motor_current_fb.py'...
Compiling '/home/jenter/package/work/install/yhs_can_interfaces/local/lib/python3.10/dist-packages/yhs_can_interfaces/msg/_error_fb.py'...
Compiling '/home/jenter/package/work/install/yhs_can_interfaces/local/lib/python3.10/dist-packages/yhs_can_interfaces/msg/_front_angle_fb.py'...
Compiling '/home/jenter/package/work/install/yhs_can_interfaces/local/lib/python3.10/dist-packages/yhs_can_interfaces/msg/_io_cmd.py'...
Compiling '/home/jenter/package/work/install/yhs_can_interfaces/local/lib/python3.10/dist-packages/yhs_can_interfaces/msg/_io_fb.py'...
Compiling '/home/jenter/package/work/install/yhs_can_interfaces/local/lib/python3.10/dist-packages/yhs_can_interfaces/msg/_lf_wheel_fb.py'...
Compiling '/home/jenter/package/work/install/yhs_can_interfaces/local/lib/python3.10/dist-packages/yhs_can_interfaces/msg/_lr_wheel_fb.py'...
Compiling '/home/jenter/package/work/install/yhs_can_interfaces/local/lib/python3.10/dist-packages/yhs_can_interfaces/msg/_motor_cmd.py'...
Compiling '/home/jenter/package/work/install/yhs_can_interfaces/local/lib/python3.10/dist-packages/yhs_can_interfaces/msg/_motor_fb.py'...
Compiling '/home/jenter/package/work/install/yhs_can_interfaces/local/lib/python3.10/dist-packages/yhs_can_interfaces/msg/_rear_angle_fb.py'...
Compiling '/home/jenter/package/work/install/yhs_can_interfaces/local/lib/python3.10/dist-packages/yhs_can_interfaces/msg/_rf_wheel_fb.py'...
Compiling '/home/jenter/package/work/install/yhs_can_interfaces/local/lib/python3.10/dist-packages/yhs_can_interfaces/msg/_rr_wheel_fb.py'...
Compiling '/home/jenter/package/work/install/yhs_can_interfaces/local/lib/python3.10/dist-packages/yhs_can_interfaces/msg/_steering_ctrl_cmd.py'...
Compiling '/home/jenter/package/work/install/yhs_can_interfaces/local/lib/python3.10/dist-packages/yhs_can_interfaces/msg/_steering_ctrl_fb.py'...
Compiling '/home/jenter/package/work/install/yhs_can_interfaces/local/lib/python3.10/dist-packages/yhs_can_interfaces/msg/_steering_motor_current_fb.py'...
Compiling '/home/jenter/package/work/install/yhs_can_interfaces/local/lib/python3.10/dist-packages/yhs_can_interfaces/msg/_ultrasonic.py'...
-- Installing: /home/jenter/package/work/install/yhs_can_interfaces/local/lib/python3.10/dist-packages/yhs_can_interfaces/yhs_can_interfaces_s__rosidl_typesupport_fastrtps_c.cpython-310-x86_64-linux-gnu.so
-- Set runtime path of "/home/jenter/package/work/install/yhs_can_interfaces/local/lib/python3.10/dist-packages/yhs_can_interfaces/yhs_can_interfaces_s__rosidl_typesupport_fastrtps_c.cpython-310-x86_64-linux-gnu.so" to ""
-- Installing: /home/jenter/package/work/install/yhs_can_interfaces/local/lib/python3.10/dist-packages/yhs_can_interfaces/yhs_can_interfaces_s__rosidl_typesupport_introspection_c.cpython-310-x86_64-linux-gnu.so
-- Set runtime path of "/home/jenter/package/work/install/yhs_can_interfaces/local/lib/python3.10/dist-packages/yhs_can_interfaces/yhs_can_interfaces_s__rosidl_typesupport_introspection_c.cpython-310-x86_64-linux-gnu.so" to ""
-- Installing: /home/jenter/package/work/install/yhs_can_interfaces/local/lib/python3.10/dist-packages/yhs_can_interfaces/yhs_can_interfaces_s__rosidl_typesupport_c.cpython-310-x86_64-linux-gnu.so
-- Set runtime path of "/home/jenter/package/work/install/yhs_can_interfaces/local/lib/python3.10/dist-packages/yhs_can_interfaces/yhs_can_interfaces_s__rosidl_typesupport_c.cpython-310-x86_64-linux-gnu.so" to ""
-- Installing: /home/jenter/package/work/install/yhs_can_interfaces/lib/libyhs_can_interfaces__rosidl_generator_py.so
-- Set runtime path of "/home/jenter/package/work/install/yhs_can_interfaces/lib/libyhs_can_interfaces__rosidl_generator_py.so" to ""
-- Installing: /home/jenter/package/work/install/yhs_can_interfaces/share/yhs_can_interfaces/msg/BmsFlagFb.idl
-- Installing: /home/jenter/package/work/install/yhs_can_interfaces/share/yhs_can_interfaces/msg/BmsFb.idl
-- Installing: /home/jenter/package/work/install/yhs_can_interfaces/share/yhs_can_interfaces/msg/ChassisInfoFb.idl
-- Installing: /home/jenter/package/work/install/yhs_can_interfaces/share/yhs_can_interfaces/msg/CtrlCmd.idl
-- Installing: /home/jenter/package/work/install/yhs_can_interfaces/share/yhs_can_interfaces/msg/CtrlFb.idl
-- Installing: /home/jenter/package/work/install/yhs_can_interfaces/share/yhs_can_interfaces/msg/SteeringCtrlCmd.idl
-- Installing: /home/jenter/package/work/install/yhs_can_interfaces/share/yhs_can_interfaces/msg/SteeringCtrlFb.idl
-- Installing: /home/jenter/package/work/install/yhs_can_interfaces/share/yhs_can_interfaces/msg/FrontAngleFb.idl
-- Installing: /home/jenter/package/work/install/yhs_can_interfaces/share/yhs_can_interfaces/msg/IoCmd.idl
-- Installing: /home/jenter/package/work/install/yhs_can_interfaces/share/yhs_can_interfaces/msg/IoFb.idl
-- Installing: /home/jenter/package/work/install/yhs_can_interfaces/share/yhs_can_interfaces/msg/LrWheelFb.idl
-- Installing: /home/jenter/package/work/install/yhs_can_interfaces/share/yhs_can_interfaces/msg/RrWheelFb.idl
-- Installing: /home/jenter/package/work/install/yhs_can_interfaces/share/yhs_can_interfaces/msg/LfWheelFb.idl
-- Installing: /home/jenter/package/work/install/yhs_can_interfaces/share/yhs_can_interfaces/msg/RfWheelFb.idl
-- Installing: /home/jenter/package/work/install/yhs_can_interfaces/share/yhs_can_interfaces/msg/RearAngleFb.idl
-- Installing: /home/jenter/package/work/install/yhs_can_interfaces/share/yhs_can_interfaces/msg/Ultrasonic.idl
-- Installing: /home/jenter/package/work/install/yhs_can_interfaces/share/yhs_can_interfaces/msg/ErrorFb.idl
-- Installing: /home/jenter/package/work/install/yhs_can_interfaces/share/yhs_can_interfaces/msg/MotorCmd.idl
-- Installing: /home/jenter/package/work/install/yhs_can_interfaces/share/yhs_can_interfaces/msg/MotorFb.idl
-- Installing: /home/jenter/package/work/install/yhs_can_interfaces/share/yhs_can_interfaces/msg/DriveMotorCurrentFb.idl
-- Installing: /home/jenter/package/work/install/yhs_can_interfaces/share/yhs_can_interfaces/msg/SteeringMotorCurrentFb.idl
-- Installing: /home/jenter/package/work/install/yhs_can_interfaces/share/yhs_can_interfaces/msg/BmsFlagFb.msg
-- Installing: /home/jenter/package/work/install/yhs_can_interfaces/share/yhs_can_interfaces/msg/BmsFb.msg
-- Installing: /home/jenter/package/work/install/yhs_can_interfaces/share/yhs_can_interfaces/msg/ChassisInfoFb.msg
-- Installing: /home/jenter/package/work/install/yhs_can_interfaces/share/yhs_can_interfaces/msg/CtrlCmd.msg
-- Installing: /home/jenter/package/work/install/yhs_can_interfaces/share/yhs_can_interfaces/msg/CtrlFb.msg
-- Installing: /home/jenter/package/work/install/yhs_can_interfaces/share/yhs_can_interfaces/msg/SteeringCtrlCmd.msg
-- Installing: /home/jenter/package/work/install/yhs_can_interfaces/share/yhs_can_interfaces/msg/SteeringCtrlFb.msg
-- Installing: /home/jenter/package/work/install/yhs_can_interfaces/share/yhs_can_interfaces/msg/FrontAngleFb.msg
-- Installing: /home/jenter/package/work/install/yhs_can_interfaces/share/yhs_can_interfaces/msg/IoCmd.msg
-- Installing: /home/jenter/package/work/install/yhs_can_interfaces/share/yhs_can_interfaces/msg/IoFb.msg
-- Installing: /home/jenter/package/work/install/yhs_can_interfaces/share/yhs_can_interfaces/msg/LrWheelFb.msg
-- Installing: /home/jenter/package/work/install/yhs_can_interfaces/share/yhs_can_interfaces/msg/RrWheelFb.msg
-- Installing: /home/jenter/package/work/install/yhs_can_interfaces/share/yhs_can_interfaces/msg/LfWheelFb.msg
-- Installing: /home/jenter/package/work/install/yhs_can_interfaces/share/yhs_can_interfaces/msg/RfWheelFb.msg
-- Installing: /home/jenter/package/work/install/yhs_can_interfaces/share/yhs_can_interfaces/msg/RearAngleFb.msg
-- Installing: /home/jenter/package/work/install/yhs_can_interfaces/share/yhs_can_interfaces/msg/Ultrasonic.msg
-- Installing: /home/jenter/package/work/install/yhs_can_interfaces/share/yhs_can_interfaces/msg/ErrorFb.msg
-- Installing: /home/jenter/package/work/install/yhs_can_interfaces/share/yhs_can_interfaces/msg/MotorCmd.msg
-- Installing: /home/jenter/package/work/install/yhs_can_interfaces/share/yhs_can_interfaces/msg/MotorFb.msg
-- Installing: /home/jenter/package/work/install/yhs_can_interfaces/share/yhs_can_interfaces/msg/DriveMotorCurrentFb.msg
-- Installing: /home/jenter/package/work/install/yhs_can_interfaces/share/yhs_can_interfaces/msg/SteeringMotorCurrentFb.msg
-- Installing: /home/jenter/package/work/install/yhs_can_interfaces/share/ament_index/resource_index/package_run_dependencies/yhs_can_interfaces
-- Installing: /home/jenter/package/work/install/yhs_can_interfaces/share/ament_index/resource_index/parent_prefix_path/yhs_can_interfaces
-- Installing: /home/jenter/package/work/install/yhs_can_interfaces/share/yhs_can_interfaces/environment/ament_prefix_path.sh
-- Installing: /home/jenter/package/work/install/yhs_can_interfaces/share/yhs_can_interfaces/environment/ament_prefix_path.dsv
-- Installing: /home/jenter/package/work/install/yhs_can_interfaces/share/yhs_can_interfaces/environment/path.sh
-- Installing: /home/jenter/package/work/install/yhs_can_interfaces/share/yhs_can_interfaces/environment/path.dsv
-- Installing: /home/jenter/package/work/install/yhs_can_interfaces/share/yhs_can_interfaces/local_setup.bash
-- Installing: /home/jenter/package/work/install/yhs_can_interfaces/share/yhs_can_interfaces/local_setup.sh
-- Installing: /home/jenter/package/work/install/yhs_can_interfaces/share/yhs_can_interfaces/local_setup.zsh
-- Installing: /home/jenter/package/work/install/yhs_can_interfaces/share/yhs_can_interfaces/local_setup.dsv
-- Installing: /home/jenter/package/work/install/yhs_can_interfaces/share/yhs_can_interfaces/package.dsv
-- Installing: /home/jenter/package/work/install/yhs_can_interfaces/share/ament_index/resource_index/packages/yhs_can_interfaces
-- Installing: /home/jenter/package/work/install/yhs_can_interfaces/share/yhs_can_interfaces/cmake/export_yhs_can_interfaces__rosidl_generator_cExport.cmake
-- Installing: /home/jenter/package/work/install/yhs_can_interfaces/share/yhs_can_interfaces/cmake/export_yhs_can_interfaces__rosidl_generator_cExport-noconfig.cmake
-- Installing: /home/jenter/package/work/install/yhs_can_interfaces/share/yhs_can_interfaces/cmake/export_yhs_can_interfaces__rosidl_typesupport_fastrtps_cExport.cmake
-- Installing: /home/jenter/package/work/install/yhs_can_interfaces/share/yhs_can_interfaces/cmake/export_yhs_can_interfaces__rosidl_typesupport_fastrtps_cExport-noconfig.cmake
-- Installing: /home/jenter/package/work/install/yhs_can_interfaces/share/yhs_can_interfaces/cmake/yhs_can_interfaces__rosidl_typesupport_introspection_cExport.cmake
-- Installing: /home/jenter/package/work/install/yhs_can_interfaces/share/yhs_can_interfaces/cmake/yhs_can_interfaces__rosidl_typesupport_introspection_cExport-noconfig.cmake
-- Installing: /home/jenter/package/work/install/yhs_can_interfaces/share/yhs_can_interfaces/cmake/yhs_can_interfaces__rosidl_typesupport_cExport.cmake
-- Installing: /home/jenter/package/work/install/yhs_can_interfaces/share/yhs_can_interfaces/cmake/yhs_can_interfaces__rosidl_typesupport_cExport-noconfig.cmake
-- Installing: /home/jenter/package/work/install/yhs_can_interfaces/share/yhs_can_interfaces/cmake/export_yhs_can_interfaces__rosidl_generator_cppExport.cmake
-- Installing: /home/jenter/package/work/install/yhs_can_interfaces/share/yhs_can_interfaces/cmake/export_yhs_can_interfaces__rosidl_typesupport_fastrtps_cppExport.cmake
-- Installing: /home/jenter/package/work/install/yhs_can_interfaces/share/yhs_can_interfaces/cmake/export_yhs_can_interfaces__rosidl_typesupport_fastrtps_cppExport-noconfig.cmake
-- Installing: /home/jenter/package/work/install/yhs_can_interfaces/share/yhs_can_interfaces/cmake/yhs_can_interfaces__rosidl_typesupport_introspection_cppExport.cmake
-- Installing: /home/jenter/package/work/install/yhs_can_interfaces/share/yhs_can_interfaces/cmake/yhs_can_interfaces__rosidl_typesupport_introspection_cppExport-noconfig.cmake
-- Installing: /home/jenter/package/work/install/yhs_can_interfaces/share/yhs_can_interfaces/cmake/yhs_can_interfaces__rosidl_typesupport_cppExport.cmake
-- Installing: /home/jenter/package/work/install/yhs_can_interfaces/share/yhs_can_interfaces/cmake/yhs_can_interfaces__rosidl_typesupport_cppExport-noconfig.cmake
-- Installing: /home/jenter/package/work/install/yhs_can_interfaces/share/yhs_can_interfaces/cmake/export_yhs_can_interfaces__rosidl_generator_pyExport.cmake
-- Installing: /home/jenter/package/work/install/yhs_can_interfaces/share/yhs_can_interfaces/cmake/export_yhs_can_interfaces__rosidl_generator_pyExport-noconfig.cmake
-- Installing: /home/jenter/package/work/install/yhs_can_interfaces/share/yhs_can_interfaces/cmake/rosidl_cmake-extras.cmake
-- Installing: /home/jenter/package/work/install/yhs_can_interfaces/share/yhs_can_interfaces/cmake/ament_cmake_export_dependencies-extras.cmake
-- Installing: /home/jenter/package/work/install/yhs_can_interfaces/share/yhs_can_interfaces/cmake/ament_cmake_export_include_directories-extras.cmake
-- Installing: /home/jenter/package/work/install/yhs_can_interfaces/share/yhs_can_interfaces/cmake/ament_cmake_export_libraries-extras.cmake
-- Installing: /home/jenter/package/work/install/yhs_can_interfaces/share/yhs_can_interfaces/cmake/ament_cmake_export_targets-extras.cmake
-- Installing: /home/jenter/package/work/install/yhs_can_interfaces/share/yhs_can_interfaces/cmake/rosidl_cmake_export_typesupport_targets-extras.cmake
-- Installing: /home/jenter/package/work/install/yhs_can_interfaces/share/yhs_can_interfaces/cmake/rosidl_cmake_export_typesupport_libraries-extras.cmake
-- Installing: /home/jenter/package/work/install/yhs_can_interfaces/share/yhs_can_interfaces/cmake/yhs_can_interfacesConfig.cmake
-- Installing: /home/jenter/package/work/install/yhs_can_interfaces/share/yhs_can_interfaces/cmake/yhs_can_interfacesConfig-version.cmake
-- Installing: /home/jenter/package/work/install/yhs_can_interfaces/share/yhs_can_interfaces/package.xml
