[0.016s] Invoking command in '/home/jenter/package/work/build/yhs_can_interfaces': CMAKE_PREFIX_PATH=/opt/ros/humble /usr/bin/cmake /home/jenter/package/work/src/yhs_can_interfaces -DCMAKE_INSTALL_PREFIX=/home/jenter/package/work/install/yhs_can_interfaces
[0.299s] -- The C compiler identification is GNU 11.4.0
[0.483s] -- The CXX compiler identification is GNU 11.4.0
[0.502s] -- Detecting C compiler ABI info
[0.603s] -- Detecting C compiler ABI info - done
[0.614s] -- Check for working C compiler: /usr/bin/cc - skipped
[0.641s] -- Detecting C compile features
[0.643s] -- Detecting C compile features - done
[0.650s] -- Detecting CXX compiler ABI info
[0.755s] -- Detecting CXX compiler ABI info - done
[0.766s] -- Check for working CXX compiler: /usr/bin/c++ - skipped
[0.767s] -- Detecting CXX compile features
[0.767s] -- Detecting CXX compile features - done
[0.784s] -- Found ament_cmake: 1.3.12 (/opt/ros/humble/share/ament_cmake/cmake)
[0.999s] -- Found Python3: /usr/bin/python3 (found version "3.10.12") found components: Interpreter 
[1.156s] -- Found rosidl_default_generators: 1.2.0 (/opt/ros/humble/share/rosidl_default_generators/cmake)
[1.164s] -- Using all available rosidl_typesupport_c: rosidl_typesupport_fastrtps_c;rosidl_typesupport_introspection_c
[1.178s] -- Found rosidl_adapter: 3.1.7 (/opt/ros/humble/share/rosidl_adapter/cmake)
[1.263s] -- Using all available rosidl_typesupport_cpp: rosidl_typesupport_fastrtps_cpp;rosidl_typesupport_introspection_cpp
[1.335s] -- Found std_msgs: 4.9.0 (/opt/ros/humble/share/std_msgs/cmake)
[1.949s] -- Found ament_cmake_ros: 0.10.0 (/opt/ros/humble/share/ament_cmake_ros/cmake)
[2.285s] -- Using all available rosidl_typesupport_c: rosidl_typesupport_fastrtps_c;rosidl_typesupport_introspection_c
[2.748s] -- Using all available rosidl_typesupport_cpp: rosidl_typesupport_fastrtps_cpp;rosidl_typesupport_introspection_cpp
[2.792s] -- Found PythonInterp: /usr/bin/python3 (found suitable version "3.10.12", minimum required is "3.6") 
[2.794s] -- Found python_cmake_module: 0.10.0 (/opt/ros/humble/share/python_cmake_module/cmake)
[2.834s] -- Found PythonLibs: /usr/lib/x86_64-linux-gnu/libpython3.10.so (found suitable version "3.10.12", minimum required is "3.5") 
[2.835s] -- Using PYTHON_EXECUTABLE: /usr/bin/python3
[2.835s] -- Using PYTHON_INCLUDE_DIRS: /usr/include/python3.10
[2.835s] -- Using PYTHON_LIBRARIES: /usr/lib/x86_64-linux-gnu/libpython3.10.so
[2.864s] -- Found PythonExtra: .so  
[2.941s] -- Found ament_lint_auto: 0.12.14 (/opt/ros/humble/share/ament_lint_auto/cmake)
[2.990s] -- Added test 'copyright' to check source files copyright and LICENSE
[2.997s] -- Added test 'lint_cmake' to check CMake code style
[3.000s] -- Added test 'xmllint' to check XML markup files
[3.005s] -- Configuring done
[3.097s] -- Generating done
[3.115s] -- Build files have been written to: /home/jenter/package/work/build/yhs_can_interfaces
[3.123s] Invoked command in '/home/jenter/package/work/build/yhs_can_interfaces' returned '0': CMAKE_PREFIX_PATH=/opt/ros/humble /usr/bin/cmake /home/jenter/package/work/src/yhs_can_interfaces -DCMAKE_INSTALL_PREFIX=/home/jenter/package/work/install/yhs_can_interfaces
[3.126s] Invoking command in '/home/jenter/package/work/build/yhs_can_interfaces': CMAKE_PREFIX_PATH=/opt/ros/humble /usr/bin/cmake --build /home/jenter/package/work/build/yhs_can_interfaces -- -j4 -l4
[3.186s] [  0%] [34m[1mGenerating C code for ROS interfaces[0m
[3.206s] [  0%] [34m[1mGenerating C++ code for ROS interfaces[0m
[3.216s] [  0%] Built target ament_cmake_python_copy_yhs_can_interfaces
[3.707s] running egg_info
[3.708s] creating yhs_can_interfaces.egg-info
[3.709s] writing yhs_can_interfaces.egg-info/PKG-INFO
[3.709s] writing dependency_links to yhs_can_interfaces.egg-info/dependency_links.txt
[3.709s] writing top-level names to yhs_can_interfaces.egg-info/top_level.txt
[3.710s] writing manifest file 'yhs_can_interfaces.egg-info/SOURCES.txt'
[3.715s] reading manifest file 'yhs_can_interfaces.egg-info/SOURCES.txt'
[3.716s] writing manifest file 'yhs_can_interfaces.egg-info/SOURCES.txt'
[3.770s] [  0%] Built target ament_cmake_python_build_yhs_can_interfaces_egg
[6.265s] [  0%] Built target yhs_can_interfaces__cpp
[6.284s] [  2%] [34m[1mGenerating C++ type support dispatch for ROS interfaces[0m
[6.285s] [  2%] [34m[1mGenerating C++ type support for eProsima Fast-RTPS[0m
[6.285s] [  3%] [34m[1mGenerating C++ introspection for ROS interfaces[0m
[6.304s] [  4%] [32mBuilding C object CMakeFiles/yhs_can_interfaces__rosidl_generator_c.dir/rosidl_generator_c/yhs_can_interfaces/msg/detail/bms_flag_fb__functions.c.o[0m
[6.445s] [  4%] [32mBuilding C object CMakeFiles/yhs_can_interfaces__rosidl_generator_c.dir/rosidl_generator_c/yhs_can_interfaces/msg/detail/bms_fb__functions.c.o[0m
[6.543s] [  5%] [32mBuilding C object CMakeFiles/yhs_can_interfaces__rosidl_generator_c.dir/rosidl_generator_c/yhs_can_interfaces/msg/detail/chassis_info_fb__functions.c.o[0m
[6.672s] [  5%] [32mBuilding C object CMakeFiles/yhs_can_interfaces__rosidl_generator_c.dir/rosidl_generator_c/yhs_can_interfaces/msg/detail/ctrl_cmd__functions.c.o[0m
[6.774s] [  6%] [32mBuilding C object CMakeFiles/yhs_can_interfaces__rosidl_generator_c.dir/rosidl_generator_c/yhs_can_interfaces/msg/detail/ctrl_fb__functions.c.o[0m
[6.878s] [  6%] [32mBuilding C object CMakeFiles/yhs_can_interfaces__rosidl_generator_c.dir/rosidl_generator_c/yhs_can_interfaces/msg/detail/steering_ctrl_cmd__functions.c.o[0m
[6.989s] [  7%] [32mBuilding C object CMakeFiles/yhs_can_interfaces__rosidl_generator_c.dir/rosidl_generator_c/yhs_can_interfaces/msg/detail/steering_ctrl_fb__functions.c.o[0m
[7.083s] [  7%] [32mBuilding C object CMakeFiles/yhs_can_interfaces__rosidl_generator_c.dir/rosidl_generator_c/yhs_can_interfaces/msg/detail/front_angle_fb__functions.c.o[0m
[7.176s] [  8%] [32mBuilding C object CMakeFiles/yhs_can_interfaces__rosidl_generator_c.dir/rosidl_generator_c/yhs_can_interfaces/msg/detail/io_cmd__functions.c.o[0m
[7.271s] [  8%] [32mBuilding C object CMakeFiles/yhs_can_interfaces__rosidl_generator_c.dir/rosidl_generator_c/yhs_can_interfaces/msg/detail/io_fb__functions.c.o[0m
[7.372s] [  9%] [32mBuilding C object CMakeFiles/yhs_can_interfaces__rosidl_generator_c.dir/rosidl_generator_c/yhs_can_interfaces/msg/detail/lr_wheel_fb__functions.c.o[0m
[7.467s] [  9%] [32mBuilding C object CMakeFiles/yhs_can_interfaces__rosidl_generator_c.dir/rosidl_generator_c/yhs_can_interfaces/msg/detail/rr_wheel_fb__functions.c.o[0m
[7.562s] [ 10%] [32mBuilding C object CMakeFiles/yhs_can_interfaces__rosidl_generator_c.dir/rosidl_generator_c/yhs_can_interfaces/msg/detail/lf_wheel_fb__functions.c.o[0m
[7.654s] [ 10%] [32mBuilding C object CMakeFiles/yhs_can_interfaces__rosidl_generator_c.dir/rosidl_generator_c/yhs_can_interfaces/msg/detail/rf_wheel_fb__functions.c.o[0m
[7.749s] [ 11%] [32mBuilding C object CMakeFiles/yhs_can_interfaces__rosidl_generator_c.dir/rosidl_generator_c/yhs_can_interfaces/msg/detail/rear_angle_fb__functions.c.o[0m
[7.842s] [ 11%] [32mBuilding C object CMakeFiles/yhs_can_interfaces__rosidl_generator_c.dir/rosidl_generator_c/yhs_can_interfaces/msg/detail/ultrasonic__functions.c.o[0m
[7.938s] [ 12%] [32mBuilding C object CMakeFiles/yhs_can_interfaces__rosidl_generator_c.dir/rosidl_generator_c/yhs_can_interfaces/msg/detail/error_fb__functions.c.o[0m
[8.042s] [ 12%] [32mBuilding C object CMakeFiles/yhs_can_interfaces__rosidl_generator_c.dir/rosidl_generator_c/yhs_can_interfaces/msg/detail/motor_cmd__functions.c.o[0m
[8.142s] [ 13%] [32mBuilding C object CMakeFiles/yhs_can_interfaces__rosidl_generator_c.dir/rosidl_generator_c/yhs_can_interfaces/msg/detail/motor_fb__functions.c.o[0m
[8.250s] [ 14%] [32mBuilding C object CMakeFiles/yhs_can_interfaces__rosidl_generator_c.dir/rosidl_generator_c/yhs_can_interfaces/msg/detail/drive_motor_current_fb__functions.c.o[0m
[8.277s] [ 14%] [32mBuilding CXX object CMakeFiles/yhs_can_interfaces__rosidl_typesupport_cpp.dir/rosidl_typesupport_cpp/yhs_can_interfaces/msg/bms_flag_fb__type_support.cpp.o[0m
[8.358s] [ 14%] [32mBuilding C object CMakeFiles/yhs_can_interfaces__rosidl_generator_c.dir/rosidl_generator_c/yhs_can_interfaces/msg/detail/steering_motor_current_fb__functions.c.o[0m
[8.457s] [ 15%] [32m[1mLinking C shared library libyhs_can_interfaces__rosidl_generator_c.so[0m
[8.546s] [ 15%] Built target yhs_can_interfaces__rosidl_generator_c
[8.565s] [ 16%] [34m[1mGenerating C type support for eProsima Fast-RTPS[0m
[8.975s] [ 17%] [32mBuilding CXX object CMakeFiles/yhs_can_interfaces__rosidl_typesupport_introspection_cpp.dir/rosidl_typesupport_introspection_cpp/yhs_can_interfaces/msg/detail/bms_flag_fb__type_support.cpp.o[0m
[9.067s] [ 18%] [32mBuilding CXX object CMakeFiles/yhs_can_interfaces__rosidl_typesupport_cpp.dir/rosidl_typesupport_cpp/yhs_can_interfaces/msg/bms_fb__type_support.cpp.o[0m
[9.450s] [ 18%] [32mBuilding CXX object CMakeFiles/yhs_can_interfaces__rosidl_typesupport_fastrtps_cpp.dir/rosidl_typesupport_fastrtps_cpp/yhs_can_interfaces/msg/detail/dds_fastrtps/bms_flag_fb__type_support.cpp.o[0m
[9.683s] [ 18%] [32mBuilding CXX object CMakeFiles/yhs_can_interfaces__rosidl_typesupport_cpp.dir/rosidl_typesupport_cpp/yhs_can_interfaces/msg/chassis_info_fb__type_support.cpp.o[0m
[9.883s] [ 18%] [32mBuilding CXX object CMakeFiles/yhs_can_interfaces__rosidl_typesupport_introspection_cpp.dir/rosidl_typesupport_introspection_cpp/yhs_can_interfaces/msg/detail/bms_fb__type_support.cpp.o[0m
[10.336s] [ 19%] [32mBuilding CXX object CMakeFiles/yhs_can_interfaces__rosidl_typesupport_cpp.dir/rosidl_typesupport_cpp/yhs_can_interfaces/msg/ctrl_cmd__type_support.cpp.o[0m
[10.421s] [ 20%] [32mBuilding CXX object CMakeFiles/yhs_can_interfaces__rosidl_typesupport_fastrtps_cpp.dir/rosidl_typesupport_fastrtps_cpp/yhs_can_interfaces/msg/detail/dds_fastrtps/bms_fb__type_support.cpp.o[0m
[10.770s] [ 21%] [32mBuilding CXX object CMakeFiles/yhs_can_interfaces__rosidl_typesupport_introspection_cpp.dir/rosidl_typesupport_introspection_cpp/yhs_can_interfaces/msg/detail/chassis_info_fb__type_support.cpp.o[0m
[10.950s] [ 21%] [32mBuilding CXX object CMakeFiles/yhs_can_interfaces__rosidl_typesupport_cpp.dir/rosidl_typesupport_cpp/yhs_can_interfaces/msg/ctrl_fb__type_support.cpp.o[0m
[11.348s] [ 21%] [32mBuilding CXX object CMakeFiles/yhs_can_interfaces__rosidl_typesupport_fastrtps_cpp.dir/rosidl_typesupport_fastrtps_cpp/yhs_can_interfaces/msg/detail/dds_fastrtps/chassis_info_fb__type_support.cpp.o[0m
[11.592s] [ 22%] [32mBuilding CXX object CMakeFiles/yhs_can_interfaces__rosidl_typesupport_cpp.dir/rosidl_typesupport_cpp/yhs_can_interfaces/msg/steering_ctrl_cmd__type_support.cpp.o[0m
[11.770s] [ 22%] [32mBuilding CXX object CMakeFiles/yhs_can_interfaces__rosidl_typesupport_introspection_cpp.dir/rosidl_typesupport_introspection_cpp/yhs_can_interfaces/msg/detail/ctrl_cmd__type_support.cpp.o[0m
[11.867s] [ 22%] [32mBuilding CXX object CMakeFiles/yhs_can_interfaces__rosidl_typesupport_fastrtps_c.dir/rosidl_typesupport_fastrtps_c/yhs_can_interfaces/msg/detail/bms_flag_fb__type_support_c.cpp.o[0m
[12.214s] [ 22%] [32mBuilding CXX object CMakeFiles/yhs_can_interfaces__rosidl_typesupport_cpp.dir/rosidl_typesupport_cpp/yhs_can_interfaces/msg/steering_ctrl_fb__type_support.cpp.o[0m
[12.356s] [ 23%] [32mBuilding CXX object CMakeFiles/yhs_can_interfaces__rosidl_typesupport_fastrtps_cpp.dir/rosidl_typesupport_fastrtps_cpp/yhs_can_interfaces/msg/detail/dds_fastrtps/ctrl_cmd__type_support.cpp.o[0m
[12.658s] [ 24%] [32mBuilding CXX object CMakeFiles/yhs_can_interfaces__rosidl_typesupport_introspection_cpp.dir/rosidl_typesupport_introspection_cpp/yhs_can_interfaces/msg/detail/ctrl_fb__type_support.cpp.o[0m
[12.694s] [ 25%] [32mBuilding CXX object CMakeFiles/yhs_can_interfaces__rosidl_typesupport_fastrtps_c.dir/rosidl_typesupport_fastrtps_c/yhs_can_interfaces/msg/detail/bms_fb__type_support_c.cpp.o[0m
[12.836s] [ 26%] [32mBuilding CXX object CMakeFiles/yhs_can_interfaces__rosidl_typesupport_cpp.dir/rosidl_typesupport_cpp/yhs_can_interfaces/msg/front_angle_fb__type_support.cpp.o[0m
[13.296s] [ 26%] [32mBuilding CXX object CMakeFiles/yhs_can_interfaces__rosidl_typesupport_fastrtps_cpp.dir/rosidl_typesupport_fastrtps_cpp/yhs_can_interfaces/msg/detail/dds_fastrtps/ctrl_fb__type_support.cpp.o[0m
[13.464s] [ 26%] [32mBuilding CXX object CMakeFiles/yhs_can_interfaces__rosidl_typesupport_cpp.dir/rosidl_typesupport_cpp/yhs_can_interfaces/msg/io_cmd__type_support.cpp.o[0m
[13.494s] [ 26%] [32mBuilding CXX object CMakeFiles/yhs_can_interfaces__rosidl_typesupport_fastrtps_c.dir/rosidl_typesupport_fastrtps_c/yhs_can_interfaces/msg/detail/chassis_info_fb__type_support_c.cpp.o[0m
[13.539s] [ 26%] [32mBuilding CXX object CMakeFiles/yhs_can_interfaces__rosidl_typesupport_introspection_cpp.dir/rosidl_typesupport_introspection_cpp/yhs_can_interfaces/msg/detail/steering_ctrl_cmd__type_support.cpp.o[0m
[14.086s] [ 27%] [32mBuilding CXX object CMakeFiles/yhs_can_interfaces__rosidl_typesupport_cpp.dir/rosidl_typesupport_cpp/yhs_can_interfaces/msg/io_fb__type_support.cpp.o[0m
[14.241s] [ 28%] [32mBuilding CXX object CMakeFiles/yhs_can_interfaces__rosidl_typesupport_fastrtps_cpp.dir/rosidl_typesupport_fastrtps_cpp/yhs_can_interfaces/msg/detail/dds_fastrtps/steering_ctrl_cmd__type_support.cpp.o[0m
[14.342s] [ 29%] [32mBuilding CXX object CMakeFiles/yhs_can_interfaces__rosidl_typesupport_fastrtps_c.dir/rosidl_typesupport_fastrtps_c/yhs_can_interfaces/msg/detail/ctrl_cmd__type_support_c.cpp.o[0m
[14.426s] [ 30%] [32mBuilding CXX object CMakeFiles/yhs_can_interfaces__rosidl_typesupport_introspection_cpp.dir/rosidl_typesupport_introspection_cpp/yhs_can_interfaces/msg/detail/steering_ctrl_fb__type_support.cpp.o[0m
[14.712s] [ 30%] [32mBuilding CXX object CMakeFiles/yhs_can_interfaces__rosidl_typesupport_cpp.dir/rosidl_typesupport_cpp/yhs_can_interfaces/msg/lr_wheel_fb__type_support.cpp.o[0m
[15.142s] [ 30%] [32mBuilding CXX object CMakeFiles/yhs_can_interfaces__rosidl_typesupport_fastrtps_c.dir/rosidl_typesupport_fastrtps_c/yhs_can_interfaces/msg/detail/ctrl_fb__type_support_c.cpp.o[0m
[15.188s] [ 31%] [32mBuilding CXX object CMakeFiles/yhs_can_interfaces__rosidl_typesupport_fastrtps_cpp.dir/rosidl_typesupport_fastrtps_cpp/yhs_can_interfaces/msg/detail/dds_fastrtps/steering_ctrl_fb__type_support.cpp.o[0m
[15.312s] [ 31%] [32mBuilding CXX object CMakeFiles/yhs_can_interfaces__rosidl_typesupport_introspection_cpp.dir/rosidl_typesupport_introspection_cpp/yhs_can_interfaces/msg/detail/front_angle_fb__type_support.cpp.o[0m
[15.339s] [ 32%] [32mBuilding CXX object CMakeFiles/yhs_can_interfaces__rosidl_typesupport_cpp.dir/rosidl_typesupport_cpp/yhs_can_interfaces/msg/rr_wheel_fb__type_support.cpp.o[0m
[15.931s] [ 33%] [32mBuilding CXX object CMakeFiles/yhs_can_interfaces__rosidl_typesupport_fastrtps_c.dir/rosidl_typesupport_fastrtps_c/yhs_can_interfaces/msg/detail/steering_ctrl_cmd__type_support_c.cpp.o[0m
[15.963s] [ 34%] [32mBuilding CXX object CMakeFiles/yhs_can_interfaces__rosidl_typesupport_cpp.dir/rosidl_typesupport_cpp/yhs_can_interfaces/msg/lf_wheel_fb__type_support.cpp.o[0m
[16.136s] [ 34%] [32mBuilding CXX object CMakeFiles/yhs_can_interfaces__rosidl_typesupport_fastrtps_cpp.dir/rosidl_typesupport_fastrtps_cpp/yhs_can_interfaces/msg/detail/dds_fastrtps/front_angle_fb__type_support.cpp.o[0m
[16.193s] [ 35%] [32mBuilding CXX object CMakeFiles/yhs_can_interfaces__rosidl_typesupport_introspection_cpp.dir/rosidl_typesupport_introspection_cpp/yhs_can_interfaces/msg/detail/io_cmd__type_support.cpp.o[0m
[16.580s] [ 35%] [32mBuilding CXX object CMakeFiles/yhs_can_interfaces__rosidl_typesupport_cpp.dir/rosidl_typesupport_cpp/yhs_can_interfaces/msg/rf_wheel_fb__type_support.cpp.o[0m
[16.715s] [ 35%] [32mBuilding CXX object CMakeFiles/yhs_can_interfaces__rosidl_typesupport_fastrtps_c.dir/rosidl_typesupport_fastrtps_c/yhs_can_interfaces/msg/detail/steering_ctrl_fb__type_support_c.cpp.o[0m
[17.066s] [ 36%] [32mBuilding CXX object CMakeFiles/yhs_can_interfaces__rosidl_typesupport_fastrtps_cpp.dir/rosidl_typesupport_fastrtps_cpp/yhs_can_interfaces/msg/detail/dds_fastrtps/io_cmd__type_support.cpp.o[0m
[17.092s] [ 36%] [32mBuilding CXX object CMakeFiles/yhs_can_interfaces__rosidl_typesupport_introspection_cpp.dir/rosidl_typesupport_introspection_cpp/yhs_can_interfaces/msg/detail/io_fb__type_support.cpp.o[0m
[17.203s] [ 37%] [32mBuilding CXX object CMakeFiles/yhs_can_interfaces__rosidl_typesupport_cpp.dir/rosidl_typesupport_cpp/yhs_can_interfaces/msg/rear_angle_fb__type_support.cpp.o[0m
[17.506s] [ 38%] [32mBuilding CXX object CMakeFiles/yhs_can_interfaces__rosidl_typesupport_fastrtps_c.dir/rosidl_typesupport_fastrtps_c/yhs_can_interfaces/msg/detail/front_angle_fb__type_support_c.cpp.o[0m
[17.830s] [ 38%] [32mBuilding CXX object CMakeFiles/yhs_can_interfaces__rosidl_typesupport_cpp.dir/rosidl_typesupport_cpp/yhs_can_interfaces/msg/ultrasonic__type_support.cpp.o[0m
[17.987s] [ 39%] [32mBuilding CXX object CMakeFiles/yhs_can_interfaces__rosidl_typesupport_introspection_cpp.dir/rosidl_typesupport_introspection_cpp/yhs_can_interfaces/msg/detail/lr_wheel_fb__type_support.cpp.o[0m
[18.009s] [ 39%] [32mBuilding CXX object CMakeFiles/yhs_can_interfaces__rosidl_typesupport_fastrtps_cpp.dir/rosidl_typesupport_fastrtps_cpp/yhs_can_interfaces/msg/detail/dds_fastrtps/io_fb__type_support.cpp.o[0m
[18.288s] [ 39%] [32mBuilding CXX object CMakeFiles/yhs_can_interfaces__rosidl_typesupport_fastrtps_c.dir/rosidl_typesupport_fastrtps_c/yhs_can_interfaces/msg/detail/io_cmd__type_support_c.cpp.o[0m
[18.450s] [ 40%] [32mBuilding CXX object CMakeFiles/yhs_can_interfaces__rosidl_typesupport_cpp.dir/rosidl_typesupport_cpp/yhs_can_interfaces/msg/error_fb__type_support.cpp.o[0m
[18.869s] [ 40%] [32mBuilding CXX object CMakeFiles/yhs_can_interfaces__rosidl_typesupport_introspection_cpp.dir/rosidl_typesupport_introspection_cpp/yhs_can_interfaces/msg/detail/rr_wheel_fb__type_support.cpp.o[0m
[19.004s] [ 41%] [32mBuilding CXX object CMakeFiles/yhs_can_interfaces__rosidl_typesupport_fastrtps_cpp.dir/rosidl_typesupport_fastrtps_cpp/yhs_can_interfaces/msg/detail/dds_fastrtps/lr_wheel_fb__type_support.cpp.o[0m
[19.078s] [ 41%] [32mBuilding CXX object CMakeFiles/yhs_can_interfaces__rosidl_typesupport_cpp.dir/rosidl_typesupport_cpp/yhs_can_interfaces/msg/motor_cmd__type_support.cpp.o[0m
[19.092s] [ 42%] [32mBuilding CXX object CMakeFiles/yhs_can_interfaces__rosidl_typesupport_fastrtps_c.dir/rosidl_typesupport_fastrtps_c/yhs_can_interfaces/msg/detail/io_fb__type_support_c.cpp.o[0m
[19.703s] [ 43%] [32mBuilding CXX object CMakeFiles/yhs_can_interfaces__rosidl_typesupport_cpp.dir/rosidl_typesupport_cpp/yhs_can_interfaces/msg/motor_fb__type_support.cpp.o[0m
[19.757s] [ 44%] [32mBuilding CXX object CMakeFiles/yhs_can_interfaces__rosidl_typesupport_introspection_cpp.dir/rosidl_typesupport_introspection_cpp/yhs_can_interfaces/msg/detail/lf_wheel_fb__type_support.cpp.o[0m
[19.925s] [ 45%] [32mBuilding CXX object CMakeFiles/yhs_can_interfaces__rosidl_typesupport_fastrtps_c.dir/rosidl_typesupport_fastrtps_c/yhs_can_interfaces/msg/detail/lr_wheel_fb__type_support_c.cpp.o[0m
[19.940s] [ 45%] [32mBuilding CXX object CMakeFiles/yhs_can_interfaces__rosidl_typesupport_fastrtps_cpp.dir/rosidl_typesupport_fastrtps_cpp/yhs_can_interfaces/msg/detail/dds_fastrtps/rr_wheel_fb__type_support.cpp.o[0m
[20.318s] [ 45%] [32mBuilding CXX object CMakeFiles/yhs_can_interfaces__rosidl_typesupport_cpp.dir/rosidl_typesupport_cpp/yhs_can_interfaces/msg/drive_motor_current_fb__type_support.cpp.o[0m
[20.643s] [ 45%] [32mBuilding CXX object CMakeFiles/yhs_can_interfaces__rosidl_typesupport_introspection_cpp.dir/rosidl_typesupport_introspection_cpp/yhs_can_interfaces/msg/detail/rf_wheel_fb__type_support.cpp.o[0m
[20.719s] [ 45%] [32mBuilding CXX object CMakeFiles/yhs_can_interfaces__rosidl_typesupport_fastrtps_c.dir/rosidl_typesupport_fastrtps_c/yhs_can_interfaces/msg/detail/rr_wheel_fb__type_support_c.cpp.o[0m
[20.879s] [ 46%] [32mBuilding CXX object CMakeFiles/yhs_can_interfaces__rosidl_typesupport_fastrtps_cpp.dir/rosidl_typesupport_fastrtps_cpp/yhs_can_interfaces/msg/detail/dds_fastrtps/lf_wheel_fb__type_support.cpp.o[0m
[20.939s] [ 47%] [32mBuilding CXX object CMakeFiles/yhs_can_interfaces__rosidl_typesupport_cpp.dir/rosidl_typesupport_cpp/yhs_can_interfaces/msg/steering_motor_current_fb__type_support.cpp.o[0m
[21.512s] [ 48%] [32mBuilding CXX object CMakeFiles/yhs_can_interfaces__rosidl_typesupport_fastrtps_c.dir/rosidl_typesupport_fastrtps_c/yhs_can_interfaces/msg/detail/lf_wheel_fb__type_support_c.cpp.o[0m
[21.527s] [ 49%] [32mBuilding CXX object CMakeFiles/yhs_can_interfaces__rosidl_typesupport_introspection_cpp.dir/rosidl_typesupport_introspection_cpp/yhs_can_interfaces/msg/detail/rear_angle_fb__type_support.cpp.o[0m
[21.566s] [ 49%] [32m[1mLinking CXX shared library libyhs_can_interfaces__rosidl_typesupport_cpp.so[0m
[21.668s] [ 49%] Built target yhs_can_interfaces__rosidl_typesupport_cpp
[21.688s] [ 50%] [34m[1mGenerating C introspection for ROS interfaces[0m
[21.832s] [ 50%] [32mBuilding CXX object CMakeFiles/yhs_can_interfaces__rosidl_typesupport_fastrtps_cpp.dir/rosidl_typesupport_fastrtps_cpp/yhs_can_interfaces/msg/detail/dds_fastrtps/rf_wheel_fb__type_support.cpp.o[0m
[22.313s] [ 50%] [32mBuilding CXX object CMakeFiles/yhs_can_interfaces__rosidl_typesupport_fastrtps_c.dir/rosidl_typesupport_fastrtps_c/yhs_can_interfaces/msg/detail/rf_wheel_fb__type_support_c.cpp.o[0m
[22.416s] [ 50%] [32mBuilding CXX object CMakeFiles/yhs_can_interfaces__rosidl_typesupport_introspection_cpp.dir/rosidl_typesupport_introspection_cpp/yhs_can_interfaces/msg/detail/ultrasonic__type_support.cpp.o[0m
[22.754s] [ 51%] [32mBuilding CXX object CMakeFiles/yhs_can_interfaces__rosidl_typesupport_fastrtps_cpp.dir/rosidl_typesupport_fastrtps_cpp/yhs_can_interfaces/msg/detail/dds_fastrtps/rear_angle_fb__type_support.cpp.o[0m
[23.088s] [ 52%] [32mBuilding CXX object CMakeFiles/yhs_can_interfaces__rosidl_typesupport_fastrtps_c.dir/rosidl_typesupport_fastrtps_c/yhs_can_interfaces/msg/detail/rear_angle_fb__type_support_c.cpp.o[0m
[23.288s] [ 53%] [32mBuilding CXX object CMakeFiles/yhs_can_interfaces__rosidl_typesupport_introspection_cpp.dir/rosidl_typesupport_introspection_cpp/yhs_can_interfaces/msg/detail/error_fb__type_support.cpp.o[0m
[23.676s] [ 53%] [32mBuilding CXX object CMakeFiles/yhs_can_interfaces__rosidl_typesupport_fastrtps_cpp.dir/rosidl_typesupport_fastrtps_cpp/yhs_can_interfaces/msg/detail/dds_fastrtps/ultrasonic__type_support.cpp.o[0m
[23.863s] [ 53%] [32mBuilding CXX object CMakeFiles/yhs_can_interfaces__rosidl_typesupport_fastrtps_c.dir/rosidl_typesupport_fastrtps_c/yhs_can_interfaces/msg/detail/ultrasonic__type_support_c.cpp.o[0m
[24.168s] [ 53%] [32mBuilding CXX object CMakeFiles/yhs_can_interfaces__rosidl_typesupport_introspection_cpp.dir/rosidl_typesupport_introspection_cpp/yhs_can_interfaces/msg/detail/motor_cmd__type_support.cpp.o[0m
[24.625s] [ 54%] [32mBuilding CXX object CMakeFiles/yhs_can_interfaces__rosidl_typesupport_fastrtps_cpp.dir/rosidl_typesupport_fastrtps_cpp/yhs_can_interfaces/msg/detail/dds_fastrtps/error_fb__type_support.cpp.o[0m
[24.667s] [ 55%] [32mBuilding CXX object CMakeFiles/yhs_can_interfaces__rosidl_typesupport_fastrtps_c.dir/rosidl_typesupport_fastrtps_c/yhs_can_interfaces/msg/detail/error_fb__type_support_c.cpp.o[0m
[24.725s] [ 55%] [32mBuilding C object CMakeFiles/yhs_can_interfaces__rosidl_typesupport_introspection_c.dir/rosidl_typesupport_introspection_c/yhs_can_interfaces/msg/detail/bms_flag_fb__type_support.c.o[0m
[24.799s] [ 56%] [32mBuilding C object CMakeFiles/yhs_can_interfaces__rosidl_typesupport_introspection_c.dir/rosidl_typesupport_introspection_c/yhs_can_interfaces/msg/detail/bms_fb__type_support.c.o[0m
[24.879s] [ 56%] [32mBuilding C object CMakeFiles/yhs_can_interfaces__rosidl_typesupport_introspection_c.dir/rosidl_typesupport_introspection_c/yhs_can_interfaces/msg/detail/chassis_info_fb__type_support.c.o[0m
[24.972s] [ 57%] [32mBuilding C object CMakeFiles/yhs_can_interfaces__rosidl_typesupport_introspection_c.dir/rosidl_typesupport_introspection_c/yhs_can_interfaces/msg/detail/ctrl_cmd__type_support.c.o[0m
[25.051s] [ 58%] [32mBuilding C object CMakeFiles/yhs_can_interfaces__rosidl_typesupport_introspection_c.dir/rosidl_typesupport_introspection_c/yhs_can_interfaces/msg/detail/ctrl_fb__type_support.c.o[0m
[25.072s] [ 59%] [32mBuilding CXX object CMakeFiles/yhs_can_interfaces__rosidl_typesupport_introspection_cpp.dir/rosidl_typesupport_introspection_cpp/yhs_can_interfaces/msg/detail/motor_fb__type_support.cpp.o[0m
[25.117s] [ 59%] [32mBuilding C object CMakeFiles/yhs_can_interfaces__rosidl_typesupport_introspection_c.dir/rosidl_typesupport_introspection_c/yhs_can_interfaces/msg/detail/steering_ctrl_cmd__type_support.c.o[0m
[25.198s] [ 60%] [32mBuilding C object CMakeFiles/yhs_can_interfaces__rosidl_typesupport_introspection_c.dir/rosidl_typesupport_introspection_c/yhs_can_interfaces/msg/detail/steering_ctrl_fb__type_support.c.o[0m
[25.266s] [ 60%] [32mBuilding C object CMakeFiles/yhs_can_interfaces__rosidl_typesupport_introspection_c.dir/rosidl_typesupport_introspection_c/yhs_can_interfaces/msg/detail/front_angle_fb__type_support.c.o[0m
[25.347s] [ 61%] [32mBuilding C object CMakeFiles/yhs_can_interfaces__rosidl_typesupport_introspection_c.dir/rosidl_typesupport_introspection_c/yhs_can_interfaces/msg/detail/io_cmd__type_support.c.o[0m
[25.415s] [ 61%] [32mBuilding C object CMakeFiles/yhs_can_interfaces__rosidl_typesupport_introspection_c.dir/rosidl_typesupport_introspection_c/yhs_can_interfaces/msg/detail/io_fb__type_support.c.o[0m
[25.465s] [ 61%] [32mBuilding CXX object CMakeFiles/yhs_can_interfaces__rosidl_typesupport_fastrtps_c.dir/rosidl_typesupport_fastrtps_c/yhs_can_interfaces/msg/detail/motor_cmd__type_support_c.cpp.o[0m
[25.486s] [ 62%] [32mBuilding C object CMakeFiles/yhs_can_interfaces__rosidl_typesupport_introspection_c.dir/rosidl_typesupport_introspection_c/yhs_can_interfaces/msg/detail/lr_wheel_fb__type_support.c.o[0m
[25.548s] [ 62%] [32mBuilding CXX object CMakeFiles/yhs_can_interfaces__rosidl_typesupport_fastrtps_cpp.dir/rosidl_typesupport_fastrtps_cpp/yhs_can_interfaces/msg/detail/dds_fastrtps/motor_cmd__type_support.cpp.o[0m
[25.550s] [ 62%] [32mBuilding C object CMakeFiles/yhs_can_interfaces__rosidl_typesupport_introspection_c.dir/rosidl_typesupport_introspection_c/yhs_can_interfaces/msg/detail/rr_wheel_fb__type_support.c.o[0m
[25.626s] [ 63%] [32mBuilding C object CMakeFiles/yhs_can_interfaces__rosidl_typesupport_introspection_c.dir/rosidl_typesupport_introspection_c/yhs_can_interfaces/msg/detail/lf_wheel_fb__type_support.c.o[0m
[25.691s] [ 63%] [32mBuilding C object CMakeFiles/yhs_can_interfaces__rosidl_typesupport_introspection_c.dir/rosidl_typesupport_introspection_c/yhs_can_interfaces/msg/detail/rf_wheel_fb__type_support.c.o[0m
[25.775s] [ 64%] [32mBuilding C object CMakeFiles/yhs_can_interfaces__rosidl_typesupport_introspection_c.dir/rosidl_typesupport_introspection_c/yhs_can_interfaces/msg/detail/rear_angle_fb__type_support.c.o[0m
[25.844s] [ 64%] [32mBuilding C object CMakeFiles/yhs_can_interfaces__rosidl_typesupport_introspection_c.dir/rosidl_typesupport_introspection_c/yhs_can_interfaces/msg/detail/ultrasonic__type_support.c.o[0m
[25.927s] [ 65%] [32mBuilding C object CMakeFiles/yhs_can_interfaces__rosidl_typesupport_introspection_c.dir/rosidl_typesupport_introspection_c/yhs_can_interfaces/msg/detail/error_fb__type_support.c.o[0m
[25.973s] [ 65%] [32mBuilding CXX object CMakeFiles/yhs_can_interfaces__rosidl_typesupport_introspection_cpp.dir/rosidl_typesupport_introspection_cpp/yhs_can_interfaces/msg/detail/drive_motor_current_fb__type_support.cpp.o[0m
[25.994s] [ 65%] [32mBuilding C object CMakeFiles/yhs_can_interfaces__rosidl_typesupport_introspection_c.dir/rosidl_typesupport_introspection_c/yhs_can_interfaces/msg/detail/motor_cmd__type_support.c.o[0m
[26.074s] [ 66%] [32mBuilding C object CMakeFiles/yhs_can_interfaces__rosidl_typesupport_introspection_c.dir/rosidl_typesupport_introspection_c/yhs_can_interfaces/msg/detail/motor_fb__type_support.c.o[0m
[26.141s] [ 66%] [32mBuilding C object CMakeFiles/yhs_can_interfaces__rosidl_typesupport_introspection_c.dir/rosidl_typesupport_introspection_c/yhs_can_interfaces/msg/detail/drive_motor_current_fb__type_support.c.o[0m
[26.222s] [ 67%] [32mBuilding C object CMakeFiles/yhs_can_interfaces__rosidl_typesupport_introspection_c.dir/rosidl_typesupport_introspection_c/yhs_can_interfaces/msg/detail/steering_motor_current_fb__type_support.c.o[0m
[26.266s] [ 68%] [32mBuilding CXX object CMakeFiles/yhs_can_interfaces__rosidl_typesupport_fastrtps_c.dir/rosidl_typesupport_fastrtps_c/yhs_can_interfaces/msg/detail/motor_fb__type_support_c.cpp.o[0m
[26.290s] [ 68%] [32m[1mLinking C shared library libyhs_can_interfaces__rosidl_typesupport_introspection_c.so[0m
[26.368s] [ 68%] Built target yhs_can_interfaces__rosidl_typesupport_introspection_c
[26.389s] [ 69%] [34m[1mGenerating C type support dispatch for ROS interfaces[0m
[26.489s] [ 70%] [32mBuilding CXX object CMakeFiles/yhs_can_interfaces__rosidl_typesupport_fastrtps_cpp.dir/rosidl_typesupport_fastrtps_cpp/yhs_can_interfaces/msg/detail/dds_fastrtps/motor_fb__type_support.cpp.o[0m
[26.857s] [ 71%] [32mBuilding CXX object CMakeFiles/yhs_can_interfaces__rosidl_typesupport_introspection_cpp.dir/rosidl_typesupport_introspection_cpp/yhs_can_interfaces/msg/detail/steering_motor_current_fb__type_support.cpp.o[0m
[27.069s] [ 71%] [32mBuilding CXX object CMakeFiles/yhs_can_interfaces__rosidl_typesupport_fastrtps_c.dir/rosidl_typesupport_fastrtps_c/yhs_can_interfaces/msg/detail/drive_motor_current_fb__type_support_c.cpp.o[0m
[27.412s] [ 71%] [32mBuilding CXX object CMakeFiles/yhs_can_interfaces__rosidl_typesupport_fastrtps_cpp.dir/rosidl_typesupport_fastrtps_cpp/yhs_can_interfaces/msg/detail/dds_fastrtps/drive_motor_current_fb__type_support.cpp.o[0m
[27.736s] [ 72%] [32m[1mLinking CXX shared library libyhs_can_interfaces__rosidl_typesupport_introspection_cpp.so[0m
[27.885s] [ 73%] [32mBuilding CXX object CMakeFiles/yhs_can_interfaces__rosidl_typesupport_fastrtps_c.dir/rosidl_typesupport_fastrtps_c/yhs_can_interfaces/msg/detail/steering_motor_current_fb__type_support_c.cpp.o[0m
[27.897s] [ 73%] Built target yhs_can_interfaces__rosidl_typesupport_introspection_cpp
[27.913s] [ 74%] [32mBuilding CXX object CMakeFiles/yhs_can_interfaces__rosidl_typesupport_fastrtps_cpp.dir/rosidl_typesupport_fastrtps_cpp/yhs_can_interfaces/msg/detail/dds_fastrtps/steering_motor_current_fb__type_support.cpp.o[0m
[28.453s] [ 75%] [32mBuilding CXX object CMakeFiles/yhs_can_interfaces__rosidl_typesupport_c.dir/rosidl_typesupport_c/yhs_can_interfaces/msg/bms_fb__type_support.cpp.o[0m
[28.454s] [ 75%] [32mBuilding CXX object CMakeFiles/yhs_can_interfaces__rosidl_typesupport_c.dir/rosidl_typesupport_c/yhs_can_interfaces/msg/bms_flag_fb__type_support.cpp.o[0m
[28.518s] [ 76%] [32mBuilding CXX object CMakeFiles/yhs_can_interfaces__rosidl_typesupport_c.dir/rosidl_typesupport_c/yhs_can_interfaces/msg/chassis_info_fb__type_support.cpp.o[0m
[28.518s] [ 76%] [32mBuilding CXX object CMakeFiles/yhs_can_interfaces__rosidl_typesupport_c.dir/rosidl_typesupport_c/yhs_can_interfaces/msg/ctrl_cmd__type_support.cpp.o[0m
[28.578s] [ 76%] [32mBuilding CXX object CMakeFiles/yhs_can_interfaces__rosidl_typesupport_c.dir/rosidl_typesupport_c/yhs_can_interfaces/msg/ctrl_fb__type_support.cpp.o[0m
[28.586s] [ 77%] [32mBuilding CXX object CMakeFiles/yhs_can_interfaces__rosidl_typesupport_c.dir/rosidl_typesupport_c/yhs_can_interfaces/msg/steering_ctrl_cmd__type_support.cpp.o[0m
[28.639s] [ 77%] [32mBuilding CXX object CMakeFiles/yhs_can_interfaces__rosidl_typesupport_c.dir/rosidl_typesupport_c/yhs_can_interfaces/msg/steering_ctrl_fb__type_support.cpp.o[0m
[28.645s] [ 78%] [32mBuilding CXX object CMakeFiles/yhs_can_interfaces__rosidl_typesupport_c.dir/rosidl_typesupport_c/yhs_can_interfaces/msg/front_angle_fb__type_support.cpp.o[0m
[28.681s] [ 78%] [32m[1mLinking CXX shared library libyhs_can_interfaces__rosidl_typesupport_fastrtps_c.so[0m
[28.701s] [ 78%] [32mBuilding CXX object CMakeFiles/yhs_can_interfaces__rosidl_typesupport_c.dir/rosidl_typesupport_c/yhs_can_interfaces/msg/io_cmd__type_support.cpp.o[0m
[28.703s] [ 79%] [32mBuilding CXX object CMakeFiles/yhs_can_interfaces__rosidl_typesupport_c.dir/rosidl_typesupport_c/yhs_can_interfaces/msg/io_fb__type_support.cpp.o[0m
[28.763s] [ 80%] [32mBuilding CXX object CMakeFiles/yhs_can_interfaces__rosidl_typesupport_c.dir/rosidl_typesupport_c/yhs_can_interfaces/msg/lr_wheel_fb__type_support.cpp.o[0m
[28.763s] [ 80%] [32mBuilding CXX object CMakeFiles/yhs_can_interfaces__rosidl_typesupport_c.dir/rosidl_typesupport_c/yhs_can_interfaces/msg/rr_wheel_fb__type_support.cpp.o[0m
[28.846s] [ 80%] [32mBuilding CXX object CMakeFiles/yhs_can_interfaces__rosidl_typesupport_c.dir/rosidl_typesupport_c/yhs_can_interfaces/msg/lf_wheel_fb__type_support.cpp.o[0m
[28.848s] [ 81%] [32mBuilding CXX object CMakeFiles/yhs_can_interfaces__rosidl_typesupport_c.dir/rosidl_typesupport_c/yhs_can_interfaces/msg/rf_wheel_fb__type_support.cpp.o[0m
[28.858s] [ 81%] [32m[1mLinking CXX shared library libyhs_can_interfaces__rosidl_typesupport_fastrtps_cpp.so[0m
[28.873s] [ 81%] Built target yhs_can_interfaces__rosidl_typesupport_fastrtps_c
[28.888s] [ 81%] [32mBuilding CXX object CMakeFiles/yhs_can_interfaces__rosidl_typesupport_c.dir/rosidl_typesupport_c/yhs_can_interfaces/msg/rear_angle_fb__type_support.cpp.o[0m
[28.904s] [ 82%] [32mBuilding CXX object CMakeFiles/yhs_can_interfaces__rosidl_typesupport_c.dir/rosidl_typesupport_c/yhs_can_interfaces/msg/ultrasonic__type_support.cpp.o[0m
[28.906s] [ 83%] [32mBuilding CXX object CMakeFiles/yhs_can_interfaces__rosidl_typesupport_c.dir/rosidl_typesupport_c/yhs_can_interfaces/msg/error_fb__type_support.cpp.o[0m
[28.950s] [ 83%] [32mBuilding CXX object CMakeFiles/yhs_can_interfaces__rosidl_typesupport_c.dir/rosidl_typesupport_c/yhs_can_interfaces/msg/motor_cmd__type_support.cpp.o[0m
[28.966s] [ 84%] [32mBuilding CXX object CMakeFiles/yhs_can_interfaces__rosidl_typesupport_c.dir/rosidl_typesupport_c/yhs_can_interfaces/msg/motor_fb__type_support.cpp.o[0m
[28.968s] [ 84%] [32mBuilding CXX object CMakeFiles/yhs_can_interfaces__rosidl_typesupport_c.dir/rosidl_typesupport_c/yhs_can_interfaces/msg/drive_motor_current_fb__type_support.cpp.o[0m
[29.014s] [ 85%] [32mBuilding CXX object CMakeFiles/yhs_can_interfaces__rosidl_typesupport_c.dir/rosidl_typesupport_c/yhs_can_interfaces/msg/steering_motor_current_fb__type_support.cpp.o[0m
[29.049s] [ 85%] Built target yhs_can_interfaces__rosidl_typesupport_fastrtps_cpp
[29.062s] [ 85%] [32m[1mLinking CXX shared library libyhs_can_interfaces__rosidl_typesupport_c.so[0m
[29.120s] [ 85%] Built target yhs_can_interfaces__rosidl_typesupport_c
[29.143s] [ 85%] Built target yhs_can_interfaces
[29.167s] [ 86%] [34m[1mGenerating Python code for ROS interfaces[0m
[32.529s] [ 86%] Built target yhs_can_interfaces__py
[32.557s] [ 88%] [32mBuilding C object CMakeFiles/yhs_can_interfaces__rosidl_generator_py.dir/rosidl_generator_py/yhs_can_interfaces/msg/_ctrl_cmd_s.c.o[0m
[32.558s] [ 88%] [32mBuilding C object CMakeFiles/yhs_can_interfaces__rosidl_generator_py.dir/rosidl_generator_py/yhs_can_interfaces/msg/_bms_fb_s.c.o[0m
[32.558s] [ 88%] [32mBuilding C object CMakeFiles/yhs_can_interfaces__rosidl_generator_py.dir/rosidl_generator_py/yhs_can_interfaces/msg/_bms_flag_fb_s.c.o[0m
[32.558s] [ 88%] [32mBuilding C object CMakeFiles/yhs_can_interfaces__rosidl_generator_py.dir/rosidl_generator_py/yhs_can_interfaces/msg/_chassis_info_fb_s.c.o[0m
[32.829s] [ 88%] [32mBuilding C object CMakeFiles/yhs_can_interfaces__rosidl_generator_py.dir/rosidl_generator_py/yhs_can_interfaces/msg/_ctrl_fb_s.c.o[0m
[32.837s] [ 89%] [32mBuilding C object CMakeFiles/yhs_can_interfaces__rosidl_generator_py.dir/rosidl_generator_py/yhs_can_interfaces/msg/_steering_ctrl_cmd_s.c.o[0m
[32.847s] [ 89%] [32mBuilding C object CMakeFiles/yhs_can_interfaces__rosidl_generator_py.dir/rosidl_generator_py/yhs_can_interfaces/msg/_steering_ctrl_fb_s.c.o[0m
[32.850s] [ 90%] [32mBuilding C object CMakeFiles/yhs_can_interfaces__rosidl_generator_py.dir/rosidl_generator_py/yhs_can_interfaces/msg/_front_angle_fb_s.c.o[0m
[33.048s] [ 90%] [32mBuilding C object CMakeFiles/yhs_can_interfaces__rosidl_generator_py.dir/rosidl_generator_py/yhs_can_interfaces/msg/_io_cmd_s.c.o[0m
[33.057s] [ 91%] [32mBuilding C object CMakeFiles/yhs_can_interfaces__rosidl_generator_py.dir/rosidl_generator_py/yhs_can_interfaces/msg/_io_fb_s.c.o[0m
[33.062s] [ 92%] [32mBuilding C object CMakeFiles/yhs_can_interfaces__rosidl_generator_py.dir/rosidl_generator_py/yhs_can_interfaces/msg/_lr_wheel_fb_s.c.o[0m
[33.063s] [ 92%] [32mBuilding C object CMakeFiles/yhs_can_interfaces__rosidl_generator_py.dir/rosidl_generator_py/yhs_can_interfaces/msg/_rr_wheel_fb_s.c.o[0m
[33.275s] [ 92%] [32mBuilding C object CMakeFiles/yhs_can_interfaces__rosidl_generator_py.dir/rosidl_generator_py/yhs_can_interfaces/msg/_lf_wheel_fb_s.c.o[0m
[33.275s] [ 93%] [32mBuilding C object CMakeFiles/yhs_can_interfaces__rosidl_generator_py.dir/rosidl_generator_py/yhs_can_interfaces/msg/_rf_wheel_fb_s.c.o[0m
[33.283s] [ 93%] [32mBuilding C object CMakeFiles/yhs_can_interfaces__rosidl_generator_py.dir/rosidl_generator_py/yhs_can_interfaces/msg/_rear_angle_fb_s.c.o[0m
[33.313s] [ 94%] [32mBuilding C object CMakeFiles/yhs_can_interfaces__rosidl_generator_py.dir/rosidl_generator_py/yhs_can_interfaces/msg/_ultrasonic_s.c.o[0m
[33.488s] [ 95%] [32mBuilding C object CMakeFiles/yhs_can_interfaces__rosidl_generator_py.dir/rosidl_generator_py/yhs_can_interfaces/msg/_error_fb_s.c.o[0m
[33.488s] [ 95%] [32mBuilding C object CMakeFiles/yhs_can_interfaces__rosidl_generator_py.dir/rosidl_generator_py/yhs_can_interfaces/msg/_motor_cmd_s.c.o[0m
[33.495s] [ 96%] [32mBuilding C object CMakeFiles/yhs_can_interfaces__rosidl_generator_py.dir/rosidl_generator_py/yhs_can_interfaces/msg/_motor_fb_s.c.o[0m
[33.538s] [ 96%] [32mBuilding C object CMakeFiles/yhs_can_interfaces__rosidl_generator_py.dir/rosidl_generator_py/yhs_can_interfaces/msg/_drive_motor_current_fb_s.c.o[0m
[33.707s] [ 97%] [32mBuilding C object CMakeFiles/yhs_can_interfaces__rosidl_generator_py.dir/rosidl_generator_py/yhs_can_interfaces/msg/_steering_motor_current_fb_s.c.o[0m
[33.853s] [ 97%] [32m[1mLinking C shared library rosidl_generator_py/yhs_can_interfaces/libyhs_can_interfaces__rosidl_generator_py.so[0m
[33.912s] [ 97%] Built target yhs_can_interfaces__rosidl_generator_py
[33.945s] [100%] [32mBuilding C object CMakeFiles/yhs_can_interfaces__rosidl_typesupport_fastrtps_c__pyext.dir/rosidl_generator_py/yhs_can_interfaces/_yhs_can_interfaces_s.ep.rosidl_typesupport_fastrtps_c.c.o[0m
[33.945s] [100%] [32mBuilding C object CMakeFiles/yhs_can_interfaces__rosidl_typesupport_c__pyext.dir/rosidl_generator_py/yhs_can_interfaces/_yhs_can_interfaces_s.ep.rosidl_typesupport_c.c.o[0m
[33.945s] [100%] [32mBuilding C object CMakeFiles/yhs_can_interfaces__rosidl_typesupport_introspection_c__pyext.dir/rosidl_generator_py/yhs_can_interfaces/_yhs_can_interfaces_s.ep.rosidl_typesupport_introspection_c.c.o[0m
[34.271s] [100%] [32m[1mLinking C shared library rosidl_generator_py/yhs_can_interfaces/yhs_can_interfaces_s__rosidl_typesupport_introspection_c.cpython-310-x86_64-linux-gnu.so[0m
[34.271s] [100%] [32m[1mLinking C shared library rosidl_generator_py/yhs_can_interfaces/yhs_can_interfaces_s__rosidl_typesupport_fastrtps_c.cpython-310-x86_64-linux-gnu.so[0m
[34.271s] [100%] [32m[1mLinking C shared library rosidl_generator_py/yhs_can_interfaces/yhs_can_interfaces_s__rosidl_typesupport_c.cpython-310-x86_64-linux-gnu.so[0m
[34.354s] [100%] Built target yhs_can_interfaces__rosidl_typesupport_introspection_c__pyext
[34.354s] [100%] Built target yhs_can_interfaces__rosidl_typesupport_c__pyext
[34.354s] [100%] Built target yhs_can_interfaces__rosidl_typesupport_fastrtps_c__pyext
[34.372s] Invoked command in '/home/jenter/package/work/build/yhs_can_interfaces' returned '0': CMAKE_PREFIX_PATH=/opt/ros/humble /usr/bin/cmake --build /home/jenter/package/work/build/yhs_can_interfaces -- -j4 -l4
[34.384s] Invoking command in '/home/jenter/package/work/build/yhs_can_interfaces': CMAKE_PREFIX_PATH=/opt/ros/humble /usr/bin/cmake --install /home/jenter/package/work/build/yhs_can_interfaces
[34.393s] -- Install configuration: ""
[34.393s] -- Installing: /home/jenter/package/work/install/yhs_can_interfaces/share/ament_index/resource_index/rosidl_interfaces/yhs_can_interfaces
[34.394s] -- Installing: /home/jenter/package/work/install/yhs_can_interfaces/include/yhs_can_interfaces/yhs_can_interfaces
[34.394s] -- Installing: /home/jenter/package/work/install/yhs_can_interfaces/include/yhs_can_interfaces/yhs_can_interfaces/msg
[34.394s] -- Installing: /home/jenter/package/work/install/yhs_can_interfaces/include/yhs_can_interfaces/yhs_can_interfaces/msg/rr_wheel_fb.h
[34.394s] -- Installing: /home/jenter/package/work/install/yhs_can_interfaces/include/yhs_can_interfaces/yhs_can_interfaces/msg/io_fb.h
[34.394s] -- Installing: /home/jenter/package/work/install/yhs_can_interfaces/include/yhs_can_interfaces/yhs_can_interfaces/msg/detail
[34.395s] -- Installing: /home/jenter/package/work/install/yhs_can_interfaces/include/yhs_can_interfaces/yhs_can_interfaces/msg/detail/lr_wheel_fb__functions.c
[34.395s] -- Installing: /home/jenter/package/work/install/yhs_can_interfaces/include/yhs_can_interfaces/yhs_can_interfaces/msg/detail/rear_angle_fb__functions.h
[34.395s] -- Installing: /home/jenter/package/work/install/yhs_can_interfaces/include/yhs_can_interfaces/yhs_can_interfaces/msg/detail/lf_wheel_fb__struct.h
[34.395s] -- Installing: /home/jenter/package/work/install/yhs_can_interfaces/include/yhs_can_interfaces/yhs_can_interfaces/msg/detail/io_cmd__functions.c
[34.395s] -- Installing: /home/jenter/package/work/install/yhs_can_interfaces/include/yhs_can_interfaces/yhs_can_interfaces/msg/detail/rf_wheel_fb__struct.h
[34.395s] -- Installing: /home/jenter/package/work/install/yhs_can_interfaces/include/yhs_can_interfaces/yhs_can_interfaces/msg/detail/steering_motor_current_fb__functions.h
[34.395s] -- Installing: /home/jenter/package/work/install/yhs_can_interfaces/include/yhs_can_interfaces/yhs_can_interfaces/msg/detail/steering_ctrl_fb__functions.h
[34.395s] -- Installing: /home/jenter/package/work/install/yhs_can_interfaces/include/yhs_can_interfaces/yhs_can_interfaces/msg/detail/io_fb__functions.c
[34.396s] -- Installing: /home/jenter/package/work/install/yhs_can_interfaces/include/yhs_can_interfaces/yhs_can_interfaces/msg/detail/lf_wheel_fb__type_support.h
[34.396s] -- Installing: /home/jenter/package/work/install/yhs_can_interfaces/include/yhs_can_interfaces/yhs_can_interfaces/msg/detail/drive_motor_current_fb__functions.c
[34.396s] -- Installing: /home/jenter/package/work/install/yhs_can_interfaces/include/yhs_can_interfaces/yhs_can_interfaces/msg/detail/rear_angle_fb__functions.c
[34.396s] -- Installing: /home/jenter/package/work/install/yhs_can_interfaces/include/yhs_can_interfaces/yhs_can_interfaces/msg/detail/io_fb__struct.h
[34.396s] -- Installing: /home/jenter/package/work/install/yhs_can_interfaces/include/yhs_can_interfaces/yhs_can_interfaces/msg/detail/error_fb__functions.c
[34.396s] -- Installing: /home/jenter/package/work/install/yhs_can_interfaces/include/yhs_can_interfaces/yhs_can_interfaces/msg/detail/error_fb__struct.h
[34.396s] -- Installing: /home/jenter/package/work/install/yhs_can_interfaces/include/yhs_can_interfaces/yhs_can_interfaces/msg/detail/motor_cmd__struct.h
[34.396s] -- Installing: /home/jenter/package/work/install/yhs_can_interfaces/include/yhs_can_interfaces/yhs_can_interfaces/msg/detail/ctrl_fb__type_support.h
[34.396s] -- Installing: /home/jenter/package/work/install/yhs_can_interfaces/include/yhs_can_interfaces/yhs_can_interfaces/msg/detail/lr_wheel_fb__type_support.h
[34.397s] -- Installing: /home/jenter/package/work/install/yhs_can_interfaces/include/yhs_can_interfaces/yhs_can_interfaces/msg/detail/ctrl_fb__functions.h
[34.397s] -- Installing: /home/jenter/package/work/install/yhs_can_interfaces/include/yhs_can_interfaces/yhs_can_interfaces/msg/detail/motor_cmd__functions.h
[34.397s] -- Installing: /home/jenter/package/work/install/yhs_can_interfaces/include/yhs_can_interfaces/yhs_can_interfaces/msg/detail/steering_motor_current_fb__functions.c
[34.397s] -- Installing: /home/jenter/package/work/install/yhs_can_interfaces/include/yhs_can_interfaces/yhs_can_interfaces/msg/detail/io_fb__type_support.h
[34.397s] -- Installing: /home/jenter/package/work/install/yhs_can_interfaces/include/yhs_can_interfaces/yhs_can_interfaces/msg/detail/ctrl_cmd__type_support.h
[34.397s] -- Installing: /home/jenter/package/work/install/yhs_can_interfaces/include/yhs_can_interfaces/yhs_can_interfaces/msg/detail/io_cmd__type_support.h
[34.397s] -- Installing: /home/jenter/package/work/install/yhs_can_interfaces/include/yhs_can_interfaces/yhs_can_interfaces/msg/detail/rr_wheel_fb__type_support.h
[34.398s] -- Installing: /home/jenter/package/work/install/yhs_can_interfaces/include/yhs_can_interfaces/yhs_can_interfaces/msg/detail/ultrasonic__functions.c
[34.398s] -- Installing: /home/jenter/package/work/install/yhs_can_interfaces/include/yhs_can_interfaces/yhs_can_interfaces/msg/detail/drive_motor_current_fb__functions.h
[34.398s] -- Installing: /home/jenter/package/work/install/yhs_can_interfaces/include/yhs_can_interfaces/yhs_can_interfaces/msg/detail/front_angle_fb__type_support.h
[34.398s] -- Installing: /home/jenter/package/work/install/yhs_can_interfaces/include/yhs_can_interfaces/yhs_can_interfaces/msg/detail/drive_motor_current_fb__struct.h
[34.398s] -- Installing: /home/jenter/package/work/install/yhs_can_interfaces/include/yhs_can_interfaces/yhs_can_interfaces/msg/detail/motor_fb__functions.c
[34.398s] -- Installing: /home/jenter/package/work/install/yhs_can_interfaces/include/yhs_can_interfaces/yhs_can_interfaces/msg/detail/bms_fb__struct.h
[34.398s] -- Installing: /home/jenter/package/work/install/yhs_can_interfaces/include/yhs_can_interfaces/yhs_can_interfaces/msg/detail/bms_flag_fb__struct.h
[34.399s] -- Installing: /home/jenter/package/work/install/yhs_can_interfaces/include/yhs_can_interfaces/yhs_can_interfaces/msg/detail/rr_wheel_fb__functions.h
[34.399s] -- Installing: /home/jenter/package/work/install/yhs_can_interfaces/include/yhs_can_interfaces/yhs_can_interfaces/msg/detail/rf_wheel_fb__functions.h
[34.399s] -- Installing: /home/jenter/package/work/install/yhs_can_interfaces/include/yhs_can_interfaces/yhs_can_interfaces/msg/detail/steering_motor_current_fb__type_support.h
[34.399s] -- Installing: /home/jenter/package/work/install/yhs_can_interfaces/include/yhs_can_interfaces/yhs_can_interfaces/msg/detail/ultrasonic__struct.h
[34.399s] -- Installing: /home/jenter/package/work/install/yhs_can_interfaces/include/yhs_can_interfaces/yhs_can_interfaces/msg/detail/motor_fb__functions.h
[34.399s] -- Installing: /home/jenter/package/work/install/yhs_can_interfaces/include/yhs_can_interfaces/yhs_can_interfaces/msg/detail/steering_ctrl_fb__struct.h
[34.400s] -- Installing: /home/jenter/package/work/install/yhs_can_interfaces/include/yhs_can_interfaces/yhs_can_interfaces/msg/detail/steering_ctrl_cmd__functions.c
[34.400s] -- Installing: /home/jenter/package/work/install/yhs_can_interfaces/include/yhs_can_interfaces/yhs_can_interfaces/msg/detail/bms_fb__functions.h
[34.400s] -- Installing: /home/jenter/package/work/install/yhs_can_interfaces/include/yhs_can_interfaces/yhs_can_interfaces/msg/detail/error_fb__type_support.h
[34.400s] -- Installing: /home/jenter/package/work/install/yhs_can_interfaces/include/yhs_can_interfaces/yhs_can_interfaces/msg/detail/bms_flag_fb__functions.c
[34.400s] -- Installing: /home/jenter/package/work/install/yhs_can_interfaces/include/yhs_can_interfaces/yhs_can_interfaces/msg/detail/steering_ctrl_cmd__functions.h
[34.400s] -- Installing: /home/jenter/package/work/install/yhs_can_interfaces/include/yhs_can_interfaces/yhs_can_interfaces/msg/detail/lr_wheel_fb__struct.h
[34.400s] -- Installing: /home/jenter/package/work/install/yhs_can_interfaces/include/yhs_can_interfaces/yhs_can_interfaces/msg/detail/chassis_info_fb__struct.h
[34.401s] -- Installing: /home/jenter/package/work/install/yhs_can_interfaces/include/yhs_can_interfaces/yhs_can_interfaces/msg/detail/chassis_info_fb__type_support.h
[34.401s] -- Installing: /home/jenter/package/work/install/yhs_can_interfaces/include/yhs_can_interfaces/yhs_can_interfaces/msg/detail/ctrl_fb__functions.c
[34.401s] -- Installing: /home/jenter/package/work/install/yhs_can_interfaces/include/yhs_can_interfaces/yhs_can_interfaces/msg/detail/io_cmd__struct.h
[34.401s] -- Installing: /home/jenter/package/work/install/yhs_can_interfaces/include/yhs_can_interfaces/yhs_can_interfaces/msg/detail/io_fb__functions.h
[34.401s] -- Installing: /home/jenter/package/work/install/yhs_can_interfaces/include/yhs_can_interfaces/yhs_can_interfaces/msg/detail/rf_wheel_fb__functions.c
[34.401s] -- Installing: /home/jenter/package/work/install/yhs_can_interfaces/include/yhs_can_interfaces/yhs_can_interfaces/msg/detail/ctrl_cmd__functions.h
[34.402s] -- Installing: /home/jenter/package/work/install/yhs_can_interfaces/include/yhs_can_interfaces/yhs_can_interfaces/msg/detail/bms_fb__type_support.h
[34.402s] -- Installing: /home/jenter/package/work/install/yhs_can_interfaces/include/yhs_can_interfaces/yhs_can_interfaces/msg/detail/ctrl_cmd__functions.c
[34.402s] -- Installing: /home/jenter/package/work/install/yhs_can_interfaces/include/yhs_can_interfaces/yhs_can_interfaces/msg/detail/motor_fb__struct.h
[34.402s] -- Installing: /home/jenter/package/work/install/yhs_can_interfaces/include/yhs_can_interfaces/yhs_can_interfaces/msg/detail/rf_wheel_fb__type_support.h
[34.402s] -- Installing: /home/jenter/package/work/install/yhs_can_interfaces/include/yhs_can_interfaces/yhs_can_interfaces/msg/detail/lr_wheel_fb__functions.h
[34.402s] -- Installing: /home/jenter/package/work/install/yhs_can_interfaces/include/yhs_can_interfaces/yhs_can_interfaces/msg/detail/front_angle_fb__functions.h
[34.403s] -- Installing: /home/jenter/package/work/install/yhs_can_interfaces/include/yhs_can_interfaces/yhs_can_interfaces/msg/detail/ultrasonic__type_support.h
[34.403s] -- Installing: /home/jenter/package/work/install/yhs_can_interfaces/include/yhs_can_interfaces/yhs_can_interfaces/msg/detail/steering_ctrl_cmd__struct.h
[34.403s] -- Installing: /home/jenter/package/work/install/yhs_can_interfaces/include/yhs_can_interfaces/yhs_can_interfaces/msg/detail/drive_motor_current_fb__type_support.h
[34.403s] -- Installing: /home/jenter/package/work/install/yhs_can_interfaces/include/yhs_can_interfaces/yhs_can_interfaces/msg/detail/rear_angle_fb__struct.h
[34.403s] -- Installing: /home/jenter/package/work/install/yhs_can_interfaces/include/yhs_can_interfaces/yhs_can_interfaces/msg/detail/motor_cmd__functions.c
[34.403s] -- Installing: /home/jenter/package/work/install/yhs_can_interfaces/include/yhs_can_interfaces/yhs_can_interfaces/msg/detail/front_angle_fb__struct.h
[34.404s] -- Installing: /home/jenter/package/work/install/yhs_can_interfaces/include/yhs_can_interfaces/yhs_can_interfaces/msg/detail/lf_wheel_fb__functions.h
[34.404s] -- Installing: /home/jenter/package/work/install/yhs_can_interfaces/include/yhs_can_interfaces/yhs_can_interfaces/msg/detail/motor_fb__type_support.h
[34.404s] -- Installing: /home/jenter/package/work/install/yhs_can_interfaces/include/yhs_can_interfaces/yhs_can_interfaces/msg/detail/steering_ctrl_fb__type_support.h
[34.404s] -- Installing: /home/jenter/package/work/install/yhs_can_interfaces/include/yhs_can_interfaces/yhs_can_interfaces/msg/detail/front_angle_fb__functions.c
[34.404s] -- Installing: /home/jenter/package/work/install/yhs_can_interfaces/include/yhs_can_interfaces/yhs_can_interfaces/msg/detail/ctrl_fb__struct.h
[34.404s] -- Installing: /home/jenter/package/work/install/yhs_can_interfaces/include/yhs_can_interfaces/yhs_can_interfaces/msg/detail/bms_flag_fb__functions.h
[34.405s] -- Installing: /home/jenter/package/work/install/yhs_can_interfaces/include/yhs_can_interfaces/yhs_can_interfaces/msg/detail/ctrl_cmd__struct.h
[34.405s] -- Installing: /home/jenter/package/work/install/yhs_can_interfaces/include/yhs_can_interfaces/yhs_can_interfaces/msg/detail/chassis_info_fb__functions.c
[34.405s] -- Installing: /home/jenter/package/work/install/yhs_can_interfaces/include/yhs_can_interfaces/yhs_can_interfaces/msg/detail/chassis_info_fb__functions.h
[34.405s] -- Installing: /home/jenter/package/work/install/yhs_can_interfaces/include/yhs_can_interfaces/yhs_can_interfaces/msg/detail/rr_wheel_fb__functions.c
[34.405s] -- Installing: /home/jenter/package/work/install/yhs_can_interfaces/include/yhs_can_interfaces/yhs_can_interfaces/msg/detail/steering_motor_current_fb__struct.h
[34.405s] -- Installing: /home/jenter/package/work/install/yhs_can_interfaces/include/yhs_can_interfaces/yhs_can_interfaces/msg/detail/rr_wheel_fb__struct.h
[34.406s] -- Installing: /home/jenter/package/work/install/yhs_can_interfaces/include/yhs_can_interfaces/yhs_can_interfaces/msg/detail/lf_wheel_fb__functions.c
[34.406s] -- Installing: /home/jenter/package/work/install/yhs_can_interfaces/include/yhs_can_interfaces/yhs_can_interfaces/msg/detail/motor_cmd__type_support.h
[34.406s] -- Installing: /home/jenter/package/work/install/yhs_can_interfaces/include/yhs_can_interfaces/yhs_can_interfaces/msg/detail/rear_angle_fb__type_support.h
[34.406s] -- Installing: /home/jenter/package/work/install/yhs_can_interfaces/include/yhs_can_interfaces/yhs_can_interfaces/msg/detail/io_cmd__functions.h
[34.406s] -- Installing: /home/jenter/package/work/install/yhs_can_interfaces/include/yhs_can_interfaces/yhs_can_interfaces/msg/detail/bms_fb__functions.c
[34.406s] -- Installing: /home/jenter/package/work/install/yhs_can_interfaces/include/yhs_can_interfaces/yhs_can_interfaces/msg/detail/steering_ctrl_fb__functions.c
[34.407s] -- Installing: /home/jenter/package/work/install/yhs_can_interfaces/include/yhs_can_interfaces/yhs_can_interfaces/msg/detail/bms_flag_fb__type_support.h
[34.407s] -- Installing: /home/jenter/package/work/install/yhs_can_interfaces/include/yhs_can_interfaces/yhs_can_interfaces/msg/detail/steering_ctrl_cmd__type_support.h
[34.407s] -- Installing: /home/jenter/package/work/install/yhs_can_interfaces/include/yhs_can_interfaces/yhs_can_interfaces/msg/detail/error_fb__functions.h
[34.407s] -- Installing: /home/jenter/package/work/install/yhs_can_interfaces/include/yhs_can_interfaces/yhs_can_interfaces/msg/detail/ultrasonic__functions.h
[34.407s] -- Installing: /home/jenter/package/work/install/yhs_can_interfaces/include/yhs_can_interfaces/yhs_can_interfaces/msg/bms_fb.h
[34.407s] -- Installing: /home/jenter/package/work/install/yhs_can_interfaces/include/yhs_can_interfaces/yhs_can_interfaces/msg/bms_flag_fb.h
[34.408s] -- Installing: /home/jenter/package/work/install/yhs_can_interfaces/include/yhs_can_interfaces/yhs_can_interfaces/msg/io_cmd.h
[34.408s] -- Installing: /home/jenter/package/work/install/yhs_can_interfaces/include/yhs_can_interfaces/yhs_can_interfaces/msg/chassis_info_fb.h
[34.408s] -- Installing: /home/jenter/package/work/install/yhs_can_interfaces/include/yhs_can_interfaces/yhs_can_interfaces/msg/motor_fb.h
[34.408s] -- Installing: /home/jenter/package/work/install/yhs_can_interfaces/include/yhs_can_interfaces/yhs_can_interfaces/msg/motor_cmd.h
[34.408s] -- Installing: /home/jenter/package/work/install/yhs_can_interfaces/include/yhs_can_interfaces/yhs_can_interfaces/msg/steering_ctrl_cmd.h
[34.408s] -- Installing: /home/jenter/package/work/install/yhs_can_interfaces/include/yhs_can_interfaces/yhs_can_interfaces/msg/lr_wheel_fb.h
[34.408s] -- Installing: /home/jenter/package/work/install/yhs_can_interfaces/include/yhs_can_interfaces/yhs_can_interfaces/msg/rear_angle_fb.h
[34.409s] -- Installing: /home/jenter/package/work/install/yhs_can_interfaces/include/yhs_can_interfaces/yhs_can_interfaces/msg/steering_motor_current_fb.h
[34.409s] -- Installing: /home/jenter/package/work/install/yhs_can_interfaces/include/yhs_can_interfaces/yhs_can_interfaces/msg/error_fb.h
[34.409s] -- Installing: /home/jenter/package/work/install/yhs_can_interfaces/include/yhs_can_interfaces/yhs_can_interfaces/msg/drive_motor_current_fb.h
[34.409s] -- Installing: /home/jenter/package/work/install/yhs_can_interfaces/include/yhs_can_interfaces/yhs_can_interfaces/msg/ultrasonic.h
[34.409s] -- Installing: /home/jenter/package/work/install/yhs_can_interfaces/include/yhs_can_interfaces/yhs_can_interfaces/msg/ctrl_cmd.h
[34.409s] -- Installing: /home/jenter/package/work/install/yhs_can_interfaces/include/yhs_can_interfaces/yhs_can_interfaces/msg/front_angle_fb.h
[34.410s] -- Installing: /home/jenter/package/work/install/yhs_can_interfaces/include/yhs_can_interfaces/yhs_can_interfaces/msg/rf_wheel_fb.h
[34.410s] -- Installing: /home/jenter/package/work/install/yhs_can_interfaces/include/yhs_can_interfaces/yhs_can_interfaces/msg/lf_wheel_fb.h
[34.410s] -- Installing: /home/jenter/package/work/install/yhs_can_interfaces/include/yhs_can_interfaces/yhs_can_interfaces/msg/ctrl_fb.h
[34.410s] -- Installing: /home/jenter/package/work/install/yhs_can_interfaces/include/yhs_can_interfaces/yhs_can_interfaces/msg/rosidl_generator_c__visibility_control.h
[34.410s] -- Installing: /home/jenter/package/work/install/yhs_can_interfaces/include/yhs_can_interfaces/yhs_can_interfaces/msg/steering_ctrl_fb.h
[34.411s] -- Installing: /home/jenter/package/work/install/yhs_can_interfaces/share/yhs_can_interfaces/environment/library_path.sh
[34.411s] -- Installing: /home/jenter/package/work/install/yhs_can_interfaces/share/yhs_can_interfaces/environment/library_path.dsv
[34.411s] -- Installing: /home/jenter/package/work/install/yhs_can_interfaces/lib/libyhs_can_interfaces__rosidl_generator_c.so
[34.412s] -- Set runtime path of "/home/jenter/package/work/install/yhs_can_interfaces/lib/libyhs_can_interfaces__rosidl_generator_c.so" to ""
[34.412s] -- Up-to-date: /home/jenter/package/work/install/yhs_can_interfaces/include/yhs_can_interfaces/yhs_can_interfaces
[34.412s] -- Up-to-date: /home/jenter/package/work/install/yhs_can_interfaces/include/yhs_can_interfaces/yhs_can_interfaces/msg
[34.412s] -- Installing: /home/jenter/package/work/install/yhs_can_interfaces/include/yhs_can_interfaces/yhs_can_interfaces/msg/rosidl_typesupport_fastrtps_c__visibility_control.h
[34.413s] -- Up-to-date: /home/jenter/package/work/install/yhs_can_interfaces/include/yhs_can_interfaces/yhs_can_interfaces/msg/detail
[34.413s] -- Installing: /home/jenter/package/work/install/yhs_can_interfaces/include/yhs_can_interfaces/yhs_can_interfaces/msg/detail/drive_motor_current_fb__rosidl_typesupport_fastrtps_c.h
[34.413s] -- Installing: /home/jenter/package/work/install/yhs_can_interfaces/include/yhs_can_interfaces/yhs_can_interfaces/msg/detail/lf_wheel_fb__rosidl_typesupport_fastrtps_c.h
[34.413s] -- Installing: /home/jenter/package/work/install/yhs_can_interfaces/include/yhs_can_interfaces/yhs_can_interfaces/msg/detail/steering_motor_current_fb__rosidl_typesupport_fastrtps_c.h
[34.413s] -- Installing: /home/jenter/package/work/install/yhs_can_interfaces/include/yhs_can_interfaces/yhs_can_interfaces/msg/detail/bms_fb__rosidl_typesupport_fastrtps_c.h
[34.413s] -- Installing: /home/jenter/package/work/install/yhs_can_interfaces/include/yhs_can_interfaces/yhs_can_interfaces/msg/detail/rf_wheel_fb__rosidl_typesupport_fastrtps_c.h
[34.413s] -- Installing: /home/jenter/package/work/install/yhs_can_interfaces/include/yhs_can_interfaces/yhs_can_interfaces/msg/detail/ctrl_fb__rosidl_typesupport_fastrtps_c.h
[34.413s] -- Installing: /home/jenter/package/work/install/yhs_can_interfaces/include/yhs_can_interfaces/yhs_can_interfaces/msg/detail/io_cmd__rosidl_typesupport_fastrtps_c.h
[34.414s] -- Installing: /home/jenter/package/work/install/yhs_can_interfaces/include/yhs_can_interfaces/yhs_can_interfaces/msg/detail/bms_flag_fb__rosidl_typesupport_fastrtps_c.h
[34.414s] -- Installing: /home/jenter/package/work/install/yhs_can_interfaces/include/yhs_can_interfaces/yhs_can_interfaces/msg/detail/ultrasonic__rosidl_typesupport_fastrtps_c.h
[34.414s] -- Installing: /home/jenter/package/work/install/yhs_can_interfaces/include/yhs_can_interfaces/yhs_can_interfaces/msg/detail/chassis_info_fb__rosidl_typesupport_fastrtps_c.h
[34.414s] -- Installing: /home/jenter/package/work/install/yhs_can_interfaces/include/yhs_can_interfaces/yhs_can_interfaces/msg/detail/lr_wheel_fb__rosidl_typesupport_fastrtps_c.h
[34.414s] -- Installing: /home/jenter/package/work/install/yhs_can_interfaces/include/yhs_can_interfaces/yhs_can_interfaces/msg/detail/io_fb__rosidl_typesupport_fastrtps_c.h
[34.414s] -- Installing: /home/jenter/package/work/install/yhs_can_interfaces/include/yhs_can_interfaces/yhs_can_interfaces/msg/detail/motor_cmd__rosidl_typesupport_fastrtps_c.h
[34.414s] -- Installing: /home/jenter/package/work/install/yhs_can_interfaces/include/yhs_can_interfaces/yhs_can_interfaces/msg/detail/steering_ctrl_fb__rosidl_typesupport_fastrtps_c.h
[34.415s] -- Installing: /home/jenter/package/work/install/yhs_can_interfaces/include/yhs_can_interfaces/yhs_can_interfaces/msg/detail/ctrl_cmd__rosidl_typesupport_fastrtps_c.h
[34.415s] -- Installing: /home/jenter/package/work/install/yhs_can_interfaces/include/yhs_can_interfaces/yhs_can_interfaces/msg/detail/error_fb__rosidl_typesupport_fastrtps_c.h
[34.415s] -- Installing: /home/jenter/package/work/install/yhs_can_interfaces/include/yhs_can_interfaces/yhs_can_interfaces/msg/detail/rear_angle_fb__rosidl_typesupport_fastrtps_c.h
[34.415s] -- Installing: /home/jenter/package/work/install/yhs_can_interfaces/include/yhs_can_interfaces/yhs_can_interfaces/msg/detail/motor_fb__rosidl_typesupport_fastrtps_c.h
[34.415s] -- Installing: /home/jenter/package/work/install/yhs_can_interfaces/include/yhs_can_interfaces/yhs_can_interfaces/msg/detail/steering_ctrl_cmd__rosidl_typesupport_fastrtps_c.h
[34.415s] -- Installing: /home/jenter/package/work/install/yhs_can_interfaces/include/yhs_can_interfaces/yhs_can_interfaces/msg/detail/rr_wheel_fb__rosidl_typesupport_fastrtps_c.h
[34.416s] -- Installing: /home/jenter/package/work/install/yhs_can_interfaces/include/yhs_can_interfaces/yhs_can_interfaces/msg/detail/front_angle_fb__rosidl_typesupport_fastrtps_c.h
[34.416s] -- Installing: /home/jenter/package/work/install/yhs_can_interfaces/lib/libyhs_can_interfaces__rosidl_typesupport_fastrtps_c.so
[34.416s] -- Set runtime path of "/home/jenter/package/work/install/yhs_can_interfaces/lib/libyhs_can_interfaces__rosidl_typesupport_fastrtps_c.so" to ""
[34.417s] -- Up-to-date: /home/jenter/package/work/install/yhs_can_interfaces/include/yhs_can_interfaces/yhs_can_interfaces
[34.417s] -- Up-to-date: /home/jenter/package/work/install/yhs_can_interfaces/include/yhs_can_interfaces/yhs_can_interfaces/msg
[34.417s] -- Installing: /home/jenter/package/work/install/yhs_can_interfaces/include/yhs_can_interfaces/yhs_can_interfaces/msg/rosidl_typesupport_introspection_c__visibility_control.h
[34.417s] -- Up-to-date: /home/jenter/package/work/install/yhs_can_interfaces/include/yhs_can_interfaces/yhs_can_interfaces/msg/detail
[34.417s] -- Installing: /home/jenter/package/work/install/yhs_can_interfaces/include/yhs_can_interfaces/yhs_can_interfaces/msg/detail/steering_motor_current_fb__type_support.c
[34.417s] -- Installing: /home/jenter/package/work/install/yhs_can_interfaces/include/yhs_can_interfaces/yhs_can_interfaces/msg/detail/steering_ctrl_cmd__rosidl_typesupport_introspection_c.h
[34.417s] -- Installing: /home/jenter/package/work/install/yhs_can_interfaces/include/yhs_can_interfaces/yhs_can_interfaces/msg/detail/rf_wheel_fb__type_support.c
[34.418s] -- Installing: /home/jenter/package/work/install/yhs_can_interfaces/include/yhs_can_interfaces/yhs_can_interfaces/msg/detail/bms_flag_fb__type_support.c
[34.418s] -- Installing: /home/jenter/package/work/install/yhs_can_interfaces/include/yhs_can_interfaces/yhs_can_interfaces/msg/detail/chassis_info_fb__rosidl_typesupport_introspection_c.h
[34.418s] -- Installing: /home/jenter/package/work/install/yhs_can_interfaces/include/yhs_can_interfaces/yhs_can_interfaces/msg/detail/steering_ctrl_cmd__type_support.c
[34.418s] -- Installing: /home/jenter/package/work/install/yhs_can_interfaces/include/yhs_can_interfaces/yhs_can_interfaces/msg/detail/steering_ctrl_fb__rosidl_typesupport_introspection_c.h
[34.418s] -- Installing: /home/jenter/package/work/install/yhs_can_interfaces/include/yhs_can_interfaces/yhs_can_interfaces/msg/detail/motor_cmd__rosidl_typesupport_introspection_c.h
[34.418s] -- Installing: /home/jenter/package/work/install/yhs_can_interfaces/include/yhs_can_interfaces/yhs_can_interfaces/msg/detail/ultrasonic__type_support.c
[34.419s] -- Installing: /home/jenter/package/work/install/yhs_can_interfaces/include/yhs_can_interfaces/yhs_can_interfaces/msg/detail/rr_wheel_fb__rosidl_typesupport_introspection_c.h
[34.419s] -- Installing: /home/jenter/package/work/install/yhs_can_interfaces/include/yhs_can_interfaces/yhs_can_interfaces/msg/detail/steering_ctrl_fb__type_support.c
[34.419s] -- Installing: /home/jenter/package/work/install/yhs_can_interfaces/include/yhs_can_interfaces/yhs_can_interfaces/msg/detail/ultrasonic__rosidl_typesupport_introspection_c.h
[34.419s] -- Installing: /home/jenter/package/work/install/yhs_can_interfaces/include/yhs_can_interfaces/yhs_can_interfaces/msg/detail/rr_wheel_fb__type_support.c
[34.419s] -- Installing: /home/jenter/package/work/install/yhs_can_interfaces/include/yhs_can_interfaces/yhs_can_interfaces/msg/detail/rear_angle_fb__rosidl_typesupport_introspection_c.h
[34.419s] -- Installing: /home/jenter/package/work/install/yhs_can_interfaces/include/yhs_can_interfaces/yhs_can_interfaces/msg/detail/io_cmd__type_support.c
[34.419s] -- Installing: /home/jenter/package/work/install/yhs_can_interfaces/include/yhs_can_interfaces/yhs_can_interfaces/msg/detail/motor_cmd__type_support.c
[34.420s] -- Installing: /home/jenter/package/work/install/yhs_can_interfaces/include/yhs_can_interfaces/yhs_can_interfaces/msg/detail/bms_flag_fb__rosidl_typesupport_introspection_c.h
[34.420s] -- Installing: /home/jenter/package/work/install/yhs_can_interfaces/include/yhs_can_interfaces/yhs_can_interfaces/msg/detail/motor_fb__rosidl_typesupport_introspection_c.h
[34.420s] -- Installing: /home/jenter/package/work/install/yhs_can_interfaces/include/yhs_can_interfaces/yhs_can_interfaces/msg/detail/error_fb__rosidl_typesupport_introspection_c.h
[34.420s] -- Installing: /home/jenter/package/work/install/yhs_can_interfaces/include/yhs_can_interfaces/yhs_can_interfaces/msg/detail/drive_motor_current_fb__rosidl_typesupport_introspection_c.h
[34.420s] -- Installing: /home/jenter/package/work/install/yhs_can_interfaces/include/yhs_can_interfaces/yhs_can_interfaces/msg/detail/io_cmd__rosidl_typesupport_introspection_c.h
[34.420s] -- Installing: /home/jenter/package/work/install/yhs_can_interfaces/include/yhs_can_interfaces/yhs_can_interfaces/msg/detail/lr_wheel_fb__rosidl_typesupport_introspection_c.h
[34.421s] -- Installing: /home/jenter/package/work/install/yhs_can_interfaces/include/yhs_can_interfaces/yhs_can_interfaces/msg/detail/error_fb__type_support.c
[34.421s] -- Installing: /home/jenter/package/work/install/yhs_can_interfaces/include/yhs_can_interfaces/yhs_can_interfaces/msg/detail/ctrl_fb__rosidl_typesupport_introspection_c.h
[34.421s] -- Installing: /home/jenter/package/work/install/yhs_can_interfaces/include/yhs_can_interfaces/yhs_can_interfaces/msg/detail/io_fb__type_support.c
[34.421s] -- Installing: /home/jenter/package/work/install/yhs_can_interfaces/include/yhs_can_interfaces/yhs_can_interfaces/msg/detail/lf_wheel_fb__rosidl_typesupport_introspection_c.h
[34.421s] -- Installing: /home/jenter/package/work/install/yhs_can_interfaces/include/yhs_can_interfaces/yhs_can_interfaces/msg/detail/bms_fb__type_support.c
[34.421s] -- Installing: /home/jenter/package/work/install/yhs_can_interfaces/include/yhs_can_interfaces/yhs_can_interfaces/msg/detail/io_fb__rosidl_typesupport_introspection_c.h
[34.422s] -- Installing: /home/jenter/package/work/install/yhs_can_interfaces/include/yhs_can_interfaces/yhs_can_interfaces/msg/detail/lf_wheel_fb__type_support.c
[34.422s] -- Installing: /home/jenter/package/work/install/yhs_can_interfaces/include/yhs_can_interfaces/yhs_can_interfaces/msg/detail/motor_fb__type_support.c
[34.422s] -- Installing: /home/jenter/package/work/install/yhs_can_interfaces/include/yhs_can_interfaces/yhs_can_interfaces/msg/detail/rear_angle_fb__type_support.c
[34.422s] -- Installing: /home/jenter/package/work/install/yhs_can_interfaces/include/yhs_can_interfaces/yhs_can_interfaces/msg/detail/ctrl_fb__type_support.c
[34.422s] -- Installing: /home/jenter/package/work/install/yhs_can_interfaces/include/yhs_can_interfaces/yhs_can_interfaces/msg/detail/front_angle_fb__type_support.c
[34.422s] -- Installing: /home/jenter/package/work/install/yhs_can_interfaces/include/yhs_can_interfaces/yhs_can_interfaces/msg/detail/chassis_info_fb__type_support.c
[34.423s] -- Installing: /home/jenter/package/work/install/yhs_can_interfaces/include/yhs_can_interfaces/yhs_can_interfaces/msg/detail/bms_fb__rosidl_typesupport_introspection_c.h
[34.423s] -- Installing: /home/jenter/package/work/install/yhs_can_interfaces/include/yhs_can_interfaces/yhs_can_interfaces/msg/detail/drive_motor_current_fb__type_support.c
[34.423s] -- Installing: /home/jenter/package/work/install/yhs_can_interfaces/include/yhs_can_interfaces/yhs_can_interfaces/msg/detail/front_angle_fb__rosidl_typesupport_introspection_c.h
[34.423s] -- Installing: /home/jenter/package/work/install/yhs_can_interfaces/include/yhs_can_interfaces/yhs_can_interfaces/msg/detail/lr_wheel_fb__type_support.c
[34.423s] -- Installing: /home/jenter/package/work/install/yhs_can_interfaces/include/yhs_can_interfaces/yhs_can_interfaces/msg/detail/steering_motor_current_fb__rosidl_typesupport_introspection_c.h
[34.423s] -- Installing: /home/jenter/package/work/install/yhs_can_interfaces/include/yhs_can_interfaces/yhs_can_interfaces/msg/detail/ctrl_cmd__rosidl_typesupport_introspection_c.h
[34.423s] -- Installing: /home/jenter/package/work/install/yhs_can_interfaces/include/yhs_can_interfaces/yhs_can_interfaces/msg/detail/ctrl_cmd__type_support.c
[34.424s] -- Installing: /home/jenter/package/work/install/yhs_can_interfaces/include/yhs_can_interfaces/yhs_can_interfaces/msg/detail/rf_wheel_fb__rosidl_typesupport_introspection_c.h
[34.424s] -- Installing: /home/jenter/package/work/install/yhs_can_interfaces/lib/libyhs_can_interfaces__rosidl_typesupport_introspection_c.so
[34.425s] -- Set runtime path of "/home/jenter/package/work/install/yhs_can_interfaces/lib/libyhs_can_interfaces__rosidl_typesupport_introspection_c.so" to ""
[34.425s] -- Installing: /home/jenter/package/work/install/yhs_can_interfaces/lib/libyhs_can_interfaces__rosidl_typesupport_c.so
[34.425s] -- Set runtime path of "/home/jenter/package/work/install/yhs_can_interfaces/lib/libyhs_can_interfaces__rosidl_typesupport_c.so" to ""
[34.425s] -- Up-to-date: /home/jenter/package/work/install/yhs_can_interfaces/include/yhs_can_interfaces/yhs_can_interfaces
[34.425s] -- Up-to-date: /home/jenter/package/work/install/yhs_can_interfaces/include/yhs_can_interfaces/yhs_can_interfaces/msg
[34.426s] -- Installing: /home/jenter/package/work/install/yhs_can_interfaces/include/yhs_can_interfaces/yhs_can_interfaces/msg/ctrl_fb.hpp
[34.426s] -- Installing: /home/jenter/package/work/install/yhs_can_interfaces/include/yhs_can_interfaces/yhs_can_interfaces/msg/steering_ctrl_fb.hpp
[34.426s] -- Installing: /home/jenter/package/work/install/yhs_can_interfaces/include/yhs_can_interfaces/yhs_can_interfaces/msg/steering_ctrl_cmd.hpp
[34.426s] -- Installing: /home/jenter/package/work/install/yhs_can_interfaces/include/yhs_can_interfaces/yhs_can_interfaces/msg/motor_cmd.hpp
[34.426s] -- Up-to-date: /home/jenter/package/work/install/yhs_can_interfaces/include/yhs_can_interfaces/yhs_can_interfaces/msg/detail
[34.426s] -- Installing: /home/jenter/package/work/install/yhs_can_interfaces/include/yhs_can_interfaces/yhs_can_interfaces/msg/detail/motor_fb__traits.hpp
[34.426s] -- Installing: /home/jenter/package/work/install/yhs_can_interfaces/include/yhs_can_interfaces/yhs_can_interfaces/msg/detail/rr_wheel_fb__struct.hpp
[34.427s] -- Installing: /home/jenter/package/work/install/yhs_can_interfaces/include/yhs_can_interfaces/yhs_can_interfaces/msg/detail/lf_wheel_fb__type_support.hpp
[34.427s] -- Installing: /home/jenter/package/work/install/yhs_can_interfaces/include/yhs_can_interfaces/yhs_can_interfaces/msg/detail/bms_flag_fb__builder.hpp
[34.427s] -- Installing: /home/jenter/package/work/install/yhs_can_interfaces/include/yhs_can_interfaces/yhs_can_interfaces/msg/detail/error_fb__struct.hpp
[34.427s] -- Installing: /home/jenter/package/work/install/yhs_can_interfaces/include/yhs_can_interfaces/yhs_can_interfaces/msg/detail/motor_cmd__type_support.hpp
[34.427s] -- Installing: /home/jenter/package/work/install/yhs_can_interfaces/include/yhs_can_interfaces/yhs_can_interfaces/msg/detail/steering_ctrl_cmd__traits.hpp
[34.427s] -- Installing: /home/jenter/package/work/install/yhs_can_interfaces/include/yhs_can_interfaces/yhs_can_interfaces/msg/detail/ctrl_cmd__builder.hpp
[34.427s] -- Installing: /home/jenter/package/work/install/yhs_can_interfaces/include/yhs_can_interfaces/yhs_can_interfaces/msg/detail/rr_wheel_fb__builder.hpp
[34.428s] -- Installing: /home/jenter/package/work/install/yhs_can_interfaces/include/yhs_can_interfaces/yhs_can_interfaces/msg/detail/steering_motor_current_fb__struct.hpp
[34.428s] -- Installing: /home/jenter/package/work/install/yhs_can_interfaces/include/yhs_can_interfaces/yhs_can_interfaces/msg/detail/rf_wheel_fb__struct.hpp
[34.428s] -- Installing: /home/jenter/package/work/install/yhs_can_interfaces/include/yhs_can_interfaces/yhs_can_interfaces/msg/detail/error_fb__type_support.hpp
[34.428s] -- Installing: /home/jenter/package/work/install/yhs_can_interfaces/include/yhs_can_interfaces/yhs_can_interfaces/msg/detail/bms_fb__struct.hpp
[34.428s] -- Installing: /home/jenter/package/work/install/yhs_can_interfaces/include/yhs_can_interfaces/yhs_can_interfaces/msg/detail/lr_wheel_fb__struct.hpp
[34.428s] -- Installing: /home/jenter/package/work/install/yhs_can_interfaces/include/yhs_can_interfaces/yhs_can_interfaces/msg/detail/ctrl_cmd__struct.hpp
[34.429s] -- Installing: /home/jenter/package/work/install/yhs_can_interfaces/include/yhs_can_interfaces/yhs_can_interfaces/msg/detail/motor_cmd__traits.hpp
[34.429s] -- Installing: /home/jenter/package/work/install/yhs_can_interfaces/include/yhs_can_interfaces/yhs_can_interfaces/msg/detail/front_angle_fb__builder.hpp
[34.429s] -- Installing: /home/jenter/package/work/install/yhs_can_interfaces/include/yhs_can_interfaces/yhs_can_interfaces/msg/detail/ctrl_fb__type_support.hpp
[34.429s] -- Installing: /home/jenter/package/work/install/yhs_can_interfaces/include/yhs_can_interfaces/yhs_can_interfaces/msg/detail/motor_fb__builder.hpp
[34.429s] -- Installing: /home/jenter/package/work/install/yhs_can_interfaces/include/yhs_can_interfaces/yhs_can_interfaces/msg/detail/steering_ctrl_fb__builder.hpp
[34.429s] -- Installing: /home/jenter/package/work/install/yhs_can_interfaces/include/yhs_can_interfaces/yhs_can_interfaces/msg/detail/ctrl_cmd__traits.hpp
[34.430s] -- Installing: /home/jenter/package/work/install/yhs_can_interfaces/include/yhs_can_interfaces/yhs_can_interfaces/msg/detail/rear_angle_fb__struct.hpp
[34.430s] -- Installing: /home/jenter/package/work/install/yhs_can_interfaces/include/yhs_can_interfaces/yhs_can_interfaces/msg/detail/steering_ctrl_cmd__struct.hpp
[34.430s] -- Installing: /home/jenter/package/work/install/yhs_can_interfaces/include/yhs_can_interfaces/yhs_can_interfaces/msg/detail/bms_fb__type_support.hpp
[34.430s] -- Installing: /home/jenter/package/work/install/yhs_can_interfaces/include/yhs_can_interfaces/yhs_can_interfaces/msg/detail/ctrl_fb__builder.hpp
[34.430s] -- Installing: /home/jenter/package/work/install/yhs_can_interfaces/include/yhs_can_interfaces/yhs_can_interfaces/msg/detail/bms_flag_fb__traits.hpp
[34.430s] -- Installing: /home/jenter/package/work/install/yhs_can_interfaces/include/yhs_can_interfaces/yhs_can_interfaces/msg/detail/ctrl_fb__struct.hpp
[34.431s] -- Installing: /home/jenter/package/work/install/yhs_can_interfaces/include/yhs_can_interfaces/yhs_can_interfaces/msg/detail/steering_ctrl_fb__type_support.hpp
[34.431s] -- Installing: /home/jenter/package/work/install/yhs_can_interfaces/include/yhs_can_interfaces/yhs_can_interfaces/msg/detail/ultrasonic__struct.hpp
[34.431s] -- Installing: /home/jenter/package/work/install/yhs_can_interfaces/include/yhs_can_interfaces/yhs_can_interfaces/msg/detail/steering_motor_current_fb__type_support.hpp
[34.431s] -- Installing: /home/jenter/package/work/install/yhs_can_interfaces/include/yhs_can_interfaces/yhs_can_interfaces/msg/detail/chassis_info_fb__builder.hpp
[34.431s] -- Installing: /home/jenter/package/work/install/yhs_can_interfaces/include/yhs_can_interfaces/yhs_can_interfaces/msg/detail/lf_wheel_fb__traits.hpp
[34.431s] -- Installing: /home/jenter/package/work/install/yhs_can_interfaces/include/yhs_can_interfaces/yhs_can_interfaces/msg/detail/ultrasonic__builder.hpp
[34.432s] -- Installing: /home/jenter/package/work/install/yhs_can_interfaces/include/yhs_can_interfaces/yhs_can_interfaces/msg/detail/rear_angle_fb__traits.hpp
[34.432s] -- Installing: /home/jenter/package/work/install/yhs_can_interfaces/include/yhs_can_interfaces/yhs_can_interfaces/msg/detail/rf_wheel_fb__builder.hpp
[34.432s] -- Installing: /home/jenter/package/work/install/yhs_can_interfaces/include/yhs_can_interfaces/yhs_can_interfaces/msg/detail/rr_wheel_fb__type_support.hpp
[34.432s] -- Installing: /home/jenter/package/work/install/yhs_can_interfaces/include/yhs_can_interfaces/yhs_can_interfaces/msg/detail/ultrasonic__type_support.hpp
[34.432s] -- Installing: /home/jenter/package/work/install/yhs_can_interfaces/include/yhs_can_interfaces/yhs_can_interfaces/msg/detail/io_fb__builder.hpp
[34.432s] -- Installing: /home/jenter/package/work/install/yhs_can_interfaces/include/yhs_can_interfaces/yhs_can_interfaces/msg/detail/rear_angle_fb__type_support.hpp
[34.432s] -- Installing: /home/jenter/package/work/install/yhs_can_interfaces/include/yhs_can_interfaces/yhs_can_interfaces/msg/detail/rr_wheel_fb__traits.hpp
[34.433s] -- Installing: /home/jenter/package/work/install/yhs_can_interfaces/include/yhs_can_interfaces/yhs_can_interfaces/msg/detail/bms_flag_fb__type_support.hpp
[34.433s] -- Installing: /home/jenter/package/work/install/yhs_can_interfaces/include/yhs_can_interfaces/yhs_can_interfaces/msg/detail/rf_wheel_fb__traits.hpp
[34.433s] -- Installing: /home/jenter/package/work/install/yhs_can_interfaces/include/yhs_can_interfaces/yhs_can_interfaces/msg/detail/motor_cmd__builder.hpp
[34.433s] -- Installing: /home/jenter/package/work/install/yhs_can_interfaces/include/yhs_can_interfaces/yhs_can_interfaces/msg/detail/io_fb__struct.hpp
[34.433s] -- Installing: /home/jenter/package/work/install/yhs_can_interfaces/include/yhs_can_interfaces/yhs_can_interfaces/msg/detail/bms_flag_fb__struct.hpp
[34.433s] -- Installing: /home/jenter/package/work/install/yhs_can_interfaces/include/yhs_can_interfaces/yhs_can_interfaces/msg/detail/drive_motor_current_fb__traits.hpp
[34.434s] -- Installing: /home/jenter/package/work/install/yhs_can_interfaces/include/yhs_can_interfaces/yhs_can_interfaces/msg/detail/motor_fb__type_support.hpp
[34.434s] -- Installing: /home/jenter/package/work/install/yhs_can_interfaces/include/yhs_can_interfaces/yhs_can_interfaces/msg/detail/error_fb__builder.hpp
[34.434s] -- Installing: /home/jenter/package/work/install/yhs_can_interfaces/include/yhs_can_interfaces/yhs_can_interfaces/msg/detail/front_angle_fb__traits.hpp
[34.434s] -- Installing: /home/jenter/package/work/install/yhs_can_interfaces/include/yhs_can_interfaces/yhs_can_interfaces/msg/detail/ultrasonic__traits.hpp
[34.434s] -- Installing: /home/jenter/package/work/install/yhs_can_interfaces/include/yhs_can_interfaces/yhs_can_interfaces/msg/detail/io_cmd__struct.hpp
[34.434s] -- Installing: /home/jenter/package/work/install/yhs_can_interfaces/include/yhs_can_interfaces/yhs_can_interfaces/msg/detail/lr_wheel_fb__traits.hpp
[34.435s] -- Installing: /home/jenter/package/work/install/yhs_can_interfaces/include/yhs_can_interfaces/yhs_can_interfaces/msg/detail/io_cmd__builder.hpp
[34.435s] -- Installing: /home/jenter/package/work/install/yhs_can_interfaces/include/yhs_can_interfaces/yhs_can_interfaces/msg/detail/steering_ctrl_fb__struct.hpp
[34.435s] -- Installing: /home/jenter/package/work/install/yhs_can_interfaces/include/yhs_can_interfaces/yhs_can_interfaces/msg/detail/steering_ctrl_cmd__builder.hpp
[34.435s] -- Installing: /home/jenter/package/work/install/yhs_can_interfaces/include/yhs_can_interfaces/yhs_can_interfaces/msg/detail/rear_angle_fb__builder.hpp
[34.435s] -- Installing: /home/jenter/package/work/install/yhs_can_interfaces/include/yhs_can_interfaces/yhs_can_interfaces/msg/detail/steering_ctrl_fb__traits.hpp
[34.435s] -- Installing: /home/jenter/package/work/install/yhs_can_interfaces/include/yhs_can_interfaces/yhs_can_interfaces/msg/detail/motor_fb__struct.hpp
[34.436s] -- Installing: /home/jenter/package/work/install/yhs_can_interfaces/include/yhs_can_interfaces/yhs_can_interfaces/msg/detail/drive_motor_current_fb__type_support.hpp
[34.436s] -- Installing: /home/jenter/package/work/install/yhs_can_interfaces/include/yhs_can_interfaces/yhs_can_interfaces/msg/detail/lf_wheel_fb__struct.hpp
[34.436s] -- Installing: /home/jenter/package/work/install/yhs_can_interfaces/include/yhs_can_interfaces/yhs_can_interfaces/msg/detail/front_angle_fb__struct.hpp
[34.436s] -- Installing: /home/jenter/package/work/install/yhs_can_interfaces/include/yhs_can_interfaces/yhs_can_interfaces/msg/detail/chassis_info_fb__traits.hpp
[34.436s] -- Installing: /home/jenter/package/work/install/yhs_can_interfaces/include/yhs_can_interfaces/yhs_can_interfaces/msg/detail/chassis_info_fb__type_support.hpp
[34.436s] -- Installing: /home/jenter/package/work/install/yhs_can_interfaces/include/yhs_can_interfaces/yhs_can_interfaces/msg/detail/rf_wheel_fb__type_support.hpp
[34.436s] -- Installing: /home/jenter/package/work/install/yhs_can_interfaces/include/yhs_can_interfaces/yhs_can_interfaces/msg/detail/bms_fb__traits.hpp
[34.437s] -- Installing: /home/jenter/package/work/install/yhs_can_interfaces/include/yhs_can_interfaces/yhs_can_interfaces/msg/detail/lr_wheel_fb__type_support.hpp
[34.437s] -- Installing: /home/jenter/package/work/install/yhs_can_interfaces/include/yhs_can_interfaces/yhs_can_interfaces/msg/detail/drive_motor_current_fb__builder.hpp
[34.437s] -- Installing: /home/jenter/package/work/install/yhs_can_interfaces/include/yhs_can_interfaces/yhs_can_interfaces/msg/detail/io_cmd__traits.hpp
[34.437s] -- Installing: /home/jenter/package/work/install/yhs_can_interfaces/include/yhs_can_interfaces/yhs_can_interfaces/msg/detail/steering_motor_current_fb__builder.hpp
[34.438s] -- Installing: /home/jenter/package/work/install/yhs_can_interfaces/include/yhs_can_interfaces/yhs_can_interfaces/msg/detail/bms_fb__builder.hpp
[34.438s] -- Installing: /home/jenter/package/work/install/yhs_can_interfaces/include/yhs_can_interfaces/yhs_can_interfaces/msg/detail/io_fb__traits.hpp
[34.438s] -- Installing: /home/jenter/package/work/install/yhs_can_interfaces/include/yhs_can_interfaces/yhs_can_interfaces/msg/detail/error_fb__traits.hpp
[34.438s] -- Installing: /home/jenter/package/work/install/yhs_can_interfaces/include/yhs_can_interfaces/yhs_can_interfaces/msg/detail/lr_wheel_fb__builder.hpp
[34.438s] -- Installing: /home/jenter/package/work/install/yhs_can_interfaces/include/yhs_can_interfaces/yhs_can_interfaces/msg/detail/ctrl_fb__traits.hpp
[34.438s] -- Installing: /home/jenter/package/work/install/yhs_can_interfaces/include/yhs_can_interfaces/yhs_can_interfaces/msg/detail/steering_motor_current_fb__traits.hpp
[34.438s] -- Installing: /home/jenter/package/work/install/yhs_can_interfaces/include/yhs_can_interfaces/yhs_can_interfaces/msg/detail/io_cmd__type_support.hpp
[34.439s] -- Installing: /home/jenter/package/work/install/yhs_can_interfaces/include/yhs_can_interfaces/yhs_can_interfaces/msg/detail/chassis_info_fb__struct.hpp
[34.439s] -- Installing: /home/jenter/package/work/install/yhs_can_interfaces/include/yhs_can_interfaces/yhs_can_interfaces/msg/detail/drive_motor_current_fb__struct.hpp
[34.439s] -- Installing: /home/jenter/package/work/install/yhs_can_interfaces/include/yhs_can_interfaces/yhs_can_interfaces/msg/detail/lf_wheel_fb__builder.hpp
[34.439s] -- Installing: /home/jenter/package/work/install/yhs_can_interfaces/include/yhs_can_interfaces/yhs_can_interfaces/msg/detail/motor_cmd__struct.hpp
[34.439s] -- Installing: /home/jenter/package/work/install/yhs_can_interfaces/include/yhs_can_interfaces/yhs_can_interfaces/msg/detail/io_fb__type_support.hpp
[34.439s] -- Installing: /home/jenter/package/work/install/yhs_can_interfaces/include/yhs_can_interfaces/yhs_can_interfaces/msg/detail/steering_ctrl_cmd__type_support.hpp
[34.439s] -- Installing: /home/jenter/package/work/install/yhs_can_interfaces/include/yhs_can_interfaces/yhs_can_interfaces/msg/detail/ctrl_cmd__type_support.hpp
[34.440s] -- Installing: /home/jenter/package/work/install/yhs_can_interfaces/include/yhs_can_interfaces/yhs_can_interfaces/msg/detail/front_angle_fb__type_support.hpp
[34.440s] -- Installing: /home/jenter/package/work/install/yhs_can_interfaces/include/yhs_can_interfaces/yhs_can_interfaces/msg/io_cmd.hpp
[34.440s] -- Installing: /home/jenter/package/work/install/yhs_can_interfaces/include/yhs_can_interfaces/yhs_can_interfaces/msg/bms_fb.hpp
[34.440s] -- Installing: /home/jenter/package/work/install/yhs_can_interfaces/include/yhs_can_interfaces/yhs_can_interfaces/msg/chassis_info_fb.hpp
[34.440s] -- Installing: /home/jenter/package/work/install/yhs_can_interfaces/include/yhs_can_interfaces/yhs_can_interfaces/msg/lr_wheel_fb.hpp
[34.440s] -- Installing: /home/jenter/package/work/install/yhs_can_interfaces/include/yhs_can_interfaces/yhs_can_interfaces/msg/ultrasonic.hpp
[34.441s] -- Installing: /home/jenter/package/work/install/yhs_can_interfaces/include/yhs_can_interfaces/yhs_can_interfaces/msg/motor_fb.hpp
[34.441s] -- Installing: /home/jenter/package/work/install/yhs_can_interfaces/include/yhs_can_interfaces/yhs_can_interfaces/msg/rr_wheel_fb.hpp
[34.441s] -- Installing: /home/jenter/package/work/install/yhs_can_interfaces/include/yhs_can_interfaces/yhs_can_interfaces/msg/lf_wheel_fb.hpp
[34.441s] -- Installing: /home/jenter/package/work/install/yhs_can_interfaces/include/yhs_can_interfaces/yhs_can_interfaces/msg/io_fb.hpp
[34.441s] -- Installing: /home/jenter/package/work/install/yhs_can_interfaces/include/yhs_can_interfaces/yhs_can_interfaces/msg/rf_wheel_fb.hpp
[34.441s] -- Installing: /home/jenter/package/work/install/yhs_can_interfaces/include/yhs_can_interfaces/yhs_can_interfaces/msg/drive_motor_current_fb.hpp
[34.441s] -- Installing: /home/jenter/package/work/install/yhs_can_interfaces/include/yhs_can_interfaces/yhs_can_interfaces/msg/bms_flag_fb.hpp
[34.442s] -- Installing: /home/jenter/package/work/install/yhs_can_interfaces/include/yhs_can_interfaces/yhs_can_interfaces/msg/error_fb.hpp
[34.442s] -- Installing: /home/jenter/package/work/install/yhs_can_interfaces/include/yhs_can_interfaces/yhs_can_interfaces/msg/front_angle_fb.hpp
[34.442s] -- Installing: /home/jenter/package/work/install/yhs_can_interfaces/include/yhs_can_interfaces/yhs_can_interfaces/msg/ctrl_cmd.hpp
[34.442s] -- Installing: /home/jenter/package/work/install/yhs_can_interfaces/include/yhs_can_interfaces/yhs_can_interfaces/msg/rosidl_generator_cpp__visibility_control.hpp
[34.442s] -- Installing: /home/jenter/package/work/install/yhs_can_interfaces/include/yhs_can_interfaces/yhs_can_interfaces/msg/rear_angle_fb.hpp
[34.442s] -- Installing: /home/jenter/package/work/install/yhs_can_interfaces/include/yhs_can_interfaces/yhs_can_interfaces/msg/steering_motor_current_fb.hpp
[34.443s] -- Up-to-date: /home/jenter/package/work/install/yhs_can_interfaces/include/yhs_can_interfaces/yhs_can_interfaces
[34.443s] -- Up-to-date: /home/jenter/package/work/install/yhs_can_interfaces/include/yhs_can_interfaces/yhs_can_interfaces/msg
[34.443s] -- Up-to-date: /home/jenter/package/work/install/yhs_can_interfaces/include/yhs_can_interfaces/yhs_can_interfaces/msg/detail
[34.443s] -- Installing: /home/jenter/package/work/install/yhs_can_interfaces/include/yhs_can_interfaces/yhs_can_interfaces/msg/detail/rear_angle_fb__rosidl_typesupport_fastrtps_cpp.hpp
[34.443s] -- Installing: /home/jenter/package/work/install/yhs_can_interfaces/include/yhs_can_interfaces/yhs_can_interfaces/msg/detail/dds_fastrtps
[34.443s] -- Installing: /home/jenter/package/work/install/yhs_can_interfaces/include/yhs_can_interfaces/yhs_can_interfaces/msg/detail/motor_fb__rosidl_typesupport_fastrtps_cpp.hpp
[34.443s] -- Installing: /home/jenter/package/work/install/yhs_can_interfaces/include/yhs_can_interfaces/yhs_can_interfaces/msg/detail/steering_ctrl_cmd__rosidl_typesupport_fastrtps_cpp.hpp
[34.444s] -- Installing: /home/jenter/package/work/install/yhs_can_interfaces/include/yhs_can_interfaces/yhs_can_interfaces/msg/detail/error_fb__rosidl_typesupport_fastrtps_cpp.hpp
[34.444s] -- Installing: /home/jenter/package/work/install/yhs_can_interfaces/include/yhs_can_interfaces/yhs_can_interfaces/msg/detail/io_fb__rosidl_typesupport_fastrtps_cpp.hpp
[34.444s] -- Installing: /home/jenter/package/work/install/yhs_can_interfaces/include/yhs_can_interfaces/yhs_can_interfaces/msg/detail/lr_wheel_fb__rosidl_typesupport_fastrtps_cpp.hpp
[34.444s] -- Installing: /home/jenter/package/work/install/yhs_can_interfaces/include/yhs_can_interfaces/yhs_can_interfaces/msg/detail/ctrl_cmd__rosidl_typesupport_fastrtps_cpp.hpp
[34.444s] -- Installing: /home/jenter/package/work/install/yhs_can_interfaces/include/yhs_can_interfaces/yhs_can_interfaces/msg/detail/front_angle_fb__rosidl_typesupport_fastrtps_cpp.hpp
[34.444s] -- Installing: /home/jenter/package/work/install/yhs_can_interfaces/include/yhs_can_interfaces/yhs_can_interfaces/msg/detail/bms_fb__rosidl_typesupport_fastrtps_cpp.hpp
[34.444s] -- Installing: /home/jenter/package/work/install/yhs_can_interfaces/include/yhs_can_interfaces/yhs_can_interfaces/msg/detail/motor_cmd__rosidl_typesupport_fastrtps_cpp.hpp
[34.445s] -- Installing: /home/jenter/package/work/install/yhs_can_interfaces/include/yhs_can_interfaces/yhs_can_interfaces/msg/detail/rf_wheel_fb__rosidl_typesupport_fastrtps_cpp.hpp
[34.445s] -- Installing: /home/jenter/package/work/install/yhs_can_interfaces/include/yhs_can_interfaces/yhs_can_interfaces/msg/detail/bms_flag_fb__rosidl_typesupport_fastrtps_cpp.hpp
[34.445s] -- Installing: /home/jenter/package/work/install/yhs_can_interfaces/include/yhs_can_interfaces/yhs_can_interfaces/msg/detail/steering_motor_current_fb__rosidl_typesupport_fastrtps_cpp.hpp
[34.445s] -- Installing: /home/jenter/package/work/install/yhs_can_interfaces/include/yhs_can_interfaces/yhs_can_interfaces/msg/detail/chassis_info_fb__rosidl_typesupport_fastrtps_cpp.hpp
[34.445s] -- Installing: /home/jenter/package/work/install/yhs_can_interfaces/include/yhs_can_interfaces/yhs_can_interfaces/msg/detail/drive_motor_current_fb__rosidl_typesupport_fastrtps_cpp.hpp
[34.445s] -- Installing: /home/jenter/package/work/install/yhs_can_interfaces/include/yhs_can_interfaces/yhs_can_interfaces/msg/detail/io_cmd__rosidl_typesupport_fastrtps_cpp.hpp
[34.445s] -- Installing: /home/jenter/package/work/install/yhs_can_interfaces/include/yhs_can_interfaces/yhs_can_interfaces/msg/detail/lf_wheel_fb__rosidl_typesupport_fastrtps_cpp.hpp
[34.446s] -- Installing: /home/jenter/package/work/install/yhs_can_interfaces/include/yhs_can_interfaces/yhs_can_interfaces/msg/detail/rr_wheel_fb__rosidl_typesupport_fastrtps_cpp.hpp
[34.446s] -- Installing: /home/jenter/package/work/install/yhs_can_interfaces/include/yhs_can_interfaces/yhs_can_interfaces/msg/detail/ultrasonic__rosidl_typesupport_fastrtps_cpp.hpp
[34.446s] -- Installing: /home/jenter/package/work/install/yhs_can_interfaces/include/yhs_can_interfaces/yhs_can_interfaces/msg/detail/ctrl_fb__rosidl_typesupport_fastrtps_cpp.hpp
[34.446s] -- Installing: /home/jenter/package/work/install/yhs_can_interfaces/include/yhs_can_interfaces/yhs_can_interfaces/msg/detail/steering_ctrl_fb__rosidl_typesupport_fastrtps_cpp.hpp
[34.446s] -- Installing: /home/jenter/package/work/install/yhs_can_interfaces/include/yhs_can_interfaces/yhs_can_interfaces/msg/rosidl_typesupport_fastrtps_cpp__visibility_control.h
[34.446s] -- Installing: /home/jenter/package/work/install/yhs_can_interfaces/lib/libyhs_can_interfaces__rosidl_typesupport_fastrtps_cpp.so
[34.447s] -- Set runtime path of "/home/jenter/package/work/install/yhs_can_interfaces/lib/libyhs_can_interfaces__rosidl_typesupport_fastrtps_cpp.so" to ""
[34.447s] -- Up-to-date: /home/jenter/package/work/install/yhs_can_interfaces/include/yhs_can_interfaces/yhs_can_interfaces
[34.447s] -- Up-to-date: /home/jenter/package/work/install/yhs_can_interfaces/include/yhs_can_interfaces/yhs_can_interfaces/msg
[34.448s] -- Up-to-date: /home/jenter/package/work/install/yhs_can_interfaces/include/yhs_can_interfaces/yhs_can_interfaces/msg/detail
[34.448s] -- Installing: /home/jenter/package/work/install/yhs_can_interfaces/include/yhs_can_interfaces/yhs_can_interfaces/msg/detail/lf_wheel_fb__type_support.cpp
[34.448s] -- Installing: /home/jenter/package/work/install/yhs_can_interfaces/include/yhs_can_interfaces/yhs_can_interfaces/msg/detail/front_angle_fb__type_support.cpp
[34.448s] -- Installing: /home/jenter/package/work/install/yhs_can_interfaces/include/yhs_can_interfaces/yhs_can_interfaces/msg/detail/ultrasonic__rosidl_typesupport_introspection_cpp.hpp
[34.448s] -- Installing: /home/jenter/package/work/install/yhs_can_interfaces/include/yhs_can_interfaces/yhs_can_interfaces/msg/detail/steering_ctrl_cmd__type_support.cpp
[34.448s] -- Installing: /home/jenter/package/work/install/yhs_can_interfaces/include/yhs_can_interfaces/yhs_can_interfaces/msg/detail/motor_fb__rosidl_typesupport_introspection_cpp.hpp
[34.448s] -- Installing: /home/jenter/package/work/install/yhs_can_interfaces/include/yhs_can_interfaces/yhs_can_interfaces/msg/detail/ctrl_fb__rosidl_typesupport_introspection_cpp.hpp
[34.449s] -- Installing: /home/jenter/package/work/install/yhs_can_interfaces/include/yhs_can_interfaces/yhs_can_interfaces/msg/detail/io_fb__rosidl_typesupport_introspection_cpp.hpp
[34.449s] -- Installing: /home/jenter/package/work/install/yhs_can_interfaces/include/yhs_can_interfaces/yhs_can_interfaces/msg/detail/rr_wheel_fb__rosidl_typesupport_introspection_cpp.hpp
[34.449s] -- Installing: /home/jenter/package/work/install/yhs_can_interfaces/include/yhs_can_interfaces/yhs_can_interfaces/msg/detail/bms_fb__type_support.cpp
[34.449s] -- Installing: /home/jenter/package/work/install/yhs_can_interfaces/include/yhs_can_interfaces/yhs_can_interfaces/msg/detail/io_cmd__type_support.cpp
[34.449s] -- Installing: /home/jenter/package/work/install/yhs_can_interfaces/include/yhs_can_interfaces/yhs_can_interfaces/msg/detail/error_fb__rosidl_typesupport_introspection_cpp.hpp
[34.449s] -- Installing: /home/jenter/package/work/install/yhs_can_interfaces/include/yhs_can_interfaces/yhs_can_interfaces/msg/detail/rear_angle_fb__rosidl_typesupport_introspection_cpp.hpp
[34.449s] -- Installing: /home/jenter/package/work/install/yhs_can_interfaces/include/yhs_can_interfaces/yhs_can_interfaces/msg/detail/lf_wheel_fb__rosidl_typesupport_introspection_cpp.hpp
[34.450s] -- Installing: /home/jenter/package/work/install/yhs_can_interfaces/include/yhs_can_interfaces/yhs_can_interfaces/msg/detail/chassis_info_fb__rosidl_typesupport_introspection_cpp.hpp
[34.450s] -- Installing: /home/jenter/package/work/install/yhs_can_interfaces/include/yhs_can_interfaces/yhs_can_interfaces/msg/detail/steering_motor_current_fb__type_support.cpp
[34.450s] -- Installing: /home/jenter/package/work/install/yhs_can_interfaces/include/yhs_can_interfaces/yhs_can_interfaces/msg/detail/motor_cmd__type_support.cpp
[34.450s] -- Installing: /home/jenter/package/work/install/yhs_can_interfaces/include/yhs_can_interfaces/yhs_can_interfaces/msg/detail/steering_motor_current_fb__rosidl_typesupport_introspection_cpp.hpp
[34.451s] -- Installing: /home/jenter/package/work/install/yhs_can_interfaces/include/yhs_can_interfaces/yhs_can_interfaces/msg/detail/bms_flag_fb__type_support.cpp
[34.451s] -- Installing: /home/jenter/package/work/install/yhs_can_interfaces/include/yhs_can_interfaces/yhs_can_interfaces/msg/detail/chassis_info_fb__type_support.cpp
[34.451s] -- Installing: /home/jenter/package/work/install/yhs_can_interfaces/include/yhs_can_interfaces/yhs_can_interfaces/msg/detail/bms_fb__rosidl_typesupport_introspection_cpp.hpp
[34.451s] -- Installing: /home/jenter/package/work/install/yhs_can_interfaces/include/yhs_can_interfaces/yhs_can_interfaces/msg/detail/ultrasonic__type_support.cpp
[34.451s] -- Installing: /home/jenter/package/work/install/yhs_can_interfaces/include/yhs_can_interfaces/yhs_can_interfaces/msg/detail/lr_wheel_fb__type_support.cpp
[34.451s] -- Installing: /home/jenter/package/work/install/yhs_can_interfaces/include/yhs_can_interfaces/yhs_can_interfaces/msg/detail/rr_wheel_fb__type_support.cpp
[34.451s] -- Installing: /home/jenter/package/work/install/yhs_can_interfaces/include/yhs_can_interfaces/yhs_can_interfaces/msg/detail/error_fb__type_support.cpp
[34.452s] -- Installing: /home/jenter/package/work/install/yhs_can_interfaces/include/yhs_can_interfaces/yhs_can_interfaces/msg/detail/motor_fb__type_support.cpp
[34.452s] -- Installing: /home/jenter/package/work/install/yhs_can_interfaces/include/yhs_can_interfaces/yhs_can_interfaces/msg/detail/drive_motor_current_fb__rosidl_typesupport_introspection_cpp.hpp
[34.452s] -- Installing: /home/jenter/package/work/install/yhs_can_interfaces/include/yhs_can_interfaces/yhs_can_interfaces/msg/detail/rf_wheel_fb__type_support.cpp
[34.452s] -- Installing: /home/jenter/package/work/install/yhs_can_interfaces/include/yhs_can_interfaces/yhs_can_interfaces/msg/detail/bms_flag_fb__rosidl_typesupport_introspection_cpp.hpp
[34.452s] -- Installing: /home/jenter/package/work/install/yhs_can_interfaces/include/yhs_can_interfaces/yhs_can_interfaces/msg/detail/ctrl_fb__type_support.cpp
[34.452s] -- Installing: /home/jenter/package/work/install/yhs_can_interfaces/include/yhs_can_interfaces/yhs_can_interfaces/msg/detail/steering_ctrl_fb__rosidl_typesupport_introspection_cpp.hpp
[34.452s] -- Installing: /home/jenter/package/work/install/yhs_can_interfaces/include/yhs_can_interfaces/yhs_can_interfaces/msg/detail/front_angle_fb__rosidl_typesupport_introspection_cpp.hpp
[34.453s] -- Installing: /home/jenter/package/work/install/yhs_can_interfaces/include/yhs_can_interfaces/yhs_can_interfaces/msg/detail/rear_angle_fb__type_support.cpp
[34.453s] -- Installing: /home/jenter/package/work/install/yhs_can_interfaces/include/yhs_can_interfaces/yhs_can_interfaces/msg/detail/steering_ctrl_fb__type_support.cpp
[34.453s] -- Installing: /home/jenter/package/work/install/yhs_can_interfaces/include/yhs_can_interfaces/yhs_can_interfaces/msg/detail/ctrl_cmd__rosidl_typesupport_introspection_cpp.hpp
[34.453s] -- Installing: /home/jenter/package/work/install/yhs_can_interfaces/include/yhs_can_interfaces/yhs_can_interfaces/msg/detail/io_cmd__rosidl_typesupport_introspection_cpp.hpp
[34.453s] -- Installing: /home/jenter/package/work/install/yhs_can_interfaces/include/yhs_can_interfaces/yhs_can_interfaces/msg/detail/rf_wheel_fb__rosidl_typesupport_introspection_cpp.hpp
[34.453s] -- Installing: /home/jenter/package/work/install/yhs_can_interfaces/include/yhs_can_interfaces/yhs_can_interfaces/msg/detail/lr_wheel_fb__rosidl_typesupport_introspection_cpp.hpp
[34.454s] -- Installing: /home/jenter/package/work/install/yhs_can_interfaces/include/yhs_can_interfaces/yhs_can_interfaces/msg/detail/steering_ctrl_cmd__rosidl_typesupport_introspection_cpp.hpp
[34.454s] -- Installing: /home/jenter/package/work/install/yhs_can_interfaces/include/yhs_can_interfaces/yhs_can_interfaces/msg/detail/ctrl_cmd__type_support.cpp
[34.454s] -- Installing: /home/jenter/package/work/install/yhs_can_interfaces/include/yhs_can_interfaces/yhs_can_interfaces/msg/detail/io_fb__type_support.cpp
[34.454s] -- Installing: /home/jenter/package/work/install/yhs_can_interfaces/include/yhs_can_interfaces/yhs_can_interfaces/msg/detail/drive_motor_current_fb__type_support.cpp
[34.454s] -- Installing: /home/jenter/package/work/install/yhs_can_interfaces/include/yhs_can_interfaces/yhs_can_interfaces/msg/detail/motor_cmd__rosidl_typesupport_introspection_cpp.hpp
[34.455s] -- Installing: /home/jenter/package/work/install/yhs_can_interfaces/lib/libyhs_can_interfaces__rosidl_typesupport_introspection_cpp.so
[34.455s] -- Set runtime path of "/home/jenter/package/work/install/yhs_can_interfaces/lib/libyhs_can_interfaces__rosidl_typesupport_introspection_cpp.so" to ""
[34.455s] -- Installing: /home/jenter/package/work/install/yhs_can_interfaces/lib/libyhs_can_interfaces__rosidl_typesupport_cpp.so
[34.456s] -- Set runtime path of "/home/jenter/package/work/install/yhs_can_interfaces/lib/libyhs_can_interfaces__rosidl_typesupport_cpp.so" to ""
[34.456s] -- Installing: /home/jenter/package/work/install/yhs_can_interfaces/share/yhs_can_interfaces/environment/pythonpath.sh
[34.456s] -- Installing: /home/jenter/package/work/install/yhs_can_interfaces/share/yhs_can_interfaces/environment/pythonpath.dsv
[34.457s] -- Installing: /home/jenter/package/work/install/yhs_can_interfaces/local/lib/python3.10/dist-packages/yhs_can_interfaces-0.0.0-py3.10.egg-info
[34.457s] -- Installing: /home/jenter/package/work/install/yhs_can_interfaces/local/lib/python3.10/dist-packages/yhs_can_interfaces-0.0.0-py3.10.egg-info/dependency_links.txt
[34.457s] -- Installing: /home/jenter/package/work/install/yhs_can_interfaces/local/lib/python3.10/dist-packages/yhs_can_interfaces-0.0.0-py3.10.egg-info/SOURCES.txt
[34.457s] -- Installing: /home/jenter/package/work/install/yhs_can_interfaces/local/lib/python3.10/dist-packages/yhs_can_interfaces-0.0.0-py3.10.egg-info/top_level.txt
[34.457s] -- Installing: /home/jenter/package/work/install/yhs_can_interfaces/local/lib/python3.10/dist-packages/yhs_can_interfaces-0.0.0-py3.10.egg-info/PKG-INFO
[34.458s] -- Installing: /home/jenter/package/work/install/yhs_can_interfaces/local/lib/python3.10/dist-packages/yhs_can_interfaces
[34.458s] -- Installing: /home/jenter/package/work/install/yhs_can_interfaces/local/lib/python3.10/dist-packages/yhs_can_interfaces/libyhs_can_interfaces__rosidl_generator_py.so
[34.458s] -- Installing: /home/jenter/package/work/install/yhs_can_interfaces/local/lib/python3.10/dist-packages/yhs_can_interfaces/yhs_can_interfaces_s__rosidl_typesupport_introspection_c.cpython-310-x86_64-linux-gnu.so
[34.458s] -- Installing: /home/jenter/package/work/install/yhs_can_interfaces/local/lib/python3.10/dist-packages/yhs_can_interfaces/msg
[34.458s] -- Installing: /home/jenter/package/work/install/yhs_can_interfaces/local/lib/python3.10/dist-packages/yhs_can_interfaces/msg/_lr_wheel_fb.py
[34.459s] -- Installing: /home/jenter/package/work/install/yhs_can_interfaces/local/lib/python3.10/dist-packages/yhs_can_interfaces/msg/_chassis_info_fb.py
[34.459s] -- Installing: /home/jenter/package/work/install/yhs_can_interfaces/local/lib/python3.10/dist-packages/yhs_can_interfaces/msg/_ultrasonic_s.c
[34.459s] -- Installing: /home/jenter/package/work/install/yhs_can_interfaces/local/lib/python3.10/dist-packages/yhs_can_interfaces/msg/_steering_motor_current_fb.py
[34.459s] -- Installing: /home/jenter/package/work/install/yhs_can_interfaces/local/lib/python3.10/dist-packages/yhs_can_interfaces/msg/_bms_fb_s.c
[34.459s] -- Installing: /home/jenter/package/work/install/yhs_can_interfaces/local/lib/python3.10/dist-packages/yhs_can_interfaces/msg/_io_cmd.py
[34.459s] -- Installing: /home/jenter/package/work/install/yhs_can_interfaces/local/lib/python3.10/dist-packages/yhs_can_interfaces/msg/_rr_wheel_fb_s.c
[34.460s] -- Installing: /home/jenter/package/work/install/yhs_can_interfaces/local/lib/python3.10/dist-packages/yhs_can_interfaces/msg/_motor_cmd_s.c
[34.460s] -- Installing: /home/jenter/package/work/install/yhs_can_interfaces/local/lib/python3.10/dist-packages/yhs_can_interfaces/msg/_error_fb.py
[34.460s] -- Installing: /home/jenter/package/work/install/yhs_can_interfaces/local/lib/python3.10/dist-packages/yhs_can_interfaces/msg/_lf_wheel_fb_s.c
[34.460s] -- Installing: /home/jenter/package/work/install/yhs_can_interfaces/local/lib/python3.10/dist-packages/yhs_can_interfaces/msg/_chassis_info_fb_s.c
[34.460s] -- Installing: /home/jenter/package/work/install/yhs_can_interfaces/local/lib/python3.10/dist-packages/yhs_can_interfaces/msg/_front_angle_fb.py
[34.460s] -- Installing: /home/jenter/package/work/install/yhs_can_interfaces/local/lib/python3.10/dist-packages/yhs_can_interfaces/msg/_rear_angle_fb.py
[34.460s] -- Installing: /home/jenter/package/work/install/yhs_can_interfaces/local/lib/python3.10/dist-packages/yhs_can_interfaces/msg/_rf_wheel_fb_s.c
[34.461s] -- Installing: /home/jenter/package/work/install/yhs_can_interfaces/local/lib/python3.10/dist-packages/yhs_can_interfaces/msg/_front_angle_fb_s.c
[34.461s] -- Installing: /home/jenter/package/work/install/yhs_can_interfaces/local/lib/python3.10/dist-packages/yhs_can_interfaces/msg/_steering_ctrl_cmd_s.c
[34.461s] -- Installing: /home/jenter/package/work/install/yhs_can_interfaces/local/lib/python3.10/dist-packages/yhs_can_interfaces/msg/_io_fb.py
[34.461s] -- Installing: /home/jenter/package/work/install/yhs_can_interfaces/local/lib/python3.10/dist-packages/yhs_can_interfaces/msg/_ctrl_cmd.py
[34.461s] -- Installing: /home/jenter/package/work/install/yhs_can_interfaces/local/lib/python3.10/dist-packages/yhs_can_interfaces/msg/__init__.py
[34.461s] -- Installing: /home/jenter/package/work/install/yhs_can_interfaces/local/lib/python3.10/dist-packages/yhs_can_interfaces/msg/_lf_wheel_fb.py
[34.461s] -- Installing: /home/jenter/package/work/install/yhs_can_interfaces/local/lib/python3.10/dist-packages/yhs_can_interfaces/msg/_ctrl_cmd_s.c
[34.462s] -- Installing: /home/jenter/package/work/install/yhs_can_interfaces/local/lib/python3.10/dist-packages/yhs_can_interfaces/msg/_rear_angle_fb_s.c
[34.462s] -- Installing: /home/jenter/package/work/install/yhs_can_interfaces/local/lib/python3.10/dist-packages/yhs_can_interfaces/msg/_steering_ctrl_fb.py
[34.462s] -- Installing: /home/jenter/package/work/install/yhs_can_interfaces/local/lib/python3.10/dist-packages/yhs_can_interfaces/msg/_io_fb_s.c
[34.462s] -- Installing: /home/jenter/package/work/install/yhs_can_interfaces/local/lib/python3.10/dist-packages/yhs_can_interfaces/msg/_io_cmd_s.c
[34.462s] -- Installing: /home/jenter/package/work/install/yhs_can_interfaces/local/lib/python3.10/dist-packages/yhs_can_interfaces/msg/_bms_fb.py
[34.462s] -- Installing: /home/jenter/package/work/install/yhs_can_interfaces/local/lib/python3.10/dist-packages/yhs_can_interfaces/msg/_rf_wheel_fb.py
[34.463s] -- Installing: /home/jenter/package/work/install/yhs_can_interfaces/local/lib/python3.10/dist-packages/yhs_can_interfaces/msg/_motor_fb_s.c
[34.463s] -- Installing: /home/jenter/package/work/install/yhs_can_interfaces/local/lib/python3.10/dist-packages/yhs_can_interfaces/msg/_ultrasonic.py
[34.463s] -- Installing: /home/jenter/package/work/install/yhs_can_interfaces/local/lib/python3.10/dist-packages/yhs_can_interfaces/msg/_bms_flag_fb_s.c
[34.463s] -- Installing: /home/jenter/package/work/install/yhs_can_interfaces/local/lib/python3.10/dist-packages/yhs_can_interfaces/msg/_bms_flag_fb.py
[34.463s] -- Installing: /home/jenter/package/work/install/yhs_can_interfaces/local/lib/python3.10/dist-packages/yhs_can_interfaces/msg/_lr_wheel_fb_s.c
[34.463s] -- Installing: /home/jenter/package/work/install/yhs_can_interfaces/local/lib/python3.10/dist-packages/yhs_can_interfaces/msg/_drive_motor_current_fb_s.c
[34.464s] -- Installing: /home/jenter/package/work/install/yhs_can_interfaces/local/lib/python3.10/dist-packages/yhs_can_interfaces/msg/_ctrl_fb.py
[34.464s] -- Installing: /home/jenter/package/work/install/yhs_can_interfaces/local/lib/python3.10/dist-packages/yhs_can_interfaces/msg/_steering_motor_current_fb_s.c
[34.464s] -- Installing: /home/jenter/package/work/install/yhs_can_interfaces/local/lib/python3.10/dist-packages/yhs_can_interfaces/msg/_error_fb_s.c
[34.464s] -- Installing: /home/jenter/package/work/install/yhs_can_interfaces/local/lib/python3.10/dist-packages/yhs_can_interfaces/msg/_steering_ctrl_fb_s.c
[34.464s] -- Installing: /home/jenter/package/work/install/yhs_can_interfaces/local/lib/python3.10/dist-packages/yhs_can_interfaces/msg/_drive_motor_current_fb.py
[34.464s] -- Installing: /home/jenter/package/work/install/yhs_can_interfaces/local/lib/python3.10/dist-packages/yhs_can_interfaces/msg/_motor_cmd.py
[34.465s] -- Installing: /home/jenter/package/work/install/yhs_can_interfaces/local/lib/python3.10/dist-packages/yhs_can_interfaces/msg/_motor_fb.py
[34.465s] -- Installing: /home/jenter/package/work/install/yhs_can_interfaces/local/lib/python3.10/dist-packages/yhs_can_interfaces/msg/_steering_ctrl_cmd.py
[34.465s] -- Installing: /home/jenter/package/work/install/yhs_can_interfaces/local/lib/python3.10/dist-packages/yhs_can_interfaces/msg/_rr_wheel_fb.py
[34.465s] -- Installing: /home/jenter/package/work/install/yhs_can_interfaces/local/lib/python3.10/dist-packages/yhs_can_interfaces/msg/_ctrl_fb_s.c
[34.465s] -- Installing: /home/jenter/package/work/install/yhs_can_interfaces/local/lib/python3.10/dist-packages/yhs_can_interfaces/yhs_can_interfaces_s__rosidl_typesupport_c.cpython-310-x86_64-linux-gnu.so
[34.466s] -- Installing: /home/jenter/package/work/install/yhs_can_interfaces/local/lib/python3.10/dist-packages/yhs_can_interfaces/__init__.py
[34.466s] -- Installing: /home/jenter/package/work/install/yhs_can_interfaces/local/lib/python3.10/dist-packages/yhs_can_interfaces/_yhs_can_interfaces_s.ep.rosidl_typesupport_introspection_c.c
[34.466s] -- Installing: /home/jenter/package/work/install/yhs_can_interfaces/local/lib/python3.10/dist-packages/yhs_can_interfaces/_yhs_can_interfaces_s.ep.rosidl_typesupport_fastrtps_c.c
[34.466s] -- Installing: /home/jenter/package/work/install/yhs_can_interfaces/local/lib/python3.10/dist-packages/yhs_can_interfaces/_yhs_can_interfaces_s.ep.rosidl_typesupport_c.c
[34.467s] -- Installing: /home/jenter/package/work/install/yhs_can_interfaces/local/lib/python3.10/dist-packages/yhs_can_interfaces/yhs_can_interfaces_s__rosidl_typesupport_fastrtps_c.cpython-310-x86_64-linux-gnu.so
[34.555s] Listing '/home/jenter/package/work/install/yhs_can_interfaces/local/lib/python3.10/dist-packages/yhs_can_interfaces'...
[34.556s] Compiling '/home/jenter/package/work/install/yhs_can_interfaces/local/lib/python3.10/dist-packages/yhs_can_interfaces/__init__.py'...
[34.556s] Listing '/home/jenter/package/work/install/yhs_can_interfaces/local/lib/python3.10/dist-packages/yhs_can_interfaces/msg'...
[34.556s] Compiling '/home/jenter/package/work/install/yhs_can_interfaces/local/lib/python3.10/dist-packages/yhs_can_interfaces/msg/__init__.py'...
[34.556s] Compiling '/home/jenter/package/work/install/yhs_can_interfaces/local/lib/python3.10/dist-packages/yhs_can_interfaces/msg/_bms_fb.py'...
[34.556s] Compiling '/home/jenter/package/work/install/yhs_can_interfaces/local/lib/python3.10/dist-packages/yhs_can_interfaces/msg/_bms_flag_fb.py'...
[34.556s] Compiling '/home/jenter/package/work/install/yhs_can_interfaces/local/lib/python3.10/dist-packages/yhs_can_interfaces/msg/_chassis_info_fb.py'...
[34.556s] Compiling '/home/jenter/package/work/install/yhs_can_interfaces/local/lib/python3.10/dist-packages/yhs_can_interfaces/msg/_ctrl_cmd.py'...
[34.556s] Compiling '/home/jenter/package/work/install/yhs_can_interfaces/local/lib/python3.10/dist-packages/yhs_can_interfaces/msg/_ctrl_fb.py'...
[34.556s] Compiling '/home/jenter/package/work/install/yhs_can_interfaces/local/lib/python3.10/dist-packages/yhs_can_interfaces/msg/_drive_motor_current_fb.py'...
[34.556s] Compiling '/home/jenter/package/work/install/yhs_can_interfaces/local/lib/python3.10/dist-packages/yhs_can_interfaces/msg/_error_fb.py'...
[34.557s] Compiling '/home/jenter/package/work/install/yhs_can_interfaces/local/lib/python3.10/dist-packages/yhs_can_interfaces/msg/_front_angle_fb.py'...
[34.557s] Compiling '/home/jenter/package/work/install/yhs_can_interfaces/local/lib/python3.10/dist-packages/yhs_can_interfaces/msg/_io_cmd.py'...
[34.557s] Compiling '/home/jenter/package/work/install/yhs_can_interfaces/local/lib/python3.10/dist-packages/yhs_can_interfaces/msg/_io_fb.py'...
[34.557s] Compiling '/home/jenter/package/work/install/yhs_can_interfaces/local/lib/python3.10/dist-packages/yhs_can_interfaces/msg/_lf_wheel_fb.py'...
[34.557s] Compiling '/home/jenter/package/work/install/yhs_can_interfaces/local/lib/python3.10/dist-packages/yhs_can_interfaces/msg/_lr_wheel_fb.py'...
[34.557s] Compiling '/home/jenter/package/work/install/yhs_can_interfaces/local/lib/python3.10/dist-packages/yhs_can_interfaces/msg/_motor_cmd.py'...
[34.557s] Compiling '/home/jenter/package/work/install/yhs_can_interfaces/local/lib/python3.10/dist-packages/yhs_can_interfaces/msg/_motor_fb.py'...
[34.557s] Compiling '/home/jenter/package/work/install/yhs_can_interfaces/local/lib/python3.10/dist-packages/yhs_can_interfaces/msg/_rear_angle_fb.py'...
[34.557s] Compiling '/home/jenter/package/work/install/yhs_can_interfaces/local/lib/python3.10/dist-packages/yhs_can_interfaces/msg/_rf_wheel_fb.py'...
[34.557s] Compiling '/home/jenter/package/work/install/yhs_can_interfaces/local/lib/python3.10/dist-packages/yhs_can_interfaces/msg/_rr_wheel_fb.py'...
[34.558s] Compiling '/home/jenter/package/work/install/yhs_can_interfaces/local/lib/python3.10/dist-packages/yhs_can_interfaces/msg/_steering_ctrl_cmd.py'...
[34.558s] Compiling '/home/jenter/package/work/install/yhs_can_interfaces/local/lib/python3.10/dist-packages/yhs_can_interfaces/msg/_steering_ctrl_fb.py'...
[34.558s] Compiling '/home/jenter/package/work/install/yhs_can_interfaces/local/lib/python3.10/dist-packages/yhs_can_interfaces/msg/_steering_motor_current_fb.py'...
[34.558s] Compiling '/home/jenter/package/work/install/yhs_can_interfaces/local/lib/python3.10/dist-packages/yhs_can_interfaces/msg/_ultrasonic.py'...
[34.564s] -- Installing: /home/jenter/package/work/install/yhs_can_interfaces/local/lib/python3.10/dist-packages/yhs_can_interfaces/yhs_can_interfaces_s__rosidl_typesupport_fastrtps_c.cpython-310-x86_64-linux-gnu.so
[34.564s] -- Set runtime path of "/home/jenter/package/work/install/yhs_can_interfaces/local/lib/python3.10/dist-packages/yhs_can_interfaces/yhs_can_interfaces_s__rosidl_typesupport_fastrtps_c.cpython-310-x86_64-linux-gnu.so" to ""
[34.564s] -- Installing: /home/jenter/package/work/install/yhs_can_interfaces/local/lib/python3.10/dist-packages/yhs_can_interfaces/yhs_can_interfaces_s__rosidl_typesupport_introspection_c.cpython-310-x86_64-linux-gnu.so
[34.565s] -- Set runtime path of "/home/jenter/package/work/install/yhs_can_interfaces/local/lib/python3.10/dist-packages/yhs_can_interfaces/yhs_can_interfaces_s__rosidl_typesupport_introspection_c.cpython-310-x86_64-linux-gnu.so" to ""
[34.565s] -- Installing: /home/jenter/package/work/install/yhs_can_interfaces/local/lib/python3.10/dist-packages/yhs_can_interfaces/yhs_can_interfaces_s__rosidl_typesupport_c.cpython-310-x86_64-linux-gnu.so
[34.566s] -- Set runtime path of "/home/jenter/package/work/install/yhs_can_interfaces/local/lib/python3.10/dist-packages/yhs_can_interfaces/yhs_can_interfaces_s__rosidl_typesupport_c.cpython-310-x86_64-linux-gnu.so" to ""
[34.566s] -- Installing: /home/jenter/package/work/install/yhs_can_interfaces/lib/libyhs_can_interfaces__rosidl_generator_py.so
[34.566s] -- Set runtime path of "/home/jenter/package/work/install/yhs_can_interfaces/lib/libyhs_can_interfaces__rosidl_generator_py.so" to ""
[34.567s] -- Installing: /home/jenter/package/work/install/yhs_can_interfaces/share/yhs_can_interfaces/msg/BmsFlagFb.idl
[34.567s] -- Installing: /home/jenter/package/work/install/yhs_can_interfaces/share/yhs_can_interfaces/msg/BmsFb.idl
[34.567s] -- Installing: /home/jenter/package/work/install/yhs_can_interfaces/share/yhs_can_interfaces/msg/ChassisInfoFb.idl
[34.567s] -- Installing: /home/jenter/package/work/install/yhs_can_interfaces/share/yhs_can_interfaces/msg/CtrlCmd.idl
[34.567s] -- Installing: /home/jenter/package/work/install/yhs_can_interfaces/share/yhs_can_interfaces/msg/CtrlFb.idl
[34.568s] -- Installing: /home/jenter/package/work/install/yhs_can_interfaces/share/yhs_can_interfaces/msg/SteeringCtrlCmd.idl
[34.568s] -- Installing: /home/jenter/package/work/install/yhs_can_interfaces/share/yhs_can_interfaces/msg/SteeringCtrlFb.idl
[34.568s] -- Installing: /home/jenter/package/work/install/yhs_can_interfaces/share/yhs_can_interfaces/msg/FrontAngleFb.idl
[34.568s] -- Installing: /home/jenter/package/work/install/yhs_can_interfaces/share/yhs_can_interfaces/msg/IoCmd.idl
[34.568s] -- Installing: /home/jenter/package/work/install/yhs_can_interfaces/share/yhs_can_interfaces/msg/IoFb.idl
[34.569s] -- Installing: /home/jenter/package/work/install/yhs_can_interfaces/share/yhs_can_interfaces/msg/LrWheelFb.idl
[34.569s] -- Installing: /home/jenter/package/work/install/yhs_can_interfaces/share/yhs_can_interfaces/msg/RrWheelFb.idl
[34.569s] -- Installing: /home/jenter/package/work/install/yhs_can_interfaces/share/yhs_can_interfaces/msg/LfWheelFb.idl
[34.569s] -- Installing: /home/jenter/package/work/install/yhs_can_interfaces/share/yhs_can_interfaces/msg/RfWheelFb.idl
[34.569s] -- Installing: /home/jenter/package/work/install/yhs_can_interfaces/share/yhs_can_interfaces/msg/RearAngleFb.idl
[34.570s] -- Installing: /home/jenter/package/work/install/yhs_can_interfaces/share/yhs_can_interfaces/msg/Ultrasonic.idl
[34.570s] -- Installing: /home/jenter/package/work/install/yhs_can_interfaces/share/yhs_can_interfaces/msg/ErrorFb.idl
[34.570s] -- Installing: /home/jenter/package/work/install/yhs_can_interfaces/share/yhs_can_interfaces/msg/MotorCmd.idl
[34.570s] -- Installing: /home/jenter/package/work/install/yhs_can_interfaces/share/yhs_can_interfaces/msg/MotorFb.idl
[34.570s] -- Installing: /home/jenter/package/work/install/yhs_can_interfaces/share/yhs_can_interfaces/msg/DriveMotorCurrentFb.idl
[34.571s] -- Installing: /home/jenter/package/work/install/yhs_can_interfaces/share/yhs_can_interfaces/msg/SteeringMotorCurrentFb.idl
[34.571s] -- Installing: /home/jenter/package/work/install/yhs_can_interfaces/share/yhs_can_interfaces/msg/BmsFlagFb.msg
[34.571s] -- Installing: /home/jenter/package/work/install/yhs_can_interfaces/share/yhs_can_interfaces/msg/BmsFb.msg
[34.571s] -- Installing: /home/jenter/package/work/install/yhs_can_interfaces/share/yhs_can_interfaces/msg/ChassisInfoFb.msg
[34.572s] -- Installing: /home/jenter/package/work/install/yhs_can_interfaces/share/yhs_can_interfaces/msg/CtrlCmd.msg
[34.572s] -- Installing: /home/jenter/package/work/install/yhs_can_interfaces/share/yhs_can_interfaces/msg/CtrlFb.msg
[34.572s] -- Installing: /home/jenter/package/work/install/yhs_can_interfaces/share/yhs_can_interfaces/msg/SteeringCtrlCmd.msg
[34.572s] -- Installing: /home/jenter/package/work/install/yhs_can_interfaces/share/yhs_can_interfaces/msg/SteeringCtrlFb.msg
[34.572s] -- Installing: /home/jenter/package/work/install/yhs_can_interfaces/share/yhs_can_interfaces/msg/FrontAngleFb.msg
[34.573s] -- Installing: /home/jenter/package/work/install/yhs_can_interfaces/share/yhs_can_interfaces/msg/IoCmd.msg
[34.573s] -- Installing: /home/jenter/package/work/install/yhs_can_interfaces/share/yhs_can_interfaces/msg/IoFb.msg
[34.573s] -- Installing: /home/jenter/package/work/install/yhs_can_interfaces/share/yhs_can_interfaces/msg/LrWheelFb.msg
[34.573s] -- Installing: /home/jenter/package/work/install/yhs_can_interfaces/share/yhs_can_interfaces/msg/RrWheelFb.msg
[34.574s] -- Installing: /home/jenter/package/work/install/yhs_can_interfaces/share/yhs_can_interfaces/msg/LfWheelFb.msg
[34.574s] -- Installing: /home/jenter/package/work/install/yhs_can_interfaces/share/yhs_can_interfaces/msg/RfWheelFb.msg
[34.574s] -- Installing: /home/jenter/package/work/install/yhs_can_interfaces/share/yhs_can_interfaces/msg/RearAngleFb.msg
[34.574s] -- Installing: /home/jenter/package/work/install/yhs_can_interfaces/share/yhs_can_interfaces/msg/Ultrasonic.msg
[34.574s] -- Installing: /home/jenter/package/work/install/yhs_can_interfaces/share/yhs_can_interfaces/msg/ErrorFb.msg
[34.575s] -- Installing: /home/jenter/package/work/install/yhs_can_interfaces/share/yhs_can_interfaces/msg/MotorCmd.msg
[34.575s] -- Installing: /home/jenter/package/work/install/yhs_can_interfaces/share/yhs_can_interfaces/msg/MotorFb.msg
[34.575s] -- Installing: /home/jenter/package/work/install/yhs_can_interfaces/share/yhs_can_interfaces/msg/DriveMotorCurrentFb.msg
[34.575s] -- Installing: /home/jenter/package/work/install/yhs_can_interfaces/share/yhs_can_interfaces/msg/SteeringMotorCurrentFb.msg
[34.576s] -- Installing: /home/jenter/package/work/install/yhs_can_interfaces/share/ament_index/resource_index/package_run_dependencies/yhs_can_interfaces
[34.576s] -- Installing: /home/jenter/package/work/install/yhs_can_interfaces/share/ament_index/resource_index/parent_prefix_path/yhs_can_interfaces
[34.576s] -- Installing: /home/jenter/package/work/install/yhs_can_interfaces/share/yhs_can_interfaces/environment/ament_prefix_path.sh
[34.576s] -- Installing: /home/jenter/package/work/install/yhs_can_interfaces/share/yhs_can_interfaces/environment/ament_prefix_path.dsv
[34.577s] -- Installing: /home/jenter/package/work/install/yhs_can_interfaces/share/yhs_can_interfaces/environment/path.sh
[34.577s] -- Installing: /home/jenter/package/work/install/yhs_can_interfaces/share/yhs_can_interfaces/environment/path.dsv
[34.577s] -- Installing: /home/jenter/package/work/install/yhs_can_interfaces/share/yhs_can_interfaces/local_setup.bash
[34.577s] -- Installing: /home/jenter/package/work/install/yhs_can_interfaces/share/yhs_can_interfaces/local_setup.sh
[34.577s] -- Installing: /home/jenter/package/work/install/yhs_can_interfaces/share/yhs_can_interfaces/local_setup.zsh
[34.578s] -- Installing: /home/jenter/package/work/install/yhs_can_interfaces/share/yhs_can_interfaces/local_setup.dsv
[34.578s] -- Installing: /home/jenter/package/work/install/yhs_can_interfaces/share/yhs_can_interfaces/package.dsv
[34.578s] -- Installing: /home/jenter/package/work/install/yhs_can_interfaces/share/ament_index/resource_index/packages/yhs_can_interfaces
[34.578s] -- Installing: /home/jenter/package/work/install/yhs_can_interfaces/share/yhs_can_interfaces/cmake/export_yhs_can_interfaces__rosidl_generator_cExport.cmake
[34.579s] -- Installing: /home/jenter/package/work/install/yhs_can_interfaces/share/yhs_can_interfaces/cmake/export_yhs_can_interfaces__rosidl_generator_cExport-noconfig.cmake
[34.579s] -- Installing: /home/jenter/package/work/install/yhs_can_interfaces/share/yhs_can_interfaces/cmake/export_yhs_can_interfaces__rosidl_typesupport_fastrtps_cExport.cmake
[34.579s] -- Installing: /home/jenter/package/work/install/yhs_can_interfaces/share/yhs_can_interfaces/cmake/export_yhs_can_interfaces__rosidl_typesupport_fastrtps_cExport-noconfig.cmake
[34.579s] -- Installing: /home/jenter/package/work/install/yhs_can_interfaces/share/yhs_can_interfaces/cmake/yhs_can_interfaces__rosidl_typesupport_introspection_cExport.cmake
[34.580s] -- Installing: /home/jenter/package/work/install/yhs_can_interfaces/share/yhs_can_interfaces/cmake/yhs_can_interfaces__rosidl_typesupport_introspection_cExport-noconfig.cmake
[34.580s] -- Installing: /home/jenter/package/work/install/yhs_can_interfaces/share/yhs_can_interfaces/cmake/yhs_can_interfaces__rosidl_typesupport_cExport.cmake
[34.580s] -- Installing: /home/jenter/package/work/install/yhs_can_interfaces/share/yhs_can_interfaces/cmake/yhs_can_interfaces__rosidl_typesupport_cExport-noconfig.cmake
[34.580s] -- Installing: /home/jenter/package/work/install/yhs_can_interfaces/share/yhs_can_interfaces/cmake/export_yhs_can_interfaces__rosidl_generator_cppExport.cmake
[34.581s] -- Installing: /home/jenter/package/work/install/yhs_can_interfaces/share/yhs_can_interfaces/cmake/export_yhs_can_interfaces__rosidl_typesupport_fastrtps_cppExport.cmake
[34.581s] -- Installing: /home/jenter/package/work/install/yhs_can_interfaces/share/yhs_can_interfaces/cmake/export_yhs_can_interfaces__rosidl_typesupport_fastrtps_cppExport-noconfig.cmake
[34.581s] -- Installing: /home/jenter/package/work/install/yhs_can_interfaces/share/yhs_can_interfaces/cmake/yhs_can_interfaces__rosidl_typesupport_introspection_cppExport.cmake
[34.581s] -- Installing: /home/jenter/package/work/install/yhs_can_interfaces/share/yhs_can_interfaces/cmake/yhs_can_interfaces__rosidl_typesupport_introspection_cppExport-noconfig.cmake
[34.582s] -- Installing: /home/jenter/package/work/install/yhs_can_interfaces/share/yhs_can_interfaces/cmake/yhs_can_interfaces__rosidl_typesupport_cppExport.cmake
[34.582s] -- Installing: /home/jenter/package/work/install/yhs_can_interfaces/share/yhs_can_interfaces/cmake/yhs_can_interfaces__rosidl_typesupport_cppExport-noconfig.cmake
[34.582s] -- Installing: /home/jenter/package/work/install/yhs_can_interfaces/share/yhs_can_interfaces/cmake/export_yhs_can_interfaces__rosidl_generator_pyExport.cmake
[34.582s] -- Installing: /home/jenter/package/work/install/yhs_can_interfaces/share/yhs_can_interfaces/cmake/export_yhs_can_interfaces__rosidl_generator_pyExport-noconfig.cmake
[34.583s] -- Installing: /home/jenter/package/work/install/yhs_can_interfaces/share/yhs_can_interfaces/cmake/rosidl_cmake-extras.cmake
[34.583s] -- Installing: /home/jenter/package/work/install/yhs_can_interfaces/share/yhs_can_interfaces/cmake/ament_cmake_export_dependencies-extras.cmake
[34.583s] -- Installing: /home/jenter/package/work/install/yhs_can_interfaces/share/yhs_can_interfaces/cmake/ament_cmake_export_include_directories-extras.cmake
[34.583s] -- Installing: /home/jenter/package/work/install/yhs_can_interfaces/share/yhs_can_interfaces/cmake/ament_cmake_export_libraries-extras.cmake
[34.584s] -- Installing: /home/jenter/package/work/install/yhs_can_interfaces/share/yhs_can_interfaces/cmake/ament_cmake_export_targets-extras.cmake
[34.584s] -- Installing: /home/jenter/package/work/install/yhs_can_interfaces/share/yhs_can_interfaces/cmake/rosidl_cmake_export_typesupport_targets-extras.cmake
[34.584s] -- Installing: /home/jenter/package/work/install/yhs_can_interfaces/share/yhs_can_interfaces/cmake/rosidl_cmake_export_typesupport_libraries-extras.cmake
[34.584s] -- Installing: /home/jenter/package/work/install/yhs_can_interfaces/share/yhs_can_interfaces/cmake/yhs_can_interfacesConfig.cmake
[34.584s] -- Installing: /home/jenter/package/work/install/yhs_can_interfaces/share/yhs_can_interfaces/cmake/yhs_can_interfacesConfig-version.cmake
[34.585s] -- Installing: /home/jenter/package/work/install/yhs_can_interfaces/share/yhs_can_interfaces/package.xml
[34.588s] Invoked command in '/home/jenter/package/work/build/yhs_can_interfaces' returned '0': CMAKE_PREFIX_PATH=/opt/ros/humble /usr/bin/cmake --install /home/jenter/package/work/build/yhs_can_interfaces
